participant,condition,engine,trial_index,audio_identifier,speaker,voice_type,mos_rating,rt_ms
P01,B,old,5,04 segundos brba-23-syntacc-295Ksteps F-n-20db,brba-23,synthetic,1,13918.0
P01,B,old,6,09 segundos brmg-29-gt M-n-20db,brmg-29,natural,5,10960.0
P01,B,old,7,05 segundos brpr-14-gt F-n-20db,brpr-14,natural,5,7901.0
P01,B,old,8,06 segundos brpr-19-gt F-n-20db,brpr-19,natural,5,10859.0
P01,B,old,9,07 segundos brpr-20-gt F-n-20db,brpr-20,natural,5,8542.0
P01,B,old,10,10 segundos brpe-22-gt M-n-20db,brpe-22,natural,4,12399.0
P01,B,old,11,03 segundos brrs-23-syntacc-295Ksteps F-n-20db,brrs-23,synthetic,2,7279.0
P01,B,old,12,05 segundos brpr-15-gt F-n-20db,brpr-15,natural,5,12026.0
P01,B,old,13,05 segundos brpr-22-syntacc-295Ksteps F-n-20db,brpr-22,synthetic,3,6876.0
P01,B,old,14,03 segundos bral-26-syntacc-295Ksteps M-n-20db,bral-26,synthetic,2,15605.0
P01,B,old,15,08 segundos brce-20-gt M-n-20db,brce-20,natural,4,11081.0
P01,B,old,16,03 segundos brrs-25-syntacc-295Ksteps M-n-20db,brrs-25,synthetic,3,7427.0
P01,B,old,17,06 segundos brpr-13-gt F-n-20db,brpr-13,natural,5,11255.0
P01,B,old,18,03 segundos brrs-16-syntacc-295Ksteps F-n-20db,brrs-16,synthetic,2,7048.0
P01,B,old,19,10 segundos brce-29-gt M-n-20db,brce-29,natural,4,23216.0
P01,B,old,20,03 segundos brrs-20-syntacc-295Ksteps F-n-20db,brrs-20,synthetic,3,6986.0
P01,B,old,21,02 segundos brsp-24-syntacc-295Ksteps M-n-20db,brsp-24,synthetic,1,5116.0
P01,B,old,22,04 segundos bral-22-syntacc-295Ksteps M-n-20db,bral-22,synthetic,1,8767.0
P01,B,old,23,02 segundos brsp-11-syntacc-295Ksteps M-n-20db,brsp-11,synthetic,2,6275.0
P01,B,old,24,11 segundos brpe-20-gt M-n-20db,brpe-20,natural,5,27252.0
P01,B,old,25,03 segundos brpr-18-syntacc-295Ksteps F-n-20db,brpr-18,synthetic,2,9206.0
P01,B,old,26,03 segundos bral-20-syntacc-295Ksteps M-n-20db,bral-20,synthetic,3,7138.0
P01,B,old,27,08 segundos brpr-28-gt F-n-20db,brpr-28,natural,5,16731.0
P01,B,old,28,13 segundos brpb-20-gt M-n-20db,brpb-20,natural,4,16223.0
P01,B,old,29,02 segundos brce-26-syntacc-295Ksteps M-n-20db,brce-26,synthetic,2,4995.0
P01,B,old,30,05 segundos brpr-10-gt F-n-20db,brpr-10,natural,5,6867.0
P01,B,old,31,12 segundos brpb-28-gt M-n-20db,brpb-28,natural,5,16277.0
P01,B,old,32,06 segundos brmg-26-gt M-n-20db,brmg-26,natural,3,7796.0
P01,B,old,33,03 segundos brsp-10-syntacc-295Ksteps M-n-20db,brsp-10,synthetic,1,4670.0
P01,B,old,34,02 segundos brsp-13-syntacc-295Ksteps F-n-20db,brsp-13,synthetic,1,7399.0
P01,B,old,35,08 segundos brrj-26-gt M-n-20db,brrj-26,natural,4,23305.0
P01,B,old,36,08 segundos brrs-29-gt F-n-20db,brrs-29,natural,5,11916.0
P01,B,old,37,06 segundos brsp-25-gt M-n-20db,brsp-25,natural,4,18114.0
P01,B,old,38,03 segundos brpe-26-syntacc-295Ksteps M-n-20db,brpe-26,synthetic,2,13150.0
P01,B,old,39,03 segundos bral-23-syntacc-295Ksteps M-n-20db,bral-23,synthetic,1,5667.0
P01,B,old,40,03 segundos brpe-29-syntacc-295Ksteps M-n-20db,brpe-29,synthetic,1,5686.0
P01,B,old,41,03 segundos brba-21-syntacc-295Ksteps M-n-20db,brba-21,synthetic,2,6430.0
P01,B,old,42,03 segundos brsp-28-syntacc-295Ksteps F-n-20db,brsp-28,synthetic,2,13177.0
P01,B,old,43,03 segundos brrs-18-syntacc-295Ksteps F-n-20db,brrs-18,synthetic,3,5988.0
P01,B,old,44,10 segundos brgo-28-gt M-n-20db,brgo-28,natural,5,11971.0
P01,B,old,45,10 segundos brpr-29-gt F-n-20db,brpr-29,natural,5,12957.0
P01,B,old,46,03 segundos brrs-14-syntacc-295Ksteps F-n-20db,brrs-14,synthetic,2,6317.0
P01,B,old,47,02 segundos brsp-22-syntacc-295Ksteps M-n-20db,brsp-22,synthetic,2,10498.0
P01,B,old,48,07 segundos brpr-27-gt F-n-20db,brpr-27,natural,5,11326.0
P01,B,old,49,03 segundos brrs-28-syntacc-295Ksteps M-n-20db,brrs-28,synthetic,2,9363.0
P01,B,old,50,09 segundos brpr-24-gt F-n-20db,brpr-24,natural,5,12648.0
P01,B,old,51,03 segundos brpb-22-syntacc-295Ksteps M-n-20db,brpb-22,synthetic,2,8475.0
P01,B,old,52,03 segundos brba-24-syntacc-295Ksteps M-n-20db,brba-24,synthetic,2,7352.0
P01,B,old,53,07 segundos brmg-22-gt F-n-20db,brmg-22,natural,5,8774.0
P01,B,old,54,06 segundos bral-24-gt M-n-20db,bral-24,natural,5,8546.0
P01,B,old,55,02 segundos brrs-10-syntacc-295Ksteps F-n-20db,brrs-10,synthetic,3,5301.0
P01,B,old,56,04 segundos brsp-29-syntacc-295Ksteps M-n-20db,brsp-29,synthetic,1,8062.0
P01,B,old,57,17 segundos brrs-21-gt F-n-20db,brrs-21,natural,4,21748.0
P01,B,old,58,05 segundos brrs-26-syntacc-295Ksteps F-n-20db,brrs-26,synthetic,1,9715.0
P01,B,old,59,11 segundos brpr-25-gt F-n-20db,brpr-25,natural,5,14554.0
P01,B,old,60,14 segundos brrs-24-gt M-n-20db,brrs-24,natural,4,16380.0
P01,B,old,61,07 segundos brce-22-gt M-n-20db,brce-22,natural,3,11998.0
P01,B,old,62,12 segundos brpr-21-gt F-n-20db,brpr-21,natural,5,13695.0
P01,B,old,63,09 segundos brba-22-gt M-n-20db,brba-22,natural,4,24444.0
P01,B,old,64,03 segundos brpe-28-syntacc-295Ksteps M-n-20db,brpe-28,synthetic,2,7869.0
P02,B,new,1,02 segundos brce-26-syntacc-295Ksteps M-n-20db,brce-26,synthetic,2,6590.3
P02,B,new,2,02 segundos brrs-10-syntacc-295Ksteps F-n-20db,brrs-10,synthetic,2,11420.5
P02,B,new,3,02 segundos brsp-11-syntacc-295Ksteps M-n-20db,brsp-11,synthetic,1,9559.1
P02,B,new,4,02 segundos brsp-13-syntacc-295Ksteps F-n-20db,brsp-13,synthetic,1,4751.6
P02,B,new,5,02 segundos brsp-22-syntacc-295Ksteps M-n-20db,brsp-22,synthetic,1,6834.7
P02,B,new,6,02 segundos brsp-24-syntacc-295Ksteps M-n-20db,brsp-24,synthetic,1,6269.1
P02,B,new,7,03 segundos bral-20-syntacc-295Ksteps M-n-20db,bral-20,synthetic,2,6469.4
P02,B,new,8,03 segundos bral-23-syntacc-295Ksteps M-n-20db,bral-23,synthetic,1,5240.2
P02,B,new,9,03 segundos bral-26-syntacc-295Ksteps M-n-20db,bral-26,synthetic,1,6914.4
P02,B,new,10,03 segundos brba-21-syntacc-295Ksteps M-n-20db,brba-21,synthetic,2,6468.4
P02,B,new,11,03 segundos brba-24-syntacc-295Ksteps M-n-20db,brba-24,synthetic,2,5915.4
P02,B,new,12,03 segundos brpb-22-syntacc-295Ksteps M-n-20db,brpb-22,synthetic,3,13577.1
P02,B,new,13,03 segundos brpe-26-syntacc-295Ksteps M-n-20db,brpe-26,synthetic,2,10450.4
P02,B,new,14,03 segundos brpe-28-syntacc-295Ksteps M-n-20db,brpe-28,synthetic,1,7832.0
P02,B,new,15,03 segundos brpe-29-syntacc-295Ksteps M-n-20db,brpe-29,synthetic,1,6681.5
P02,B,new,16,03 segundos brpr-18-syntacc-295Ksteps F-n-20db,brpr-18,synthetic,2,5617.1
P02,B,new,17,03 segundos brrs-14-syntacc-295Ksteps F-n-20db,brrs-14,synthetic,2,16486.0
P02,B,new,18,03 segundos brrs-16-syntacc-295Ksteps F-n-20db,brrs-16,synthetic,2,5572.8
P02,B,new,19,03 segundos brrs-18-syntacc-295Ksteps F-n-20db,brrs-18,synthetic,2,7066.3
P02,B,new,20,03 segundos brrs-20-syntacc-295Ksteps F-n-20db,brrs-20,synthetic,2,9624.7
P02,B,new,21,03 segundos brrs-23-syntacc-295Ksteps F-n-20db,brrs-23,synthetic,2,7226.4
P02,B,new,22,03 segundos brrs-25-syntacc-295Ksteps M-n-20db,brrs-25,synthetic,2,7985.0
P02,B,new,23,03 segundos brrs-28-syntacc-295Ksteps M-n-20db,brrs-28,synthetic,2,10346.3
P02,B,new,24,03 segundos brsp-10-syntacc-295Ksteps M-n-20db,brsp-10,synthetic,2,25204.7
P02,B,new,25,03 segundos brsp-28-syntacc-295Ksteps F-n-20db,brsp-28,synthetic,1,6187.2
P02,B,new,26,04 segundos bral-22-syntacc-295Ksteps M-n-20db,bral-22,synthetic,1,6574.6
P02,B,new,27,04 segundos brba-23-syntacc-295Ksteps F-n-20db,brba-23,synthetic,1,6155.8
P02,B,new,28,04 segundos brsp-29-syntacc-295Ksteps M-n-20db,brsp-29,synthetic,1,6535.5
P02,B,new,29,05 segundos brpr-10-gt F-n-20db,brpr-10,natural,5,7761.7
P02,B,new,30,05 segundos brpr-14-gt F-n-20db,brpr-14,natural,4,7593.6
P02,B,new,31,05 segundos brpr-15-gt F-n-20db,brpr-15,natural,4,9619.5
P02,B,new,32,05 segundos brpr-22-syntacc-295Ksteps F-n-20db,brpr-22,synthetic,1,8757.9
P02,B,new,33,05 segundos brrs-26-syntacc-295Ksteps F-n-20db,brrs-26,synthetic,2,10369.8
P02,B,new,34,06 segundos bral-24-gt M-n-20db,bral-24,natural,4,10857.7
P02,B,new,35,06 segundos brmg-26-gt M-n-20db,brmg-26,natural,5,7874.6
P02,B,new,36,06 segundos brpr-13-gt F-n-20db,brpr-13,natural,5,8895.7
P02,B,new,37,06 segundos brpr-19-gt F-n-20db,brpr-19,natural,4,11157.4
P02,B,new,38,06 segundos brsp-25-gt M-n-20db,brsp-25,natural,3,29622.1
P02,B,new,39,07 segundos brce-22-gt M-n-20db,brce-22,natural,3,18325.8
P02,B,new,40,07 segundos brmg-22-gt F-n-20db,brmg-22,natural,4,12317.0
P02,B,new,41,07 segundos brpr-20-gt F-n-20db,brpr-20,natural,5,9568.8
P02,B,new,42,07 segundos brpr-27-gt F-n-20db,brpr-27,natural,5,8593.8
P02,B,new,43,08 segundos brce-20-gt M-n-20db,brce-20,natural,3,13703.3
P02,B,new,44,08 segundos brpr-28-gt F-n-20db,brpr-28,natural,5,11249.2
P02,B,new,45,08 segundos brrj-26-gt M-n-20db,brrj-26,natural,5,13627.8
P02,B,new,46,08 segundos brrs-29-gt F-n-20db,brrs-29,natural,4,14729.7
P02,B,new,47,09 segundos brba-22-gt M-n-20db,brba-22,natural,5,11510.6
P02,B,new,48,09 segundos brmg-29-gt M-n-20db,brmg-29,natural,5,11280.2
P02,B,new,49,09 segundos brpr-24-gt F-n-20db,brpr-24,natural,4,12119.6
P02,B,new,50,10 segundos brce-29-gt M-n-20db,brce-29,natural,3,16004.1
P02,B,new,51,10 segundos brgo-28-gt M-n-20db,brgo-28,natural,5,12269.6
P02,B,new,52,10 segundos brpe-22-gt M-n-20db,brpe-22,natural,4,14579.8
P02,B,new,53,10 segundos brpr-29-gt F-n-20db,brpr-29,natural,5,12186.9
P02,B,new,54,11 segundos brpe-20-gt M-n-20db,brpe-20,natural,5,13481.8
P02,B,new,55,11 segundos brpr-25-gt F-n-20db,brpr-25,natural,5,17949.1
P02,B,new,56,12 segundos brpb-28-gt M-n-20db,brpb-28,natural,5,14423.1
P02,B,new,57,12 segundos brpr-21-gt F-n-20db,brpr-21,natural,5,14293.5
P02,B,new,58,13 segundos brpb-20-gt M-n-20db,brpb-20,natural,5,15715.7
P02,B,new,59,14 segundos brrs-24-gt M-n-20db,brrs-24,natural,5,16078.0
P02,B,new,60,17 segundos brrs-21-gt F-n-20db,brrs-21,natural,4,19783.0
P03,B,new,1,02 segundos brce-26-syntacc-295Ksteps M-n-20db,brce-26,synthetic,2,7423.0
P03,B,new,2,02 segundos brrs-10-syntacc-295Ksteps F-n-20db,brrs-10,synthetic,3,4963.9
P03,B,new,3,02 segundos brsp-11-syntacc-295Ksteps M-n-20db,brsp-11,synthetic,2,5033.6
P03,B,new,4,02 segundos brsp-13-syntacc-295Ksteps F-n-20db,brsp-13,synthetic,3,4200.7
P03,B,new,5,02 segundos brsp-22-syntacc-295Ksteps M-n-20db,brsp-22,synthetic,3,5560.1
P03,B,new,6,02 segundos brsp-24-syntacc-295Ksteps M-n-20db,brsp-24,synthetic,1,4613.7
P03,B,new,7,03 segundos bral-20-syntacc-295Ksteps M-n-20db,bral-20,synthetic,5,5684.8
P03,B,new,8,03 segundos bral-23-syntacc-295Ksteps M-n-20db,bral-23,synthetic,1,5332.8
P03,B,new,9,03 segundos bral-26-syntacc-295Ksteps M-n-20db,bral-26,synthetic,2,6431.2
P03,B,new,10,03 segundos brba-21-syntacc-295Ksteps M-n-20db,brba-21,synthetic,2,5767.7
P03,B,new,11,03 segundos brba-24-syntacc-295Ksteps M-n-20db,brba-24,synthetic,3,5338.6
P03,B,new,12,03 segundos brpb-22-syntacc-295Ksteps M-n-20db,brpb-22,synthetic,4,7914.2
P03,B,new,13,03 segundos brpe-26-syntacc-295Ksteps M-n-20db,brpe-26,synthetic,3,6949.2
P03,B,new,14,03 segundos brpe-28-syntacc-295Ksteps M-n-20db,brpe-28,synthetic,3,5573.1
P03,B,new,15,03 segundos brpe-29-syntacc-295Ksteps M-n-20db,brpe-29,synthetic,3,33725.8
P03,B,new,16,03 segundos brpr-18-syntacc-295Ksteps F-n-20db,brpr-18,synthetic,3,5289.9
P03,B,new,17,03 segundos brrs-14-syntacc-295Ksteps F-n-20db,brrs-14,synthetic,4,5043.1
P03,B,new,18,03 segundos brrs-16-syntacc-295Ksteps F-n-20db,brrs-16,synthetic,3,9204.6
P03,B,new,19,03 segundos brrs-18-syntacc-295Ksteps F-n-20db,brrs-18,synthetic,3,6865.4
P03,B,new,20,03 segundos brrs-20-syntacc-295Ksteps F-n-20db,brrs-20,synthetic,3,4883.3
P03,B,new,21,03 segundos brrs-23-syntacc-295Ksteps F-n-20db,brrs-23,synthetic,4,7182.7
P03,B,new,22,03 segundos brrs-25-syntacc-295Ksteps M-n-20db,brrs-25,synthetic,3,5366.3
P03,B,new,23,03 segundos brrs-28-syntacc-295Ksteps M-n-20db,brrs-28,synthetic,3,5398.5
P03,B,new,24,03 segundos brsp-10-syntacc-295Ksteps M-n-20db,brsp-10,synthetic,3,5974.8
P03,B,new,25,03 segundos brsp-28-syntacc-295Ksteps F-n-20db,brsp-28,synthetic,3,5254.7
P03,B,new,26,04 segundos bral-22-syntacc-295Ksteps M-n-20db,bral-22,synthetic,1,6080.3
P03,B,new,27,04 segundos brba-23-syntacc-295Ksteps F-n-20db,brba-23,synthetic,3,5879.4
P03,B,new,28,04 segundos brsp-29-syntacc-295Ksteps M-n-20db,brsp-29,synthetic,2,8657.2
P03,B,new,29,05 segundos brpr-10-gt F-n-20db,brpr-10,natural,5,7283.2
P03,B,new,30,05 segundos brpr-14-gt F-n-20db,brpr-14,natural,4,7208.5
P03,B,new,31,05 segundos brpr-15-gt F-n-20db,brpr-15,natural,3,8884.1
P03,B,new,32,05 segundos brpr-22-syntacc-295Ksteps F-n-20db,brpr-22,synthetic,3,6598.4
P03,B,new,33,05 segundos brrs-26-syntacc-295Ksteps F-n-20db,brrs-26,synthetic,1,8037.9
P03,B,new,34,06 segundos bral-24-gt M-n-20db,bral-24,natural,5,7903.7
P03,B,new,35,06 segundos brmg-26-gt M-n-20db,brmg-26,natural,5,7565.8
P03,B,new,36,06 segundos brpr-13-gt F-n-20db,brpr-13,natural,5,8411.5
P03,B,new,37,06 segundos brpr-19-gt F-n-20db,brpr-19,natural,5,7714.3
P03,B,new,38,06 segundos brsp-25-gt M-n-20db,brsp-25,natural,4,9521.1
P03,B,new,39,07 segundos brce-22-gt M-n-20db,brce-22,natural,5,8932.8
P03,B,new,40,07 segundos brmg-22-gt F-n-20db,brmg-22,natural,5,8497.1
P03,B,new,41,07 segundos brpr-20-gt F-n-20db,brpr-20,natural,5,8420.5
P03,B,new,42,07 segundos brpr-27-gt F-n-20db,brpr-27,natural,4,8449.8
P03,B,new,43,08 segundos brce-20-gt M-n-20db,brce-20,natural,5,10420.3
P03,B,new,44,08 segundos brpr-28-gt F-n-20db,brpr-28,natural,5,10318.0
P03,B,new,45,08 segundos brrj-26-gt M-n-20db,brrj-26,natural,5,10320.1
P03,B,new,46,08 segundos brrs-29-gt F-n-20db,brrs-29,natural,5,18687.0
P03,B,new,47,09 segundos brba-22-gt M-n-20db,brba-22,natural,5,11118.5
P03,B,new,48,09 segundos brmg-29-gt M-n-20db,brmg-29,natural,5,14065.3
P03,B,new,49,09 segundos brpr-24-gt F-n-20db,brpr-24,natural,5,11132.9
P03,B,new,50,10 segundos brce-29-gt M-n-20db,brce-29,natural,5,13548.5
P03,B,new,51,10 segundos brgo-28-gt M-n-20db,brgo-28,natural,4,11550.0
P03,B,new,52,10 segundos brpe-22-gt M-n-20db,brpe-22,natural,5,12098.6
P03,B,new,53,10 segundos brpr-29-gt F-n-20db,brpr-29,natural,5,12898.7
P03,B,new,54,11 segundos brpe-20-gt M-n-20db,brpe-20,natural,5,15363.4
P03,B,new,55,11 segundos brpr-25-gt F-n-20db,brpr-25,natural,5,15099.9
P03,B,new,56,12 segundos brpb-28-gt M-n-20db,brpb-28,natural,5,14382.0
P03,B,new,57,12 segundos brpr-21-gt F-n-20db,brpr-21,natural,5,14291.5
P03,B,new,58,13 segundos brpb-20-gt M-n-20db,brpb-20,natural,5,15376.7
P03,B,new,59,14 segundos brrs-24-gt M-n-20db,brrs-24,natural,5,16155.0
P03,B,new,60,17 segundos brrs-21-gt F-n-20db,brrs-21,natural,5,18724.6
P04,B,new,1,02 segundos brce-26-syntacc-295Ksteps M-n-20db,brce-26,synthetic,5,7245.0
P04,B,new,2,02 segundos brrs-10-syntacc-295Ksteps F-n-20db,brrs-10,synthetic,5,4727.0
P04,B,new,3,02 segundos brsp-11-syntacc-295Ksteps M-n-20db,brsp-11,synthetic,3,6306.0
P04,B,new,4,02 segundos brsp-13-syntacc-295Ksteps F-n-20db,brsp-13,synthetic,3,5356.0
P04,B,new,5,02 segundos brsp-22-syntacc-295Ksteps M-n-20db,brsp-22,synthetic,1,8086.0
P04,B,new,6,02 segundos brsp-24-syntacc-295Ksteps M-n-20db,brsp-24,synthetic,1,4127.0
P04,B,new,7,03 segundos bral-20-syntacc-295Ksteps M-n-20db,bral-20,synthetic,5,5273.0
P04,B,new,8,03 segundos bral-23-syntacc-295Ksteps M-n-20db,bral-23,synthetic,2,5625.0
P04,B,new,9,03 segundos bral-26-syntacc-295Ksteps M-n-20db,bral-26,synthetic,2,11067.0
P04,B,new,10,03 segundos brba-21-syntacc-295Ksteps M-n-20db,brba-21,synthetic,1,5617.0
P04,B,new,11,03 segundos brba-24-syntacc-295Ksteps M-n-20db,brba-24,synthetic,3,9009.0
P04,B,new,12,03 segundos brpb-22-syntacc-295Ksteps M-n-20db,brpb-22,synthetic,4,5760.0
P04,B,new,13,03 segundos brpe-26-syntacc-295Ksteps M-n-20db,brpe-26,synthetic,4,5254.0
P04,B,new,14,03 segundos brpe-28-syntacc-295Ksteps M-n-20db,brpe-28,synthetic,3,5708.0
P04,B,new,15,03 segundos brpe-29-syntacc-295Ksteps M-n-20db,brpe-29,synthetic,2,5567.0
P04,B,new,16,03 segundos brpr-18-syntacc-295Ksteps F-n-20db,brpr-18,synthetic,5,5586.0
P04,B,new,17,03 segundos brrs-14-syntacc-295Ksteps F-n-20db,brrs-14,synthetic,4,12496.0
P04,B,new,18,03 segundos brrs-16-syntacc-295Ksteps F-n-20db,brrs-16,synthetic,4,6591.0
P04,B,new,19,03 segundos brrs-18-syntacc-295Ksteps F-n-20db,brrs-18,synthetic,3,7272.0
P04,B,new,20,03 segundos brrs-20-syntacc-295Ksteps F-n-20db,brrs-20,synthetic,3,9200.0
P04,B,new,21,03 segundos brrs-23-syntacc-295Ksteps F-n-20db,brrs-23,synthetic,2,5312.0
P04,B,new,22,03 segundos brrs-25-syntacc-295Ksteps M-n-20db,brrs-25,synthetic,5,4712.0
P04,B,new,23,03 segundos brrs-28-syntacc-295Ksteps M-n-20db,brrs-28,synthetic,2,6920.0
P04,B,new,24,03 segundos brsp-10-syntacc-295Ksteps M-n-20db,brsp-10,synthetic,4,6532.0
P04,B,new,25,03 segundos brsp-28-syntacc-295Ksteps F-n-20db,brsp-28,synthetic,4,6792.0
P04,B,new,26,04 segundos bral-22-syntacc-295Ksteps M-n-20db,bral-22,synthetic,3,14927.0
P04,B,new,27,04 segundos brba-23-syntacc-295Ksteps F-n-20db,brba-23,synthetic,1,5207.0
P04,B,new,28,04 segundos brsp-29-syntacc-295Ksteps M-n-20db,brsp-29,synthetic,1,6168.0
P04,B,new,29,05 segundos brpr-10-gt F-n-20db,brpr-10,natural,5,8430.0
P04,B,new,30,05 segundos brpr-14-gt F-n-20db,brpr-14,natural,5,8777.0
P04,B,new,31,05 segundos brpr-15-gt F-n-20db,brpr-15,natural,5,6880.0
P04,B,new,32,05 segundos brpr-22-syntacc-295Ksteps F-n-20db,brpr-22,synthetic,4,8266.0
P04,B,new,33,05 segundos brrs-26-syntacc-295Ksteps F-n-20db,brrs-26,synthetic,2,7248.0
P04,B,new,34,06 segundos bral-24-gt M-n-20db,bral-24,natural,5,8200.0
P04,B,new,35,06 segundos brmg-26-gt M-n-20db,brmg-26,natural,5,7850.0
P04,B,new,36,06 segundos brpr-13-gt F-n-20db,brpr-13,natural,5,11155.0
P04,B,new,37,06 segundos brpr-19-gt F-n-20db,brpr-19,natural,5,7325.0
P04,B,new,38,06 segundos brsp-25-gt M-n-20db,brsp-25,natural,5,7933.0
P04,B,new,39,07 segundos brce-22-gt M-n-20db,brce-22,natural,5,8201.0
P04,B,new,40,07 segundos brmg-22-gt F-n-20db,brmg-22,natural,5,10449.0
P04,B,new,41,07 segundos brpr-20-gt F-n-20db,brpr-20,natural,5,9975.0
P04,B,new,42,07 segundos brpr-27-gt F-n-20db,brpr-27,natural,5,8551.0
P04,B,new,43,08 segundos brce-20-gt M-n-20db,brce-20,natural,5,10236.0
P04,B,new,44,08 segundos brpr-28-gt F-n-20db,brpr-28,natural,5,11627.0
P04,B,new,45,08 segundos brrj-26-gt M-n-20db,brrj-26,natural,5,9969.0
P04,B,new,46,08 segundos brrs-29-gt F-n-20db,brrs-29,natural,5,9990.0
P04,B,new,47,09 segundos brba-22-gt M-n-20db,brba-22,natural,5,11164.0
P04,B,new,48,09 segundos brmg-29-gt M-n-20db,brmg-29,natural,5,10337.0
P04,B,new,49,09 segundos brpr-24-gt F-n-20db,brpr-24,natural,5,12151.0
P04,B,new,50,10 segundos brce-29-gt M-n-20db,brce-29,natural,5,11874.0
P04,B,new,51,10 segundos brgo-28-gt M-n-20db,brgo-28,natural,5,11303.0
P04,B,new,52,10 segundos brpe-22-gt M-n-20db,brpe-22,natural,5,11791.0
P04,B,new,53,10 segundos brpr-29-gt F-n-20db,brpr-29,natural,5,11799.0
P04,B,new,54,11 segundos brpe-20-gt M-n-20db,brpe-20,natural,5,12493.0
P04,B,new,55,11 segundos brpr-25-gt F-n-20db,brpr-25,natural,4,13417.0
P04,B,new,56,12 segundos brpb-28-gt M-n-20db,brpb-28,natural,5,14477.0
P04,B,new,57,12 segundos brpr-21-gt F-n-20db,brpr-21,natural,5,13944.0
P04,B,new,58,13 segundos brpb-20-gt M-n-20db,brpb-20,natural,5,14869.0
P04,B,new,59,14 segundos brrs-24-gt M-n-20db,brrs-24,natural,5,17039.0
P04,B,new,60,17 segundos brrs-21-gt F-n-20db,brrs-21,natural,5,19767.0
P05,B,new,1,02 segundos brce-26-syntacc-295Ksteps M-n-20db,brce-26,synthetic,2,5312.0
P05,B,new,2,02 segundos brrs-10-syntacc-295Ksteps F-n-20db,brrs-10,synthetic,2,8657.0
P05,B,new,3,02 segundos brsp-11-syntacc-295Ksteps M-n-20db,brsp-11,synthetic,1,4895.0
P05,B,new,4,02 segundos brsp-13-syntacc-295Ksteps F-n-20db,brsp-13,synthetic,1,9257.0
P05,B,new,5,02 segundos brsp-22-syntacc-295Ksteps M-n-20db,brsp-22,synthetic,2,6607.0
P05,B,new,6,02 segundos brsp-24-syntacc-295Ksteps M-n-20db,brsp-24,synthetic,1,4711.0
P05,B,new,7,03 segundos bral-20-syntacc-295Ksteps M-n-20db,bral-20,synthetic,4,11560.0
P05,B,new,8,03 segundos bral-23-syntacc-295Ksteps M-n-20db,bral-23,synthetic,1,5603.0
P05,B,new,9,03 segundos bral-26-syntacc-295Ksteps M-n-20db,bral-26,synthetic,1,5744.0
P05,B,new,10,03 segundos brba-21-syntacc-295Ksteps M-n-20db,brba-21,synthetic,1,5299.0
P05,B,new,11,03 segundos brba-24-syntacc-295Ksteps M-n-20db,brba-24,synthetic,1,5531.0
P05,B,new,12,03 segundos brpb-22-syntacc-295Ksteps M-n-20db,brpb-22,synthetic,1,10796.0
P05,B,new,13,03 segundos brpe-26-syntacc-295Ksteps M-n-20db,brpe-26,synthetic,1,5376.0
P05,B,new,14,03 segundos brpe-28-syntacc-295Ksteps M-n-20db,brpe-28,synthetic,1,7649.0
P05,B,new,15,03 segundos brpe-29-syntacc-295Ksteps M-n-20db,brpe-29,synthetic,1,6454.0
P05,B,new,16,03 segundos brpr-18-syntacc-295Ksteps F-n-20db,brpr-18,synthetic,2,6534.0
P05,B,new,17,03 segundos brrs-14-syntacc-295Ksteps F-n-20db,brrs-14,synthetic,2,6228.0
P05,B,new,18,03 segundos brrs-16-syntacc-295Ksteps F-n-20db,brrs-16,synthetic,1,8033.0
P05,B,new,19,03 segundos brrs-18-syntacc-295Ksteps F-n-20db,brrs-18,synthetic,2,5485.0
P05,B,new,20,03 segundos brrs-20-syntacc-295Ksteps F-n-20db,brrs-20,synthetic,1,8826.0
P05,B,new,21,03 segundos brrs-23-syntacc-295Ksteps F-n-20db,brrs-23,synthetic,1,5915.0
P05,B,new,22,03 segundos brrs-25-syntacc-295Ksteps M-n-20db,brrs-25,synthetic,1,5443.0
P05,B,new,23,03 segundos brrs-28-syntacc-295Ksteps M-n-20db,brrs-28,synthetic,2,5705.0
P05,B,new,24,03 segundos brsp-10-syntacc-295Ksteps M-n-20db,brsp-10,synthetic,1,5180.0
P05,B,new,25,03 segundos brsp-28-syntacc-295Ksteps F-n-20db,brsp-28,synthetic,2,6105.0
P05,B,new,26,04 segundos bral-22-syntacc-295Ksteps M-n-20db,bral-22,synthetic,1,8266.0
P05,B,new,27,04 segundos brba-23-syntacc-295Ksteps F-n-20db,brba-23,synthetic,1,7195.0
P05,B,new,28,04 segundos brsp-29-syntacc-295Ksteps M-n-20db,brsp-29,synthetic,1,6115.0
P05,B,new,29,05 segundos brpr-10-gt F-n-20db,brpr-10,natural,4,9895.0
P05,B,new,30,05 segundos brpr-14-gt F-n-20db,brpr-14,natural,5,7901.0
P05,B,new,31,05 segundos brpr-15-gt F-n-20db,brpr-15,natural,5,9243.0
P05,B,new,32,05 segundos brpr-22-syntacc-295Ksteps F-n-20db,brpr-22,synthetic,4,15539.0
P05,B,new,33,05 segundos brrs-26-syntacc-295Ksteps F-n-20db,brrs-26,synthetic,1,11055.0
P05,B,new,34,06 segundos bral-24-gt M-n-20db,bral-24,natural,5,8542.0
P05,B,new,35,06 segundos brmg-26-gt M-n-20db,brmg-26,natural,5,9476.0
P05,B,new,36,06 segundos brpr-13-gt F-n-20db,brpr-13,natural,5,8953.0
P05,B,new,37,06 segundos brpr-19-gt F-n-20db,brpr-19,natural,5,9357.0
P05,B,new,38,06 segundos brsp-25-gt M-n-20db,brsp-25,natural,4,9997.0
P05,B,new,39,07 segundos brce-22-gt M-n-20db,brce-22,natural,4,9492.0
P05,B,new,40,07 segundos brmg-22-gt F-n-20db,brmg-22,natural,5,25679.0
P05,B,new,41,07 segundos brpr-20-gt F-n-20db,brpr-20,natural,5,20035.0
P05,B,new,42,07 segundos brpr-27-gt F-n-20db,brpr-27,natural,5,10078.0
P05,B,new,43,08 segundos brce-20-gt M-n-20db,brce-20,natural,5,10472.0
P05,B,new,44,08 segundos brpr-28-gt F-n-20db,brpr-28,natural,5,10863.0
P05,B,new,45,08 segundos brrj-26-gt M-n-20db,brrj-26,natural,4,12301.0
P05,B,new,46,08 segundos brrs-29-gt F-n-20db,brrs-29,natural,5,10476.0
P05,B,new,47,09 segundos brba-22-gt M-n-20db,brba-22,natural,4,12841.0
P05,B,new,48,09 segundos brmg-29-gt M-n-20db,brmg-29,natural,5,11958.0
P05,B,new,49,09 segundos brpr-24-gt F-n-20db,brpr-24,natural,5,11411.0
P05,B,new,50,10 segundos brce-29-gt M-n-20db,brce-29,natural,4,12830.0
P05,B,new,51,10 segundos brgo-28-gt M-n-20db,brgo-28,natural,5,12898.0
P05,B,new,52,10 segundos brpe-22-gt M-n-20db,brpe-22,natural,5,12002.0
P05,B,new,53,10 segundos brpr-29-gt F-n-20db,brpr-29,natural,5,28796.0
P05,B,new,54,11 segundos brpe-20-gt M-n-20db,brpe-20,natural,5,15391.0
P05,B,new,55,11 segundos brpr-25-gt F-n-20db,brpr-25,natural,5,13631.0
P05,B,new,56,12 segundos brpb-28-gt M-n-20db,brpb-28,natural,5,16777.0
P05,B,new,57,12 segundos brpr-21-gt F-n-20db,brpr-21,natural,5,14505.0
P05,B,new,58,13 segundos brpb-20-gt M-n-20db,brpb-20,natural,5,15671.0
P05,B,new,59,14 segundos brrs-24-gt M-n-20db,brrs-24,natural,5,16587.0
P05,B,new,60,17 segundos brrs-21-gt F-n-20db,brrs-21,natural,5,18860.0
P06,B,new,1,02 segundos brce-26-syntacc-295Ksteps M-n-20db,brce-26,synthetic,2,11333.7
P06,B,new,2,02 segundos brrs-10-syntacc-295Ksteps F-n-20db,brrs-10,synthetic,2,23453.9
P06,B,new,3,02 segundos brsp-11-syntacc-295Ksteps M-n-20db,brsp-11,synthetic,2,23976.7
P06,B,new,4,02 segundos brsp-13-syntacc-295Ksteps F-n-20db,brsp-13,synthetic,4,14236.0
P06,B,new,5,02 segundos brsp-22-syntacc-295Ksteps M-n-20db,brsp-22,synthetic,2,9982.7
P06,B,new,6,02 segundos brsp-24-syntacc-295Ksteps M-n-20db,brsp-24,synthetic,2,11918.0
P06,B,new,7,03 segundos bral-20-syntacc-295Ksteps M-n-20db,bral-20,synthetic,3,13054.0
P06,B,new,8,03 segundos bral-23-syntacc-295Ksteps M-n-20db,bral-23,synthetic,1,20236.0
P06,B,new,9,03 segundos bral-26-syntacc-295Ksteps M-n-20db,bral-26,synthetic,1,21964.4
P06,B,new,10,03 segundos brba-21-syntacc-295Ksteps M-n-20db,brba-21,synthetic,2,29114.3
P06,B,new,11,03 segundos brba-24-syntacc-295Ksteps M-n-20db,brba-24,synthetic,2,15229.3
P06,B,new,12,03 segundos brpb-22-syntacc-295Ksteps M-n-20db,brpb-22,synthetic,3,12098.9
P06,B,new,13,03 segundos brpe-26-syntacc-295Ksteps M-n-20db,brpe-26,synthetic,4,14516.0
P06,B,new,14,03 segundos brpe-28-syntacc-295Ksteps M-n-20db,brpe-28,synthetic,1,13193.5
P06,B,new,15,03 segundos brpe-29-syntacc-295Ksteps M-n-20db,brpe-29,synthetic,2,16241.8
P06,B,new,16,03 segundos brpr-18-syntacc-295Ksteps F-n-20db,brpr-18,synthetic,5,18229.5
P06,B,new,17,03 segundos brrs-14-syntacc-295Ksteps F-n-20db,brrs-14,synthetic,3,17047.2
P06,B,new,18,03 segundos brrs-16-syntacc-295Ksteps F-n-20db,brrs-16,synthetic,5,57744.2
P06,B,new,19,03 segundos brrs-18-syntacc-295Ksteps F-n-20db,brrs-18,synthetic,4,13946.3
P06,B,new,20,03 segundos brrs-20-syntacc-295Ksteps F-n-20db,brrs-20,synthetic,1,13980.8
P06,B,new,21,03 segundos brrs-23-syntacc-295Ksteps F-n-20db,brrs-23,synthetic,2,18360.0
P06,B,new,22,03 segundos brrs-25-syntacc-295Ksteps M-n-20db,brrs-25,synthetic,3,18116.1
P06,B,new,23,03 segundos brrs-28-syntacc-295Ksteps M-n-20db,brrs-28,synthetic,2,16746.8
P06,B,new,24,03 segundos brsp-10-syntacc-295Ksteps M-n-20db,brsp-10,synthetic,2,11271.2
P06,B,new,25,03 segundos brsp-28-syntacc-295Ksteps F-n-20db,brsp-28,synthetic,3,11797.0
P06,B,new,26,04 segundos bral-22-syntacc-295Ksteps M-n-20db,bral-22,synthetic,3,23542.3
P06,B,new,27,04 segundos brba-23-syntacc-295Ksteps F-n-20db,brba-23,synthetic,2,15323.8
P06,B,new,28,04 segundos brsp-29-syntacc-295Ksteps M-n-20db,brsp-29,synthetic,1,17955.2
P06,B,new,29,05 segundos brpr-10-gt F-n-20db,brpr-10,natural,5,24443.3
P06,B,new,30,05 segundos brpr-14-gt F-n-20db,brpr-14,natural,5,17944.4
P06,B,new,31,05 segundos brpr-15-gt F-n-20db,brpr-15,natural,4,28408.4
P06,B,new,32,05 segundos brpr-22-syntacc-295Ksteps F-n-20db,brpr-22,synthetic,3,23927.2
P06,B,new,33,05 segundos brrs-26-syntacc-295Ksteps F-n-20db,brrs-26,synthetic,1,8934.9
P06,B,new,34,06 segundos bral-24-gt M-n-20db,bral-24,natural,5,33966.9
P06,B,new,35,06 segundos brmg-26-gt M-n-20db,brmg-26,natural,4,37743.6
P06,B,new,36,06 segundos brpr-13-gt F-n-20db,brpr-13,natural,4,17579.3
P06,B,new,37,06 segundos brpr-19-gt F-n-20db,brpr-19,natural,5,11663.8
P06,B,new,38,06 segundos brsp-25-gt M-n-20db,brsp-25,natural,4,35883.3
P06,B,new,39,07 segundos brce-22-gt M-n-20db,brce-22,natural,4,31280.1
P06,B,new,40,07 segundos brmg-22-gt F-n-20db,brmg-22,natural,5,23585.3
P06,B,new,41,07 segundos brpr-20-gt F-n-20db,brpr-20,natural,4,20042.8
P06,B,new,42,07 segundos brpr-27-gt F-n-20db,brpr-27,natural,4,31794.1
P06,B,new,43,08 segundos brce-20-gt M-n-20db,brce-20,natural,5,29523.0
P06,B,new,44,08 segundos brpr-28-gt F-n-20db,brpr-28,natural,4,54066.1
P06,B,new,45,08 segundos brrj-26-gt M-n-20db,brrj-26,natural,5,42550.6
P06,B,new,46,08 segundos brrs-29-gt F-n-20db,brrs-29,natural,5,41551.4
P06,B,new,47,09 segundos brba-22-gt M-n-20db,brba-22,natural,4,24396.8
P06,B,new,48,09 segundos brmg-29-gt M-n-20db,brmg-29,natural,5,31545.1
P06,B,new,49,09 segundos brpr-24-gt F-n-20db,brpr-24,natural,5,12714.4
P06,B,new,50,10 segundos brce-29-gt M-n-20db,brce-29,natural,5,48477.8
P06,B,new,51,10 segundos brgo-28-gt M-n-20db,brgo-28,natural,5,38235.7
P06,B,new,52,10 segundos brpe-22-gt M-n-20db,brpe-22,natural,5,28631.8
P06,B,new,53,10 segundos brpr-29-gt F-n-20db,brpr-29,natural,5,25655.3
P06,B,new,54,11 segundos brpe-20-gt M-n-20db,brpe-20,natural,4,31019.3
P06,B,new,55,11 segundos brpr-25-gt F-n-20db,brpr-25,natural,4,41314.0
P06,B,new,56,12 segundos brpb-28-gt M-n-20db,brpb-28,natural,5,42484.6
P06,B,new,57,12 segundos brpr-21-gt F-n-20db,brpr-21,natural,5,15029.5
P06,B,new,58,13 segundos brpb-20-gt M-n-20db,brpb-20,natural,5,16968.4
P06,B,new,59,14 segundos brrs-24-gt M-n-20db,brrs-24,natural,5,16803.3
P06,B,new,60,17 segundos brrs-21-gt F-n-20db,brrs-21,natural,5,21112.5
P07,B,new,1,02 segundos brce-26-syntacc-295Ksteps M-n-20db,brce-26,synthetic,4,10936.6
P07,B,new,2,02 segundos brrs-10-syntacc-295Ksteps F-n-20db,brrs-10,synthetic,3,7310.5
P07,B,new,3,02 segundos brsp-11-syntacc-295Ksteps M-n-20db,brsp-11,synthetic,3,11059.9
P07,B,new,4,02 segundos brsp-13-syntacc-295Ksteps F-n-20db,brsp-13,synthetic,2,9336.5
P07,B,new,5,02 segundos brsp-22-syntacc-295Ksteps M-n-20db,brsp-22,synthetic,2,9926.9
P07,B,new,6,02 segundos brsp-24-syntacc-295Ksteps M-n-20db,brsp-24,synthetic,2,11637.3
P07,B,new,7,03 segundos bral-20-syntacc-295Ksteps M-n-20db,bral-20,synthetic,3,11131.2
P07,B,new,8,03 segundos bral-23-syntacc-295Ksteps M-n-20db,bral-23,synthetic,1,12744.4
P07,B,new,9,03 segundos bral-26-syntacc-295Ksteps M-n-20db,bral-26,synthetic,1,11128.1
P07,B,new,10,03 segundos brba-21-syntacc-295Ksteps M-n-20db,brba-21,synthetic,3,10329.5
P07,B,new,11,03 segundos brba-24-syntacc-295Ksteps M-n-20db,brba-24,synthetic,3,10771.9
P07,B,new,12,03 segundos brpb-22-syntacc-295Ksteps M-n-20db,brpb-22,synthetic,2,8981.8
P07,B,new,13,03 segundos brpe-26-syntacc-295Ksteps M-n-20db,brpe-26,synthetic,3,10724.0
P07,B,new,14,03 segundos brpe-28-syntacc-295Ksteps M-n-20db,brpe-28,synthetic,3,11908.2
P07,B,new,15,03 segundos brpe-29-syntacc-295Ksteps M-n-20db,brpe-29,synthetic,2,8609.2
P07,B,new,16,03 segundos brpr-18-syntacc-295Ksteps F-n-20db,brpr-18,synthetic,2,9347.3
P07,B,new,17,03 segundos brrs-14-syntacc-295Ksteps F-n-20db,brrs-14,synthetic,3,13282.3
P07,B,new,18,03 segundos brrs-16-syntacc-295Ksteps F-n-20db,brrs-16,synthetic,3,9310.3
P07,B,new,19,03 segundos brrs-18-syntacc-295Ksteps F-n-20db,brrs-18,synthetic,3,6314.5
P07,B,new,20,03 segundos brrs-20-syntacc-295Ksteps F-n-20db,brrs-20,synthetic,4,5698.9
P07,B,new,21,03 segundos brrs-23-syntacc-295Ksteps F-n-20db,brrs-23,synthetic,3,9240.0
P07,B,new,22,03 segundos brrs-25-syntacc-295Ksteps M-n-20db,brrs-25,synthetic,2,6128.6
P07,B,new,23,03 segundos brrs-28-syntacc-295Ksteps M-n-20db,brrs-28,synthetic,2,9678.1
P07,B,new,24,03 segundos brsp-10-syntacc-295Ksteps M-n-20db,brsp-10,synthetic,2,6150.1
P07,B,new,25,03 segundos brsp-28-syntacc-295Ksteps F-n-20db,brsp-28,synthetic,3,9212.3
P07,B,new,26,04 segundos bral-22-syntacc-295Ksteps M-n-20db,bral-22,synthetic,3,17386.5
P07,B,new,27,04 segundos brba-23-syntacc-295Ksteps F-n-20db,brba-23,synthetic,3,11462.0
P07,B,new,28,04 segundos brsp-29-syntacc-295Ksteps M-n-20db,brsp-29,synthetic,3,7314.4
P07,B,new,29,05 segundos brpr-10-gt F-n-20db,brpr-10,natural,4,11453.6
P07,B,new,30,05 segundos brpr-14-gt F-n-20db,brpr-14,natural,4,20752.0
P07,B,new,31,05 segundos brpr-15-gt F-n-20db,brpr-15,natural,3,14873.0
P07,B,new,32,05 segundos brpr-22-syntacc-295Ksteps F-n-20db,brpr-22,synthetic,4,9059.7
P07,B,new,33,05 segundos brrs-26-syntacc-295Ksteps F-n-20db,brrs-26,synthetic,3,15771.7
P07,B,new,34,06 segundos bral-24-gt M-n-20db,bral-24,natural,3,14624.0
P07,B,new,35,06 segundos brmg-26-gt M-n-20db,brmg-26,natural,4,11209.6
P07,B,new,36,06 segundos brpr-13-gt F-n-20db,brpr-13,natural,4,9380.4
P07,B,new,37,06 segundos brpr-19-gt F-n-20db,brpr-19,natural,4,8998.4
P07,B,new,38,06 segundos brsp-25-gt M-n-20db,brsp-25,natural,5,9177.8
P07,B,new,39,07 segundos brce-22-gt M-n-20db,brce-22,natural,4,16885.6
P07,B,new,40,07 segundos brmg-22-gt F-n-20db,brmg-22,natural,4,24473.5
P07,B,new,41,07 segundos brpr-20-gt F-n-20db,brpr-20,natural,4,9758.5
P07,B,new,42,07 segundos brpr-27-gt F-n-20db,brpr-27,natural,5,8806.9
P07,B,new,43,08 segundos brce-20-gt M-n-20db,brce-20,natural,3,19516.7
P07,B,new,44,08 segundos brpr-28-gt F-n-20db,brpr-28,natural,2,12944.6
P07,B,new,45,08 segundos brrj-26-gt M-n-20db,brrj-26,natural,3,10710.5
P07,B,new,46,08 segundos brrs-29-gt F-n-20db,brrs-29,natural,3,11956.4
P07,B,new,47,09 segundos brba-22-gt M-n-20db,brba-22,natural,4,13065.6
P07,B,new,48,09 segundos brmg-29-gt M-n-20db,brmg-29,natural,2,21453.6
P07,B,new,49,09 segundos brpr-24-gt F-n-20db,brpr-24,natural,5,14574.2
P07,B,new,50,10 segundos brce-29-gt M-n-20db,brce-29,natural,4,25036.9
P07,B,new,51,10 segundos brgo-28-gt M-n-20db,brgo-28,natural,3,25027.7
P07,B,new,52,10 segundos brpe-22-gt M-n-20db,brpe-22,natural,5,12359.3
P07,B,new,53,10 segundos brpr-29-gt F-n-20db,brpr-29,natural,4,12687.4
P07,B,new,54,11 segundos brpe-20-gt M-n-20db,brpe-20,natural,4,23801.3
P07,B,new,55,11 segundos brpr-25-gt F-n-20db,brpr-25,natural,4,14394.0
P07,B,new,56,12 segundos brpb-28-gt M-n-20db,brpb-28,natural,2,16658.3
P07,B,new,57,12 segundos brpr-21-gt F-n-20db,brpr-21,natural,4,17724.3
P07,B,new,58,13 segundos brpb-20-gt M-n-20db,brpb-20,natural,5,17354.2
P07,B,new,59,14 segundos brrs-24-gt M-n-20db,brrs-24,natural,3,17126.9
P07,B,new,60,17 segundos brrs-21-gt F-n-20db,brrs-21,natural,4,62028.6
P08,A,new,61,04 segundos brmg-26-syntacc-295Ksteps M-n-20db,brmg-26,synthetic,3,7437.4
P08,A,new,62,04 segundos brpr-14-syntacc-295Ksteps F-n-20db,brpr-14,synthetic,2,7022.7
P08,A,new,63,04 segundos brpr-15-syntacc-295Ksteps F-n-20db,brpr-15,synthetic,4,9316.1
P08,A,new,64,04 segundos brpr-19-syntacc-295Ksteps F-n-20db,brpr-19,synthetic,2,6748.9
P08,A,new,65,04 segundos brpr-20-syntacc-295Ksteps F-n-20db,brpr-20,synthetic,2,6483.2
P08,A,new,66,04 segundos brpr-27-syntacc-295Ksteps F-n-20db,brpr-27,synthetic,2,6515.3
P08,A,new,67,04 segundos brrs-10-gt F-n-20db,brrs-10,natural,3,11049.5
P08,A,new,68,04 segundos brrs-14-gt F-n-20db,brrs-14,natural,4,6079.6
P08,A,new,69,04 segundos brrs-16-gt F-n-20db,brrs-16,natural,5,6582.1
P08,A,new,70,04 segundos brrs-18-gt F-n-20db,brrs-18,natural,4,11431.2
P08,A,new,71,04 segundos brsp-10-gt M-n-20db,brsp-10,natural,3,8938.5
P08,A,new,72,04 segundos brsp-11-gt M-n-20db,brsp-11,natural,3,6994.1
P08,A,new,73,04 segundos brsp-13-gt F-n-20db,brsp-13,natural,5,6867.0
P08,A,new,74,04 segundos brsp-25-syntacc-295Ksteps M-n-20db,brsp-25,synthetic,2,6370.6
P08,A,new,75,05 segundos bral-20-gt M-n-20db,bral-20,natural,4,8047.5
P08,A,new,76,05 segundos bral-22-gt M-n-20db,bral-22,natural,4,8042.9
P08,A,new,77,05 segundos bral-23-gt M-n-20db,bral-23,natural,4,6691.6
P08,A,new,78,05 segundos bral-24-syntacc-295Ksteps M-n-20db,bral-24,synthetic,3,8512.6
P08,A,new,79,05 segundos brba-21-gt M-n-20db,brba-21,natural,3,7195.0
P08,A,new,80,05 segundos brce-22-syntacc-295Ksteps M-n-20db,brce-22,synthetic,1,7623.0
P08,A,new,81,05 segundos brce-26-gt M-n-20db,brce-26,natural,5,6815.8
P08,A,new,82,05 segundos brmg-22-syntacc-295Ksteps F-n-20db,brmg-22,synthetic,1,7193.8
P08,A,new,83,05 segundos brmg-29-syntacc-295Ksteps M-n-20db,brmg-29,synthetic,3,7316.8
P08,A,new,84,05 segundos brpb-22-gt M-n-20db,brpb-22,natural,4,8324.5
P08,A,new,85,05 segundos brpe-22-syntacc-295Ksteps M-n-20db,brpe-22,synthetic,1,8095.6
P08,A,new,86,05 segundos brpe-26-gt M-n-20db,brpe-26,natural,3,8311.2
P08,A,new,87,05 segundos brpe-29-gt M-n-20db,brpe-29,natural,4,8225.2
P08,A,new,88,05 segundos brpr-10-syntacc-295Ksteps F-n-20db,brpr-10,synthetic,2,7249.5
P08,A,new,89,05 segundos brpr-13-syntacc-295Ksteps F-n-20db,brpr-13,synthetic,2,7265.0
P08,A,new,90,05 segundos brpr-18-gt F-n-20db,brpr-18,natural,4,6620.5
P08,A,new,91,05 segundos brpr-28-syntacc-295Ksteps F-n-20db,brpr-28,synthetic,1,7516.1
P08,A,new,92,05 segundos brrj-26-syntacc-295Ksteps M-n-20db,brrj-26,synthetic,1,7228.1
P08,A,new,93,05 segundos brrs-25-gt M-n-20db,brrs-25,natural,4,8273.2
P08,A,new,94,05 segundos brrs-28-gt M-n-20db,brrs-28,natural,5,6982.2
P08,A,new,95,05 segundos brrs-29-syntacc-295Ksteps F-n-20db,brrs-29,synthetic,4,7101.9
P08,A,new,96,05 segundos brsp-22-gt M-n-20db,brsp-22,natural,5,9699.1
P08,A,new,97,05 segundos brsp-24-gt M-n-20db,brsp-24,natural,4,7343.3
P08,A,new,98,05 segundos brsp-28-gt F-n-20db,brsp-28,natural,5,7745.8
P08,A,new,99,06 segundos bral-26-gt M-n-20db,bral-26,natural,4,8417.9
P08,A,new,100,06 segundos brba-22-syntacc-295Ksteps M-n-20db,brba-22,synthetic,4,8819.5
P08,A,new,101,06 segundos brba-24-gt M-n-20db,brba-24,natural,3,8172.1
P08,A,new,102,06 segundos brce-20-syntacc-295Ksteps M-n-20db,brce-20,synthetic,2,8266.9
P08,A,new,103,06 segundos brpe-28-gt M-n-20db,brpe-28,natural,3,8776.6
P08,A,new,104,06 segundos brpr-24-syntacc-295Ksteps F-n-20db,brpr-24,synthetic,1,8567.5
P08,A,new,105,06 segundos brrs-20-gt F-n-20db,brrs-20,natural,5,8261.0
P08,A,new,106,07 segundos brba-23-gt F-n-20db,brba-23,natural,3,14588.2
P08,A,new,107,07 segundos brce-29-syntacc-295Ksteps M-n-20db,brce-29,synthetic,1,10827.2
P08,A,new,108,07 segundos brgo-28-syntacc-295Ksteps M-n-20db,brgo-28,synthetic,2,9820.2
P08,A,new,109,07 segundos brpe-20-syntacc-295Ksteps M-n-20db,brpe-20,synthetic,3,9083.2
P08,A,new,110,07 segundos brpr-21-syntacc-295Ksteps F-n-20db,brpr-21,synthetic,1,9609.5
P08,A,new,111,07 segundos brpr-29-syntacc-295Ksteps F-n-20db,brpr-29,synthetic,2,17297.8
P08,A,new,112,07 segundos brrs-23-gt F-n-20db,brrs-23,natural,3,9140.0
P08,A,new,113,08 segundos brpr-22-gt F-n-20db,brpr-22,natural,3,11002.4
P08,A,new,114,08 segundos brpr-25-syntacc-295Ksteps F-n-20db,brpr-25,synthetic,3,12354.8
P08,A,new,115,08 segundos brrs-21-syntacc-295Ksteps F-n-20db,brrs-21,synthetic,3,12233.6
P08,A,new,116,08 segundos brsp-27-syntacc-295Ksteps M-n-20db,brsp-27,synthetic,1,10898.1
P08,A,new,117,08 segundos brsp-29-gt M-n-20db,brsp-29,natural,4,12567.7
P08,A,new,118,09 segundos brpb-20-syntacc-295Ksteps M-n-20db,brpb-20,synthetic,2,11064.6
P08,A,new,119,09 segundos brrs-26-gt F-n-20db,brrs-26,natural,5,11591.4
P08,A,new,120,10 segundos brpb-28-syntacc-295Ksteps M-n-20db,brpb-28,synthetic,2,14701.6
P09,B,new,1,02 segundos brce-26-syntacc-295Ksteps M-n-20db,brce-26,synthetic,2,7666.0
P09,B,new,2,02 segundos brrs-10-syntacc-295Ksteps F-n-20db,brrs-10,synthetic,4,4160.5
P09,B,new,3,02 segundos brsp-11-syntacc-295Ksteps M-n-20db,brsp-11,synthetic,2,4783.1
P09,B,new,4,02 segundos brsp-13-syntacc-295Ksteps F-n-20db,brsp-13,synthetic,4,5415.4
P09,B,new,5,02 segundos brsp-22-syntacc-295Ksteps M-n-20db,brsp-22,synthetic,4,6243.7
P09,B,new,6,02 segundos brsp-24-syntacc-295Ksteps M-n-20db,brsp-24,synthetic,2,4526.9
P09,B,new,7,03 segundos bral-20-syntacc-295Ksteps M-n-20db,bral-20,synthetic,3,5184.4
P09,B,new,8,03 segundos bral-23-syntacc-295Ksteps M-n-20db,bral-23,synthetic,3,4166.7
P09,B,new,9,03 segundos bral-26-syntacc-295Ksteps M-n-20db,bral-26,synthetic,2,6219.0
P09,B,new,10,03 segundos brba-21-syntacc-295Ksteps M-n-20db,brba-21,synthetic,3,6218.7
P09,B,new,11,03 segundos brba-24-syntacc-295Ksteps M-n-20db,brba-24,synthetic,3,5110.4
P09,B,new,12,03 segundos brpb-22-syntacc-295Ksteps M-n-20db,brpb-22,synthetic,2,6643.4
P09,B,new,13,03 segundos brpe-26-syntacc-295Ksteps M-n-20db,brpe-26,synthetic,4,5243.0
P09,B,new,14,03 segundos brpe-28-syntacc-295Ksteps M-n-20db,brpe-28,synthetic,2,5086.3
P09,B,new,15,03 segundos brpe-29-syntacc-295Ksteps M-n-20db,brpe-29,synthetic,1,4832.6
P09,B,new,16,03 segundos brpr-18-syntacc-295Ksteps F-n-20db,brpr-18,synthetic,3,4609.3
P09,B,new,17,03 segundos brrs-14-syntacc-295Ksteps F-n-20db,brrs-14,synthetic,3,4945.9
P09,B,new,18,03 segundos brrs-16-syntacc-295Ksteps F-n-20db,brrs-16,synthetic,4,4755.1
P09,B,new,19,03 segundos brrs-18-syntacc-295Ksteps F-n-20db,brrs-18,synthetic,3,6525.7
P09,B,new,20,03 segundos brrs-20-syntacc-295Ksteps F-n-20db,brrs-20,synthetic,5,7750.6
P09,B,new,21,03 segundos brrs-23-syntacc-295Ksteps F-n-20db,brrs-23,synthetic,4,10023.9
P09,B,new,22,03 segundos brrs-25-syntacc-295Ksteps M-n-20db,brrs-25,synthetic,2,5032.7
P09,B,new,23,03 segundos brrs-28-syntacc-295Ksteps M-n-20db,brrs-28,synthetic,3,4300.0
P09,B,new,24,03 segundos brsp-10-syntacc-295Ksteps M-n-20db,brsp-10,synthetic,4,10721.3
P09,B,new,25,03 segundos brsp-28-syntacc-295Ksteps F-n-20db,brsp-28,synthetic,5,4744.8
P09,B,new,26,04 segundos bral-22-syntacc-295Ksteps M-n-20db,bral-22,synthetic,1,6001.0
P09,B,new,27,04 segundos brba-23-syntacc-295Ksteps F-n-20db,brba-23,synthetic,3,11254.2
P09,B,new,28,04 segundos brsp-29-syntacc-295Ksteps M-n-20db,brsp-29,synthetic,5,5905.7
P09,B,new,29,05 segundos brpr-10-gt F-n-20db,brpr-10,natural,5,7043.8
P09,B,new,30,05 segundos brpr-14-gt F-n-20db,brpr-14,natural,5,6578.9
P09,B,new,31,05 segundos brpr-15-gt F-n-20db,brpr-15,natural,5,6678.7
P09,B,new,32,05 segundos brpr-22-syntacc-295Ksteps F-n-20db,brpr-22,synthetic,3,6555.0
P09,B,new,33,05 segundos brrs-26-syntacc-295Ksteps F-n-20db,brrs-26,synthetic,3,7165.6
P09,B,new,34,06 segundos bral-24-gt M-n-20db,bral-24,natural,5,8416.5
P09,B,new,35,06 segundos brmg-26-gt M-n-20db,brmg-26,natural,1,8400.3
P09,B,new,36,06 segundos brpr-13-gt F-n-20db,brpr-13,natural,3,7801.2
P09,B,new,37,06 segundos brpr-19-gt F-n-20db,brpr-19,natural,4,7254.9
P09,B,new,38,06 segundos brsp-25-gt M-n-20db,brsp-25,natural,4,11732.4
P09,B,new,39,07 segundos brce-22-gt M-n-20db,brce-22,natural,4,8822.2
P09,B,new,40,07 segundos brmg-22-gt F-n-20db,brmg-22,natural,5,8199.7
P09,B,new,41,07 segundos brpr-20-gt F-n-20db,brpr-20,natural,5,11122.0
P09,B,new,42,07 segundos brpr-27-gt F-n-20db,brpr-27,natural,5,8744.1
P09,B,new,43,08 segundos brce-20-gt M-n-20db,brce-20,natural,5,11155.2
P09,B,new,44,08 segundos brpr-28-gt F-n-20db,brpr-28,natural,5,10124.5
P09,B,new,45,08 segundos brrj-26-gt M-n-20db,brrj-26,natural,5,10189.8
P09,B,new,46,08 segundos brrs-29-gt F-n-20db,brrs-29,natural,5,10348.4
P09,B,new,47,09 segundos brba-22-gt M-n-20db,brba-22,natural,4,24062.8
P09,B,new,48,09 segundos brmg-29-gt M-n-20db,brmg-29,natural,4,10767.8
P09,B,new,49,09 segundos brpr-24-gt F-n-20db,brpr-24,natural,5,10933.0
P09,B,new,50,10 segundos brce-29-gt M-n-20db,brce-29,natural,4,11534.1
P09,B,new,51,10 segundos brgo-28-gt M-n-20db,brgo-28,natural,5,10999.8
P09,B,new,52,10 segundos brpe-22-gt M-n-20db,brpe-22,natural,5,12089.1
P09,B,new,53,10 segundos brpr-29-gt F-n-20db,brpr-29,natural,5,11522.0
P09,B,new,54,11 segundos brpe-20-gt M-n-20db,brpe-20,natural,4,12667.4
P09,B,new,55,11 segundos brpr-25-gt F-n-20db,brpr-25,natural,5,13066.6
P09,B,new,56,12 segundos brpb-28-gt M-n-20db,brpb-28,natural,5,14939.0
P09,B,new,57,12 segundos brpr-21-gt F-n-20db,brpr-21,natural,5,13672.0
P09,B,new,58,13 segundos brpb-20-gt M-n-20db,brpb-20,natural,5,17517.1
P09,B,new,59,14 segundos brrs-24-gt M-n-20db,brrs-24,natural,5,16128.6
P09,B,new,60,17 segundos brrs-21-gt F-n-20db,brrs-21,natural,5,19728.6
P10,B,new,1,02 segundos brce-26-syntacc-295Ksteps M-n-20db,brce-26,synthetic,3,11033.1
P10,B,new,2,02 segundos brrs-10-syntacc-295Ksteps F-n-20db,brrs-10,synthetic,3,12299.9
P10,B,new,3,02 segundos brsp-11-syntacc-295Ksteps M-n-20db,brsp-11,synthetic,2,5756.9
P10,B,new,4,02 segundos brsp-13-syntacc-295Ksteps F-n-20db,brsp-13,synthetic,2,7742.4
P10,B,new,5,02 segundos brsp-22-syntacc-295Ksteps M-n-20db,brsp-22,synthetic,2,9621.7
P10,B,new,6,02 segundos brsp-24-syntacc-295Ksteps M-n-20db,brsp-24,synthetic,2,6518.1
P10,B,new,7,03 segundos bral-20-syntacc-295Ksteps M-n-20db,bral-20,synthetic,4,5873.0
P10,B,new,8,03 segundos bral-23-syntacc-295Ksteps M-n-20db,bral-23,synthetic,2,7671.6
P10,B,new,9,03 segundos bral-26-syntacc-295Ksteps M-n-20db,bral-26,synthetic,2,6272.5
P10,B,new,10,03 segundos brba-21-syntacc-295Ksteps M-n-20db,brba-21,synthetic,2,10904.2
P10,B,new,11,03 segundos brba-24-syntacc-295Ksteps M-n-20db,brba-24,synthetic,3,7377.6
P10,B,new,12,03 segundos brpb-22-syntacc-295Ksteps M-n-20db,brpb-22,synthetic,3,13338.5
P10,B,new,13,03 segundos brpe-26-syntacc-295Ksteps M-n-20db,brpe-26,synthetic,2,9656.9
P10,B,new,14,03 segundos brpe-28-syntacc-295Ksteps M-n-20db,brpe-28,synthetic,2,7585.6
P10,B,new,15,03 segundos brpe-29-syntacc-295Ksteps M-n-20db,brpe-29,synthetic,1,5567.1
P10,B,new,16,03 segundos brpr-18-syntacc-295Ksteps F-n-20db,brpr-18,synthetic,2,9960.9
P10,B,new,17,03 segundos brrs-14-syntacc-295Ksteps F-n-20db,brrs-14,synthetic,2,8793.4
P10,B,new,18,03 segundos brrs-16-syntacc-295Ksteps F-n-20db,brrs-16,synthetic,2,5387.5
P10,B,new,19,03 segundos brrs-18-syntacc-295Ksteps F-n-20db,brrs-18,synthetic,3,6688.0
P10,B,new,20,03 segundos brrs-20-syntacc-295Ksteps F-n-20db,brrs-20,synthetic,2,5068.1
P10,B,new,21,03 segundos brrs-23-syntacc-295Ksteps F-n-20db,brrs-23,synthetic,2,6633.3
P10,B,new,22,03 segundos brrs-25-syntacc-295Ksteps M-n-20db,brrs-25,synthetic,2,8177.4
P10,B,new,23,03 segundos brrs-28-syntacc-295Ksteps M-n-20db,brrs-28,synthetic,3,29613.1
P10,B,new,24,03 segundos brsp-10-syntacc-295Ksteps M-n-20db,brsp-10,synthetic,1,10340.4
P10,B,new,25,03 segundos brsp-28-syntacc-295Ksteps F-n-20db,brsp-28,synthetic,2,12352.2
P10,B,new,26,04 segundos bral-22-syntacc-295Ksteps M-n-20db,bral-22,synthetic,2,13678.0
P10,B,new,27,04 segundos brba-23-syntacc-295Ksteps F-n-20db,brba-23,synthetic,1,7587.7
P10,B,new,28,04 segundos brsp-29-syntacc-295Ksteps M-n-20db,brsp-29,synthetic,2,9949.0
P10,B,new,29,05 segundos brpr-10-gt F-n-20db,brpr-10,natural,5,10945.1
P10,B,new,30,05 segundos brpr-14-gt F-n-20db,brpr-14,natural,5,9360.2
P10,B,new,31,05 segundos brpr-15-gt F-n-20db,brpr-15,natural,5,8661.9
P10,B,new,32,05 segundos brpr-22-syntacc-295Ksteps F-n-20db,brpr-22,synthetic,2,7780.5
P10,B,new,33,05 segundos brrs-26-syntacc-295Ksteps F-n-20db,brrs-26,synthetic,1,9150.9
P10,B,new,34,06 segundos bral-24-gt M-n-20db,bral-24,natural,4,9395.4
P10,B,new,35,06 segundos brmg-26-gt M-n-20db,brmg-26,natural,4,8836.4
P10,B,new,36,06 segundos brpr-13-gt F-n-20db,brpr-13,natural,4,10317.8
P10,B,new,37,06 segundos brpr-19-gt F-n-20db,brpr-19,natural,5,17594.2
P10,B,new,38,06 segundos brsp-25-gt M-n-20db,brsp-25,natural,5,23424.1
P10,B,new,39,07 segundos brce-22-gt M-n-20db,brce-22,natural,4,10214.5
P10,B,new,40,07 segundos brmg-22-gt F-n-20db,brmg-22,natural,3,11330.8
P10,B,new,41,07 segundos brpr-20-gt F-n-20db,brpr-20,natural,5,9659.5
P10,B,new,42,07 segundos brpr-27-gt F-n-20db,brpr-27,natural,4,10438.1
P10,B,new,43,08 segundos brce-20-gt M-n-20db,brce-20,natural,4,11627.6
P10,B,new,44,08 segundos brpr-28-gt F-n-20db,brpr-28,natural,5,12562.3
P10,B,new,45,08 segundos brrj-26-gt M-n-20db,brrj-26,natural,4,15369.7
P10,B,new,46,08 segundos brrs-29-gt F-n-20db,brrs-29,natural,4,10975.4
P10,B,new,47,09 segundos brba-22-gt M-n-20db,brba-22,natural,4,12056.7
P10,B,new,48,09 segundos brmg-29-gt M-n-20db,brmg-29,natural,4,11259.3
P10,B,new,49,09 segundos brpr-24-gt F-n-20db,brpr-24,natural,5,12369.0
P10,B,new,50,10 segundos brce-29-gt M-n-20db,brce-29,natural,2,24385.9
P10,B,new,51,10 segundos brgo-28-gt M-n-20db,brgo-28,natural,4,15880.4
P10,B,new,52,10 segundos brpe-22-gt M-n-20db,brpe-22,natural,4,21270.8
P10,B,new,53,10 segundos brpr-29-gt F-n-20db,brpr-29,natural,5,14685.9
P10,B,new,54,11 segundos brpe-20-gt M-n-20db,brpe-20,natural,4,15698.5
P10,B,new,55,11 segundos brpr-25-gt F-n-20db,brpr-25,natural,5,17296.7
P10,B,new,56,12 segundos brpb-28-gt M-n-20db,brpb-28,natural,4,15697.7
P10,B,new,57,12 segundos brpr-21-gt F-n-20db,brpr-21,natural,5,14471.9
P10,B,new,58,13 segundos brpb-20-gt M-n-20db,brpb-20,natural,4,18890.5
P10,B,new,59,14 segundos brrs-24-gt M-n-20db,brrs-24,natural,5,16207.6
P10,B,new,60,17 segundos brrs-21-gt F-n-20db,brrs-21,natural,4,19768.1
P11,B,new,1,02 segundos brce-26-syntacc-295Ksteps M-n-20db,brce-26,synthetic,3,7807.2
P11,B,new,2,02 segundos brrs-10-syntacc-295Ksteps F-n-20db,brrs-10,synthetic,3,14639.3
P11,B,new,3,02 segundos brsp-11-syntacc-295Ksteps M-n-20db,brsp-11,synthetic,2,6859.1
P11,B,new,4,02 segundos brsp-13-syntacc-295Ksteps F-n-20db,brsp-13,synthetic,2,7759.4
P11,B,new,5,02 segundos brsp-22-syntacc-295Ksteps M-n-20db,brsp-22,synthetic,2,7743.6
P11,B,new,6,02 segundos brsp-24-syntacc-295Ksteps M-n-20db,brsp-24,synthetic,2,6615.5
P11,B,new,7,03 segundos bral-20-syntacc-295Ksteps M-n-20db,bral-20,synthetic,4,9414.7
P11,B,new,8,03 segundos bral-23-syntacc-295Ksteps M-n-20db,bral-23,synthetic,1,7064.2
P11,B,new,9,03 segundos bral-26-syntacc-295Ksteps M-n-20db,bral-26,synthetic,2,6474.0
P11,B,new,10,03 segundos brba-21-syntacc-295Ksteps M-n-20db,brba-21,synthetic,3,6912.8
P11,B,new,11,03 segundos brba-24-syntacc-295Ksteps M-n-20db,brba-24,synthetic,3,7875.0
P11,B,new,12,03 segundos brpb-22-syntacc-295Ksteps M-n-20db,brpb-22,synthetic,4,5724.2
P11,B,new,13,03 segundos brpe-26-syntacc-295Ksteps M-n-20db,brpe-26,synthetic,2,5672.2
P11,B,new,14,03 segundos brpe-28-syntacc-295Ksteps M-n-20db,brpe-28,synthetic,1,6059.8
P11,B,new,15,03 segundos brpe-29-syntacc-295Ksteps M-n-20db,brpe-29,synthetic,1,5784.1
P11,B,new,16,03 segundos brpr-18-syntacc-295Ksteps F-n-20db,brpr-18,synthetic,4,8883.8
P11,B,new,17,03 segundos brrs-14-syntacc-295Ksteps F-n-20db,brrs-14,synthetic,4,6103.8
P11,B,new,18,03 segundos brrs-16-syntacc-295Ksteps F-n-20db,brrs-16,synthetic,4,9336.7
P11,B,new,19,03 segundos brrs-18-syntacc-295Ksteps F-n-20db,brrs-18,synthetic,4,11367.4
P11,B,new,20,03 segundos brrs-20-syntacc-295Ksteps F-n-20db,brrs-20,synthetic,4,5592.3
P11,B,new,21,03 segundos brrs-23-syntacc-295Ksteps F-n-20db,brrs-23,synthetic,2,6143.9
P11,B,new,22,03 segundos brrs-25-syntacc-295Ksteps M-n-20db,brrs-25,synthetic,2,12768.0
P11,B,new,23,03 segundos brrs-28-syntacc-295Ksteps M-n-20db,brrs-28,synthetic,2,8979.2
P11,B,new,24,03 segundos brsp-10-syntacc-295Ksteps M-n-20db,brsp-10,synthetic,2,6829.5
P11,B,new,25,03 segundos brsp-28-syntacc-295Ksteps F-n-20db,brsp-28,synthetic,2,9356.4
P11,B,new,26,04 segundos bral-22-syntacc-295Ksteps M-n-20db,bral-22,synthetic,2,7581.7
P11,B,new,27,04 segundos brba-23-syntacc-295Ksteps F-n-20db,brba-23,synthetic,1,9646.0
P11,B,new,28,04 segundos brsp-29-syntacc-295Ksteps M-n-20db,brsp-29,synthetic,2,8049.5
P11,B,new,29,05 segundos brpr-10-gt F-n-20db,brpr-10,natural,5,7377.7
P11,B,new,30,05 segundos brpr-14-gt F-n-20db,brpr-14,natural,5,8029.9
P11,B,new,31,05 segundos brpr-15-gt F-n-20db,brpr-15,natural,5,7315.5
P11,B,new,32,05 segundos brpr-22-syntacc-295Ksteps F-n-20db,brpr-22,synthetic,5,8117.8
P11,B,new,33,05 segundos brrs-26-syntacc-295Ksteps F-n-20db,brrs-26,synthetic,2,8431.7
P11,B,new,34,06 segundos bral-24-gt M-n-20db,bral-24,natural,5,10546.6
P11,B,new,35,06 segundos brmg-26-gt M-n-20db,brmg-26,natural,5,9475.7
P11,B,new,36,06 segundos brpr-13-gt F-n-20db,brpr-13,natural,5,8212.0
P11,B,new,37,06 segundos brpr-19-gt F-n-20db,brpr-19,natural,5,9431.4
P11,B,new,38,06 segundos brsp-25-gt M-n-20db,brsp-25,natural,5,8795.6
P11,B,new,39,07 segundos brce-22-gt M-n-20db,brce-22,natural,4,10179.6
P11,B,new,40,07 segundos brmg-22-gt F-n-20db,brmg-22,natural,5,9918.9
P11,B,new,41,07 segundos brpr-20-gt F-n-20db,brpr-20,natural,5,8801.2
P11,B,new,42,07 segundos brpr-27-gt F-n-20db,brpr-27,natural,5,9344.6
P11,B,new,43,08 segundos brce-20-gt M-n-20db,brce-20,natural,4,12342.8
P11,B,new,44,08 segundos brpr-28-gt F-n-20db,brpr-28,natural,5,11806.9
P11,B,new,45,08 segundos brrj-26-gt M-n-20db,brrj-26,natural,5,11927.8
P11,B,new,46,08 segundos brrs-29-gt F-n-20db,brrs-29,natural,5,11560.4
P11,B,new,47,09 segundos brba-22-gt M-n-20db,brba-22,natural,5,13652.0
P11,B,new,48,09 segundos brmg-29-gt M-n-20db,brmg-29,natural,5,12455.0
P11,B,new,49,09 segundos brpr-24-gt F-n-20db,brpr-24,natural,5,12011.9
P11,B,new,50,10 segundos brce-29-gt M-n-20db,brce-29,natural,4,16663.9
P11,B,new,51,10 segundos brgo-28-gt M-n-20db,brgo-28,natural,5,12723.4
P11,B,new,52,10 segundos brpe-22-gt M-n-20db,brpe-22,natural,5,13063.5
P11,B,new,53,10 segundos brpr-29-gt F-n-20db,brpr-29,natural,5,12239.6
P11,B,new,54,11 segundos brpe-20-gt M-n-20db,brpe-20,natural,5,13156.2
P11,B,new,55,11 segundos brpr-25-gt F-n-20db,brpr-25,natural,5,13807.7
P11,B,new,56,12 segundos brpb-28-gt M-n-20db,brpb-28,natural,5,15907.2
P11,B,new,57,12 segundos brpr-21-gt F-n-20db,brpr-21,natural,5,15063.6
P11,B,new,58,13 segundos brpb-20-gt M-n-20db,brpb-20,natural,5,16067.3
P11,B,new,59,14 segundos brrs-24-gt M-n-20db,brrs-24,natural,4,16787.4
P11,B,new,60,17 segundos brrs-21-gt F-n-20db,brrs-21,natural,5,20195.6
P12,A,new,61,04 segundos brmg-26-syntacc-295Ksteps M-n-20db,brmg-26,synthetic,1,24868.3
P12,A,new,62,04 segundos brpr-14-syntacc-295Ksteps F-n-20db,brpr-14,synthetic,2,6550.5
P12,A,new,63,04 segundos brpr-15-syntacc-295Ksteps F-n-20db,brpr-15,synthetic,3,6340.8
P12,A,new,64,04 segundos brpr-19-syntacc-295Ksteps F-n-20db,brpr-19,synthetic,2,6122.6
P12,A,new,65,04 segundos brpr-20-syntacc-295Ksteps F-n-20db,brpr-20,synthetic,4,7160.2
P12,A,new,66,04 segundos brpr-27-syntacc-295Ksteps F-n-20db,brpr-27,synthetic,2,7578.0
P12,A,new,67,04 segundos brrs-10-gt F-n-20db,brrs-10,natural,4,6393.2
P12,A,new,68,04 segundos brrs-14-gt F-n-20db,brrs-14,natural,5,5521.3
P12,A,new,69,04 segundos brrs-16-gt F-n-20db,brrs-16,natural,5,7098.6
P12,A,new,70,04 segundos brrs-18-gt F-n-20db,brrs-18,natural,3,9064.2
P12,A,new,71,04 segundos brsp-10-gt M-n-20db,brsp-10,natural,5,6776.8
P12,A,new,72,04 segundos brsp-11-gt M-n-20db,brsp-11,natural,5,5649.2
P12,A,new,73,04 segundos brsp-13-gt F-n-20db,brsp-13,natural,5,6096.9
P12,A,new,74,04 segundos brsp-25-syntacc-295Ksteps M-n-20db,brsp-25,synthetic,1,5116.3
P12,A,new,75,05 segundos bral-20-gt M-n-20db,bral-20,natural,5,7085.4
P12,A,new,76,05 segundos bral-22-gt M-n-20db,bral-22,natural,4,15834.3
P12,A,new,77,05 segundos bral-23-gt M-n-20db,bral-23,natural,4,13093.1
P12,A,new,78,05 segundos bral-24-syntacc-295Ksteps M-n-20db,bral-24,synthetic,3,13478.9
P12,A,new,79,05 segundos brba-21-gt M-n-20db,brba-21,natural,5,7114.5
P12,A,new,80,05 segundos brce-22-syntacc-295Ksteps M-n-20db,brce-22,synthetic,1,6282.7
P12,A,new,81,05 segundos brce-26-gt M-n-20db,brce-26,natural,5,6684.9
P12,A,new,82,05 segundos brmg-22-syntacc-295Ksteps F-n-20db,brmg-22,synthetic,1,6684.1
P12,A,new,83,05 segundos brmg-29-syntacc-295Ksteps M-n-20db,brmg-29,synthetic,2,14720.4
P12,A,new,84,05 segundos brpb-22-gt M-n-20db,brpb-22,natural,5,7192.4
P12,A,new,85,05 segundos brpe-22-syntacc-295Ksteps M-n-20db,brpe-22,synthetic,2,13897.6
P12,A,new,86,05 segundos brpe-26-gt M-n-20db,brpe-26,natural,5,7877.9
P12,A,new,87,05 segundos brpe-29-gt M-n-20db,brpe-29,natural,5,12438.4
P12,A,new,88,05 segundos brpr-10-syntacc-295Ksteps F-n-20db,brpr-10,synthetic,3,8002.2
P12,A,new,89,05 segundos brpr-13-syntacc-295Ksteps F-n-20db,brpr-13,synthetic,2,6560.3
P12,A,new,90,05 segundos brpr-18-gt F-n-20db,brpr-18,natural,5,8016.7
P12,A,new,91,05 segundos brpr-28-syntacc-295Ksteps F-n-20db,brpr-28,synthetic,3,7594.7
P12,A,new,92,05 segundos brrj-26-syntacc-295Ksteps M-n-20db,brrj-26,synthetic,1,8487.2
P12,A,new,93,05 segundos brrs-25-gt M-n-20db,brrs-25,natural,5,6925.7
P12,A,new,94,05 segundos brrs-28-gt M-n-20db,brrs-28,natural,5,6631.7
P12,A,new,95,05 segundos brrs-29-syntacc-295Ksteps F-n-20db,brrs-29,synthetic,3,9194.0
P12,A,new,96,05 segundos brsp-22-gt M-n-20db,brsp-22,natural,5,8497.8
P12,A,new,97,05 segundos brsp-24-gt M-n-20db,brsp-24,natural,5,7536.1
P12,A,new,98,05 segundos brsp-28-gt F-n-20db,brsp-28,natural,5,8071.0
P12,A,new,99,06 segundos bral-26-gt M-n-20db,bral-26,natural,5,7559.2
P12,A,new,100,06 segundos brba-22-syntacc-295Ksteps M-n-20db,brba-22,synthetic,3,18210.0
P12,A,new,101,06 segundos brba-24-gt M-n-20db,brba-24,natural,5,7404.3
P12,A,new,102,06 segundos brce-20-syntacc-295Ksteps M-n-20db,brce-20,synthetic,1,8290.0
P12,A,new,103,06 segundos brpe-28-gt M-n-20db,brpe-28,natural,4,9395.0
P12,A,new,104,06 segundos brpr-24-syntacc-295Ksteps F-n-20db,brpr-24,synthetic,4,8422.0
P12,A,new,105,06 segundos brrs-20-gt F-n-20db,brrs-20,natural,5,9114.0
P12,A,new,106,07 segundos brba-23-gt F-n-20db,brba-23,natural,5,8446.7
P12,A,new,107,07 segundos brce-29-syntacc-295Ksteps M-n-20db,brce-29,synthetic,1,9204.8
P12,A,new,108,07 segundos brgo-28-syntacc-295Ksteps M-n-20db,brgo-28,synthetic,3,9873.8
P12,A,new,109,07 segundos brpe-20-syntacc-295Ksteps M-n-20db,brpe-20,synthetic,4,9323.4
P12,A,new,110,07 segundos brpr-21-syntacc-295Ksteps F-n-20db,brpr-21,synthetic,3,9472.6
P12,A,new,111,07 segundos brpr-29-syntacc-295Ksteps F-n-20db,brpr-29,synthetic,4,19852.6
P12,A,new,112,07 segundos brrs-23-gt F-n-20db,brrs-23,natural,3,9782.6
P12,A,new,113,08 segundos brpr-22-gt F-n-20db,brpr-22,natural,5,15572.2
P12,A,new,114,08 segundos brpr-25-syntacc-295Ksteps F-n-20db,brpr-25,synthetic,3,9891.1
P12,A,new,115,08 segundos brrs-21-syntacc-295Ksteps F-n-20db,brrs-21,synthetic,4,27849.9
P12,A,new,116,08 segundos brsp-27-syntacc-295Ksteps M-n-20db,brsp-27,synthetic,2,13195.6
P12,A,new,117,08 segundos brsp-29-gt M-n-20db,brsp-29,natural,5,9677.7
P12,A,new,118,09 segundos brpb-20-syntacc-295Ksteps M-n-20db,brpb-20,synthetic,3,12493.3
P12,A,new,119,09 segundos brrs-26-gt F-n-20db,brrs-26,natural,5,11149.3
P12,A,new,120,10 segundos brpb-28-syntacc-295Ksteps M-n-20db,brpb-28,synthetic,4,22190.1
P13,A,new,61,04 segundos brmg-26-syntacc-295Ksteps M-n-20db,brmg-26,synthetic,2,7016.7
P13,A,new,62,04 segundos brpr-14-syntacc-295Ksteps F-n-20db,brpr-14,synthetic,4,10833.5
P13,A,new,63,04 segundos brpr-15-syntacc-295Ksteps F-n-20db,brpr-15,synthetic,5,7217.5
P13,A,new,64,04 segundos brpr-19-syntacc-295Ksteps F-n-20db,brpr-19,synthetic,3,8315.1
P13,A,new,65,04 segundos brpr-20-syntacc-295Ksteps F-n-20db,brpr-20,synthetic,5,7252.7
P13,A,new,66,04 segundos brpr-27-syntacc-295Ksteps F-n-20db,brpr-27,synthetic,2,7572.6
P13,A,new,67,04 segundos brrs-10-gt F-n-20db,brrs-10,natural,4,13413.3
P13,A,new,68,04 segundos brrs-14-gt F-n-20db,brrs-14,natural,5,7788.5
P13,A,new,69,04 segundos brrs-16-gt F-n-20db,brrs-16,natural,4,7530.8
P13,A,new,70,04 segundos brrs-18-gt F-n-20db,brrs-18,natural,5,7281.2
P13,A,new,71,04 segundos brsp-10-gt M-n-20db,brsp-10,natural,3,6365.0
P13,A,new,72,04 segundos brsp-11-gt M-n-20db,brsp-11,natural,3,7712.7
P13,A,new,73,04 segundos brsp-13-gt F-n-20db,brsp-13,natural,4,44497.8
P13,A,new,74,04 segundos brsp-25-syntacc-295Ksteps M-n-20db,brsp-25,synthetic,1,6631.7
P13,A,new,75,05 segundos bral-20-gt M-n-20db,bral-20,natural,5,6697.2
P13,A,new,76,05 segundos bral-22-gt M-n-20db,bral-22,natural,1,8432.0
P13,A,new,77,05 segundos bral-23-gt M-n-20db,bral-23,natural,2,7249.5
P13,A,new,78,05 segundos bral-24-syntacc-295Ksteps M-n-20db,bral-24,synthetic,1,6913.2
P13,A,new,79,05 segundos brba-21-gt M-n-20db,brba-21,natural,5,10969.9
P13,A,new,80,05 segundos brce-22-syntacc-295Ksteps M-n-20db,brce-22,synthetic,1,6742.4
P13,A,new,81,05 segundos brce-26-gt M-n-20db,brce-26,natural,5,6682.8
P13,A,new,82,05 segundos brmg-22-syntacc-295Ksteps F-n-20db,brmg-22,synthetic,4,6739.3
P13,A,new,83,05 segundos brmg-29-syntacc-295Ksteps M-n-20db,brmg-29,synthetic,1,6907.4
P13,A,new,84,05 segundos brpb-22-gt M-n-20db,brpb-22,natural,4,8468.0
P13,A,new,85,05 segundos brpe-22-syntacc-295Ksteps M-n-20db,brpe-22,synthetic,2,9152.0
P13,A,new,86,05 segundos brpe-26-gt M-n-20db,brpe-26,natural,5,7374.5
P13,A,new,87,05 segundos brpe-29-gt M-n-20db,brpe-29,natural,5,10401.2
P13,A,new,88,05 segundos brpr-10-syntacc-295Ksteps F-n-20db,brpr-10,synthetic,4,6584.5
P13,A,new,89,05 segundos brpr-13-syntacc-295Ksteps F-n-20db,brpr-13,synthetic,4,7386.7
P13,A,new,90,05 segundos brpr-18-gt F-n-20db,brpr-18,natural,5,7035.9
P13,A,new,91,05 segundos brpr-28-syntacc-295Ksteps F-n-20db,brpr-28,synthetic,5,10488.9
P13,A,new,92,05 segundos brrj-26-syntacc-295Ksteps M-n-20db,brrj-26,synthetic,2,9046.2
P13,A,new,93,05 segundos brrs-25-gt M-n-20db,brrs-25,natural,5,7043.7
P13,A,new,94,05 segundos brrs-28-gt M-n-20db,brrs-28,natural,5,7246.6
P13,A,new,95,05 segundos brrs-29-syntacc-295Ksteps F-n-20db,brrs-29,synthetic,4,7357.0
P13,A,new,96,05 segundos brsp-22-gt M-n-20db,brsp-22,natural,5,7102.8
P13,A,new,97,05 segundos brsp-24-gt M-n-20db,brsp-24,natural,4,9397.0
P13,A,new,98,05 segundos brsp-28-gt F-n-20db,brsp-28,natural,5,7113.5
P13,A,new,99,06 segundos bral-26-gt M-n-20db,bral-26,natural,5,10493.6
P13,A,new,100,06 segundos brba-22-syntacc-295Ksteps M-n-20db,brba-22,synthetic,2,11079.1
P13,A,new,101,06 segundos brba-24-gt M-n-20db,brba-24,natural,5,8702.2
P13,A,new,102,06 segundos brce-20-syntacc-295Ksteps M-n-20db,brce-20,synthetic,1,8249.9
P13,A,new,103,06 segundos brpe-28-gt M-n-20db,brpe-28,natural,5,8366.2
P13,A,new,104,06 segundos brpr-24-syntacc-295Ksteps F-n-20db,brpr-24,synthetic,4,10593.2
P13,A,new,105,06 segundos brrs-20-gt F-n-20db,brrs-20,natural,5,14029.3
P13,A,new,106,07 segundos brba-23-gt F-n-20db,brba-23,natural,5,10851.5
P13,A,new,107,07 segundos brce-29-syntacc-295Ksteps M-n-20db,brce-29,synthetic,1,10363.5
P13,A,new,108,07 segundos brgo-28-syntacc-295Ksteps M-n-20db,brgo-28,synthetic,2,9793.8
P13,A,new,109,07 segundos brpe-20-syntacc-295Ksteps M-n-20db,brpe-20,synthetic,3,8715.8
P13,A,new,110,07 segundos brpr-21-syntacc-295Ksteps F-n-20db,brpr-21,synthetic,4,9632.7
P13,A,new,111,07 segundos brpr-29-syntacc-295Ksteps F-n-20db,brpr-29,synthetic,4,8949.0
P13,A,new,112,07 segundos brrs-23-gt F-n-20db,brrs-23,natural,5,10132.2
P13,A,new,113,08 segundos brpr-22-gt F-n-20db,brpr-22,natural,4,10105.9
P13,A,new,114,08 segundos brpr-25-syntacc-295Ksteps F-n-20db,brpr-25,synthetic,3,12124.6
P13,A,new,115,08 segundos brrs-21-syntacc-295Ksteps F-n-20db,brrs-21,synthetic,4,11012.3
P13,A,new,116,08 segundos brsp-27-syntacc-295Ksteps M-n-20db,brsp-27,synthetic,3,10216.3
P13,A,new,117,08 segundos brsp-29-gt M-n-20db,brsp-29,natural,4,10574.2
P13,A,new,118,09 segundos brpb-20-syntacc-295Ksteps M-n-20db,brpb-20,synthetic,1,10999.4
P13,A,new,119,09 segundos brrs-26-gt F-n-20db,brrs-26,natural,5,10898.9
P13,A,new,120,10 segundos brpb-28-syntacc-295Ksteps M-n-20db,brpb-28,synthetic,3,12432.9
P14,A,new,61,04 segundos brmg-26-syntacc-295Ksteps M-n-20db,brmg-26,synthetic,4,5986.0
P14,A,new,62,04 segundos brpr-14-syntacc-295Ksteps F-n-20db,brpr-14,synthetic,4,7699.0
P14,A,new,63,04 segundos brpr-15-syntacc-295Ksteps F-n-20db,brpr-15,synthetic,3,54835.0
P14,A,new,64,04 segundos brpr-19-syntacc-295Ksteps F-n-20db,brpr-19,synthetic,1,6100.0
P14,A,new,65,04 segundos brpr-20-syntacc-295Ksteps F-n-20db,brpr-20,synthetic,3,10476.0
P14,A,new,66,04 segundos brpr-27-syntacc-295Ksteps F-n-20db,brpr-27,synthetic,2,9654.0
P14,A,new,67,04 segundos brrs-10-gt F-n-20db,brrs-10,natural,5,29739.0
P14,A,new,68,04 segundos brrs-14-gt F-n-20db,brrs-14,natural,5,7164.0
P14,A,new,69,04 segundos brrs-16-gt F-n-20db,brrs-16,natural,5,14996.0
P14,A,new,70,04 segundos brrs-18-gt F-n-20db,brrs-18,natural,5,7105.0
P14,A,new,71,04 segundos brsp-10-gt M-n-20db,brsp-10,natural,3,7046.0
P14,A,new,72,04 segundos brsp-11-gt M-n-20db,brsp-11,natural,5,5824.0
P14,A,new,73,04 segundos brsp-13-gt F-n-20db,brsp-13,natural,5,8119.0
P14,A,new,74,04 segundos brsp-25-syntacc-295Ksteps M-n-20db,brsp-25,synthetic,1,7235.0
P14,A,new,75,05 segundos bral-20-gt M-n-20db,bral-20,natural,5,8755.0
P14,A,new,76,05 segundos bral-22-gt M-n-20db,bral-22,natural,5,7667.0
P14,A,new,77,05 segundos bral-23-gt M-n-20db,bral-23,natural,5,6697.0
P14,A,new,78,05 segundos bral-24-syntacc-295Ksteps M-n-20db,bral-24,synthetic,3,8545.0
P14,A,new,79,05 segundos brba-21-gt M-n-20db,brba-21,natural,5,7757.0
P14,A,new,80,05 segundos brce-22-syntacc-295Ksteps M-n-20db,brce-22,synthetic,1,7001.0
P14,A,new,81,05 segundos brce-26-gt M-n-20db,brce-26,natural,5,6047.0
P14,A,new,82,05 segundos brmg-22-syntacc-295Ksteps F-n-20db,brmg-22,synthetic,2,6746.0
P14,A,new,83,05 segundos brmg-29-syntacc-295Ksteps M-n-20db,brmg-29,synthetic,3,7924.0
P14,A,new,84,05 segundos brpb-22-gt M-n-20db,brpb-22,natural,5,7240.0
P14,A,new,85,05 segundos brpe-22-syntacc-295Ksteps M-n-20db,brpe-22,synthetic,1,16374.0
P14,A,new,86,05 segundos brpe-26-gt M-n-20db,brpe-26,natural,5,6758.0
P14,A,new,87,05 segundos brpe-29-gt M-n-20db,brpe-29,natural,5,11610.0
P14,A,new,88,05 segundos brpr-10-syntacc-295Ksteps F-n-20db,brpr-10,synthetic,2,6502.0
P14,A,new,89,05 segundos brpr-13-syntacc-295Ksteps F-n-20db,brpr-13,synthetic,2,8753.0
P14,A,new,90,05 segundos brpr-18-gt F-n-20db,brpr-18,natural,5,6609.0
P14,A,new,91,05 segundos brpr-28-syntacc-295Ksteps F-n-20db,brpr-28,synthetic,2,21732.0
P14,A,new,92,05 segundos brrj-26-syntacc-295Ksteps M-n-20db,brrj-26,synthetic,1,38946.0
P14,A,new,93,05 segundos brrs-25-gt M-n-20db,brrs-25,natural,5,9917.0
P14,A,new,94,05 segundos brrs-28-gt M-n-20db,brrs-28,natural,5,7415.0
P14,A,new,95,05 segundos brrs-29-syntacc-295Ksteps F-n-20db,brrs-29,synthetic,2,8160.0
P14,A,new,96,05 segundos brsp-22-gt M-n-20db,brsp-22,natural,5,6806.0
P14,A,new,97,05 segundos brsp-24-gt M-n-20db,brsp-24,natural,5,29884.0
P14,A,new,98,05 segundos brsp-28-gt F-n-20db,brsp-28,natural,1,13212.0
P14,A,new,99,06 segundos bral-26-gt M-n-20db,bral-26,natural,5,8502.0
P14,A,new,100,06 segundos brba-22-syntacc-295Ksteps M-n-20db,brba-22,synthetic,2,8535.0
P14,A,new,101,06 segundos brba-24-gt M-n-20db,brba-24,natural,5,7452.0
P14,A,new,102,06 segundos brce-20-syntacc-295Ksteps M-n-20db,brce-20,synthetic,1,9155.0
P14,A,new,103,06 segundos brpe-28-gt M-n-20db,brpe-28,natural,5,10194.0
P14,A,new,104,06 segundos brpr-24-syntacc-295Ksteps F-n-20db,brpr-24,synthetic,2,12115.0
P14,A,new,105,06 segundos brrs-20-gt F-n-20db,brrs-20,natural,5,12451.0
P14,A,new,106,07 segundos brba-23-gt F-n-20db,brba-23,natural,5,9724.0
P14,A,new,107,07 segundos brce-29-syntacc-295Ksteps M-n-20db,brce-29,synthetic,1,9720.0
P14,A,new,108,07 segundos brgo-28-syntacc-295Ksteps M-n-20db,brgo-28,synthetic,2,11312.0
P14,A,new,109,07 segundos brpe-20-syntacc-295Ksteps M-n-20db,brpe-20,synthetic,4,10418.0
P14,A,new,110,07 segundos brpr-21-syntacc-295Ksteps F-n-20db,brpr-21,synthetic,2,11671.0
P14,A,new,111,07 segundos brpr-29-syntacc-295Ksteps F-n-20db,brpr-29,synthetic,2,9792.0
P14,A,new,112,07 segundos brrs-23-gt F-n-20db,brrs-23,natural,5,42848.0
P14,A,new,113,08 segundos brpr-22-gt F-n-20db,brpr-22,natural,5,9707.0
P14,A,new,114,08 segundos brpr-25-syntacc-295Ksteps F-n-20db,brpr-25,synthetic,3,16730.0
P14,A,new,115,08 segundos brrs-21-syntacc-295Ksteps F-n-20db,brrs-21,synthetic,3,12122.0
P14,A,new,116,08 segundos brsp-27-syntacc-295Ksteps M-n-20db,brsp-27,synthetic,2,12555.0
P14,A,new,117,08 segundos brsp-29-gt M-n-20db,brsp-29,natural,5,11751.0
P14,A,new,118,09 segundos brpb-20-syntacc-295Ksteps M-n-20db,brpb-20,synthetic,2,10718.0
P14,A,new,119,09 segundos brrs-26-gt F-n-20db,brrs-26,natural,5,10556.0
P14,A,new,120,10 segundos brpb-28-syntacc-295Ksteps M-n-20db,brpb-28,synthetic,2,15034.0
P15,A,new,61,04 segundos brmg-26-syntacc-295Ksteps M-n-20db,brmg-26,synthetic,2,6205.6
P15,A,new,62,04 segundos brpr-14-syntacc-295Ksteps F-n-20db,brpr-14,synthetic,1,5938.6
P15,A,new,63,04 segundos brpr-15-syntacc-295Ksteps F-n-20db,brpr-15,synthetic,2,16158.2
P15,A,new,64,04 segundos brpr-19-syntacc-295Ksteps F-n-20db,brpr-19,synthetic,2,13254.3
P15,A,new,65,04 segundos brpr-20-syntacc-295Ksteps F-n-20db,brpr-20,synthetic,3,11345.7
P15,A,new,66,04 segundos brpr-27-syntacc-295Ksteps F-n-20db,brpr-27,synthetic,2,6597.9
P15,A,new,67,04 segundos brrs-10-gt F-n-20db,brrs-10,natural,5,6065.5
P15,A,new,68,04 segundos brrs-14-gt F-n-20db,brrs-14,natural,5,5923.5
P15,A,new,69,04 segundos brrs-16-gt F-n-20db,brrs-16,natural,5,12363.1
P15,A,new,70,04 segundos brrs-18-gt F-n-20db,brrs-18,natural,5,6624.7
P15,A,new,71,04 segundos brsp-10-gt M-n-20db,brsp-10,natural,3,18120.4
P15,A,new,72,04 segundos brsp-11-gt M-n-20db,brsp-11,natural,5,6373.9
P15,A,new,73,04 segundos brsp-13-gt F-n-20db,brsp-13,natural,5,5706.9
P15,A,new,74,04 segundos brsp-25-syntacc-295Ksteps M-n-20db,brsp-25,synthetic,1,6307.1
P15,A,new,75,05 segundos bral-20-gt M-n-20db,bral-20,natural,5,7573.8
P15,A,new,76,05 segundos bral-22-gt M-n-20db,bral-22,natural,4,10828.8
P15,A,new,77,05 segundos bral-23-gt M-n-20db,bral-23,natural,4,21307.3
P15,A,new,78,05 segundos bral-24-syntacc-295Ksteps M-n-20db,bral-24,synthetic,3,8825.0
P15,A,new,79,05 segundos brba-21-gt M-n-20db,brba-21,natural,5,7424.6
P15,A,new,80,05 segundos brce-22-syntacc-295Ksteps M-n-20db,brce-22,synthetic,1,6240.4
P15,A,new,81,05 segundos brce-26-gt M-n-20db,brce-26,natural,5,6346.6
P15,A,new,82,05 segundos brmg-22-syntacc-295Ksteps F-n-20db,brmg-22,synthetic,2,7558.3
P15,A,new,83,05 segundos brmg-29-syntacc-295Ksteps M-n-20db,brmg-29,synthetic,1,6957.1
P15,A,new,84,05 segundos brpb-22-gt M-n-20db,brpb-22,natural,5,6490.3
P15,A,new,85,05 segundos brpe-22-syntacc-295Ksteps M-n-20db,brpe-22,synthetic,1,7474.7
P15,A,new,86,05 segundos brpe-26-gt M-n-20db,brpe-26,natural,5,8650.2
P15,A,new,87,05 segundos brpe-29-gt M-n-20db,brpe-29,natural,5,6907.7
P15,A,new,88,05 segundos brpr-10-syntacc-295Ksteps F-n-20db,brpr-10,synthetic,4,19063.6
P15,A,new,89,05 segundos brpr-13-syntacc-295Ksteps F-n-20db,brpr-13,synthetic,3,22240.5
P15,A,new,90,05 segundos brpr-18-gt F-n-20db,brpr-18,natural,5,6957.5
P15,A,new,91,05 segundos brpr-28-syntacc-295Ksteps F-n-20db,brpr-28,synthetic,1,7741.2
P15,A,new,92,05 segundos brrj-26-syntacc-295Ksteps M-n-20db,brrj-26,synthetic,2,6257.1
P15,A,new,93,05 segundos brrs-25-gt M-n-20db,brrs-25,natural,5,9093.0
P15,A,new,94,05 segundos brrs-28-gt M-n-20db,brrs-28,natural,5,7542.6
P15,A,new,95,05 segundos brrs-29-syntacc-295Ksteps F-n-20db,brrs-29,synthetic,4,7748.8
P15,A,new,96,05 segundos brsp-22-gt M-n-20db,brsp-22,natural,5,7224.7
P15,A,new,97,05 segundos brsp-24-gt M-n-20db,brsp-24,natural,5,14365.9
P15,A,new,98,05 segundos brsp-28-gt F-n-20db,brsp-28,natural,5,7108.0
P15,A,new,99,06 segundos bral-26-gt M-n-20db,bral-26,natural,5,7835.0
P15,A,new,100,06 segundos brba-22-syntacc-295Ksteps M-n-20db,brba-22,synthetic,1,15941.0
P15,A,new,101,06 segundos brba-24-gt M-n-20db,brba-24,natural,5,7641.4
P15,A,new,102,06 segundos brce-20-syntacc-295Ksteps M-n-20db,brce-20,synthetic,1,7867.3
P15,A,new,103,06 segundos brpe-28-gt M-n-20db,brpe-28,natural,5,8108.1
P15,A,new,104,06 segundos brpr-24-syntacc-295Ksteps F-n-20db,brpr-24,synthetic,2,17127.7
P15,A,new,105,06 segundos brrs-20-gt F-n-20db,brrs-20,natural,5,7565.0
P15,A,new,106,07 segundos brba-23-gt F-n-20db,brba-23,natural,5,9075.5
P15,A,new,107,07 segundos brce-29-syntacc-295Ksteps M-n-20db,brce-29,synthetic,1,9826.6
P15,A,new,108,07 segundos brgo-28-syntacc-295Ksteps M-n-20db,brgo-28,synthetic,1,19054.1
P15,A,new,109,07 segundos brpe-20-syntacc-295Ksteps M-n-20db,brpe-20,synthetic,2,8451.0
P15,A,new,110,07 segundos brpr-21-syntacc-295Ksteps F-n-20db,brpr-21,synthetic,3,11254.5
P15,A,new,111,07 segundos brpr-29-syntacc-295Ksteps F-n-20db,brpr-29,synthetic,2,9243.2
P15,A,new,112,07 segundos brrs-23-gt F-n-20db,brrs-23,natural,5,9762.0
P15,A,new,113,08 segundos brpr-22-gt F-n-20db,brpr-22,natural,5,10060.3
P15,A,new,114,08 segundos brpr-25-syntacc-295Ksteps F-n-20db,brpr-25,synthetic,2,9534.5
P15,A,new,115,08 segundos brrs-21-syntacc-295Ksteps F-n-20db,brrs-21,synthetic,2,11222.9
P15,A,new,116,08 segundos brsp-27-syntacc-295Ksteps M-n-20db,brsp-27,synthetic,3,10911.4
P15,A,new,117,08 segundos brsp-29-gt M-n-20db,brsp-29,natural,5,9987.1
P15,A,new,118,09 segundos brpb-20-syntacc-295Ksteps M-n-20db,brpb-20,synthetic,3,11028.9
P15,A,new,119,09 segundos brrs-26-gt F-n-20db,brrs-26,natural,5,10612.5
P15,A,new,120,10 segundos brpb-28-syntacc-295Ksteps M-n-20db,brpb-28,synthetic,3,12514.1
P16,B,new,1,02 segundos brce-26-syntacc-295Ksteps M-n-20db,brce-26,synthetic,2,6682.9
P16,B,new,2,02 segundos brrs-10-syntacc-295Ksteps F-n-20db,brrs-10,synthetic,2,6231.4
P16,B,new,3,02 segundos brsp-11-syntacc-295Ksteps M-n-20db,brsp-11,synthetic,1,5803.5
P16,B,new,4,02 segundos brsp-13-syntacc-295Ksteps F-n-20db,brsp-13,synthetic,1,5343.0
P16,B,new,5,02 segundos brsp-22-syntacc-295Ksteps M-n-20db,brsp-22,synthetic,1,5554.6
P16,B,new,6,02 segundos brsp-24-syntacc-295Ksteps M-n-20db,brsp-24,synthetic,1,6347.3
P16,B,new,7,03 segundos bral-20-syntacc-295Ksteps M-n-20db,bral-20,synthetic,4,6624.9
P16,B,new,8,03 segundos bral-23-syntacc-295Ksteps M-n-20db,bral-23,synthetic,1,6433.6
P16,B,new,9,03 segundos bral-26-syntacc-295Ksteps M-n-20db,bral-26,synthetic,2,7503.8
P16,B,new,10,03 segundos brba-21-syntacc-295Ksteps M-n-20db,brba-21,synthetic,1,5663.0
P16,B,new,11,03 segundos brba-24-syntacc-295Ksteps M-n-20db,brba-24,synthetic,1,9783.4
P16,B,new,12,03 segundos brpb-22-syntacc-295Ksteps M-n-20db,brpb-22,synthetic,1,7270.7
P16,B,new,13,03 segundos brpe-26-syntacc-295Ksteps M-n-20db,brpe-26,synthetic,1,6419.9
P16,B,new,14,03 segundos brpe-28-syntacc-295Ksteps M-n-20db,brpe-28,synthetic,1,6778.5
P16,B,new,15,03 segundos brpe-29-syntacc-295Ksteps M-n-20db,brpe-29,synthetic,1,5359.9
P16,B,new,16,03 segundos brpr-18-syntacc-295Ksteps F-n-20db,brpr-18,synthetic,1,7181.8
P16,B,new,17,03 segundos brrs-14-syntacc-295Ksteps F-n-20db,brrs-14,synthetic,1,6232.9
P16,B,new,18,03 segundos brrs-16-syntacc-295Ksteps F-n-20db,brrs-16,synthetic,1,5641.3
P16,B,new,19,03 segundos brrs-18-syntacc-295Ksteps F-n-20db,brrs-18,synthetic,2,6692.5
P16,B,new,20,03 segundos brrs-20-syntacc-295Ksteps F-n-20db,brrs-20,synthetic,1,6667.1
P16,B,new,21,03 segundos brrs-23-syntacc-295Ksteps F-n-20db,brrs-23,synthetic,1,7013.2
P16,B,new,22,03 segundos brrs-25-syntacc-295Ksteps M-n-20db,brrs-25,synthetic,3,21554.7
P16,B,new,23,03 segundos brrs-28-syntacc-295Ksteps M-n-20db,brrs-28,synthetic,2,6601.0
P16,B,new,24,03 segundos brsp-10-syntacc-295Ksteps M-n-20db,brsp-10,synthetic,2,7130.4
P16,B,new,25,03 segundos brsp-28-syntacc-295Ksteps F-n-20db,brsp-28,synthetic,1,6736.6
P16,B,new,26,04 segundos bral-22-syntacc-295Ksteps M-n-20db,bral-22,synthetic,1,6746.5
P16,B,new,27,04 segundos brba-23-syntacc-295Ksteps F-n-20db,brba-23,synthetic,1,7268.4
P16,B,new,28,04 segundos brsp-29-syntacc-295Ksteps M-n-20db,brsp-29,synthetic,2,7358.7
P16,B,new,29,05 segundos brpr-10-gt F-n-20db,brpr-10,natural,5,9020.0
P16,B,new,30,05 segundos brpr-14-gt F-n-20db,brpr-14,natural,5,8188.1
P16,B,new,31,05 segundos brpr-15-gt F-n-20db,brpr-15,natural,5,8626.9
P16,B,new,32,05 segundos brpr-22-syntacc-295Ksteps F-n-20db,brpr-22,synthetic,2,8683.0
P16,B,new,33,05 segundos brrs-26-syntacc-295Ksteps F-n-20db,brrs-26,synthetic,3,9117.4
P16,B,new,34,06 segundos bral-24-gt M-n-20db,bral-24,natural,4,9307.8
P16,B,new,35,06 segundos brmg-26-gt M-n-20db,brmg-26,natural,4,9835.5
P16,B,new,36,06 segundos brpr-13-gt F-n-20db,brpr-13,natural,5,9723.0
P16,B,new,37,06 segundos brpr-19-gt F-n-20db,brpr-19,natural,5,8885.3
P16,B,new,38,06 segundos brsp-25-gt M-n-20db,brsp-25,natural,5,10950.0
P16,B,new,39,07 segundos brce-22-gt M-n-20db,brce-22,natural,2,10318.5
P16,B,new,40,07 segundos brmg-22-gt F-n-20db,brmg-22,natural,4,10860.5
P16,B,new,41,07 segundos brpr-20-gt F-n-20db,brpr-20,natural,5,10978.2
P16,B,new,42,07 segundos brpr-27-gt F-n-20db,brpr-27,natural,5,9696.9
P16,B,new,43,08 segundos brce-20-gt M-n-20db,brce-20,natural,2,11696.3
P16,B,new,44,08 segundos brpr-28-gt F-n-20db,brpr-28,natural,5,12686.8
P16,B,new,45,08 segundos brrj-26-gt M-n-20db,brrj-26,natural,5,11187.4
P16,B,new,46,08 segundos brrs-29-gt F-n-20db,brrs-29,natural,5,12016.4
P16,B,new,47,09 segundos brba-22-gt M-n-20db,brba-22,natural,5,13723.5
P16,B,new,48,09 segundos brmg-29-gt M-n-20db,brmg-29,natural,5,13512.9
P16,B,new,49,09 segundos brpr-24-gt F-n-20db,brpr-24,natural,5,13264.8
P16,B,new,50,10 segundos brce-29-gt M-n-20db,brce-29,natural,4,16347.1
P16,B,new,51,10 segundos brgo-28-gt M-n-20db,brgo-28,natural,2,12581.8
P16,B,new,52,10 segundos brpe-22-gt M-n-20db,brpe-22,natural,5,13685.0
P16,B,new,53,10 segundos brpr-29-gt F-n-20db,brpr-29,natural,5,14496.0
P16,B,new,54,11 segundos brpe-20-gt M-n-20db,brpe-20,natural,5,14728.3
P16,B,new,55,11 segundos brpr-25-gt F-n-20db,brpr-25,natural,4,16060.2
P16,B,new,56,12 segundos brpb-28-gt M-n-20db,brpb-28,natural,4,15859.5
P16,B,new,57,12 segundos brpr-21-gt F-n-20db,brpr-21,natural,5,14775.7
P16,B,new,58,13 segundos brpb-20-gt M-n-20db,brpb-20,natural,4,17295.9
P16,B,new,59,14 segundos brrs-24-gt M-n-20db,brrs-24,natural,5,17144.6
P16,B,new,60,17 segundos brrs-21-gt F-n-20db,brrs-21,natural,3,22645.1
P17,B,new,1,02 segundos brce-26-syntacc-295Ksteps M-n-20db,brce-26,synthetic,4,4485.0
P17,B,new,2,02 segundos brrs-10-syntacc-295Ksteps F-n-20db,brrs-10,synthetic,4,3778.0
P17,B,new,3,02 segundos brsp-11-syntacc-295Ksteps M-n-20db,brsp-11,synthetic,1,5603.0
P17,B,new,4,02 segundos brsp-13-syntacc-295Ksteps F-n-20db,brsp-13,synthetic,3,6663.0
P17,B,new,5,02 segundos brsp-22-syntacc-295Ksteps M-n-20db,brsp-22,synthetic,1,4922.0
P17,B,new,6,02 segundos brsp-24-syntacc-295Ksteps M-n-20db,brsp-24,synthetic,1,4599.0
P17,B,new,7,03 segundos bral-20-syntacc-295Ksteps M-n-20db,bral-20,synthetic,3,5835.0
P17,B,new,8,03 segundos bral-23-syntacc-295Ksteps M-n-20db,bral-23,synthetic,1,4553.0
P17,B,new,9,03 segundos bral-26-syntacc-295Ksteps M-n-20db,bral-26,synthetic,1,6133.0
P17,B,new,10,03 segundos brba-21-syntacc-295Ksteps M-n-20db,brba-21,synthetic,2,4402.0
P17,B,new,11,03 segundos brba-24-syntacc-295Ksteps M-n-20db,brba-24,synthetic,3,5050.0
P17,B,new,12,03 segundos brpb-22-syntacc-295Ksteps M-n-20db,brpb-22,synthetic,1,9422.0
P17,B,new,13,03 segundos brpe-26-syntacc-295Ksteps M-n-20db,brpe-26,synthetic,2,5665.0
P17,B,new,14,03 segundos brpe-28-syntacc-295Ksteps M-n-20db,brpe-28,synthetic,2,5104.0
P17,B,new,15,03 segundos brpe-29-syntacc-295Ksteps M-n-20db,brpe-29,synthetic,1,4687.0
P17,B,new,16,03 segundos brpr-18-syntacc-295Ksteps F-n-20db,brpr-18,synthetic,4,5478.0
P17,B,new,17,03 segundos brrs-14-syntacc-295Ksteps F-n-20db,brrs-14,synthetic,2,5970.0
P17,B,new,18,03 segundos brrs-16-syntacc-295Ksteps F-n-20db,brrs-16,synthetic,3,4654.0
P17,B,new,19,03 segundos brrs-18-syntacc-295Ksteps F-n-20db,brrs-18,synthetic,3,5901.0
P17,B,new,20,03 segundos brrs-20-syntacc-295Ksteps F-n-20db,brrs-20,synthetic,3,5404.0
P17,B,new,21,03 segundos brrs-23-syntacc-295Ksteps F-n-20db,brrs-23,synthetic,2,5306.0
P17,B,new,22,03 segundos brrs-25-syntacc-295Ksteps M-n-20db,brrs-25,synthetic,2,6101.0
P17,B,new,23,03 segundos brrs-28-syntacc-295Ksteps M-n-20db,brrs-28,synthetic,3,5669.0
P17,B,new,24,03 segundos brsp-10-syntacc-295Ksteps M-n-20db,brsp-10,synthetic,1,4949.0
P17,B,new,25,03 segundos brsp-28-syntacc-295Ksteps F-n-20db,brsp-28,synthetic,4,5844.0
P17,B,new,26,04 segundos bral-22-syntacc-295Ksteps M-n-20db,bral-22,synthetic,2,7198.0
P17,B,new,27,04 segundos brba-23-syntacc-295Ksteps F-n-20db,brba-23,synthetic,1,5985.0
P17,B,new,28,04 segundos brsp-29-syntacc-295Ksteps M-n-20db,brsp-29,synthetic,2,6366.0
P17,B,new,29,05 segundos brpr-10-gt F-n-20db,brpr-10,natural,5,6719.0
P17,B,new,30,05 segundos brpr-14-gt F-n-20db,brpr-14,natural,5,9401.0
P17,B,new,31,05 segundos brpr-15-gt F-n-20db,brpr-15,natural,4,8755.0
P17,B,new,32,05 segundos brpr-22-syntacc-295Ksteps F-n-20db,brpr-22,synthetic,3,7435.0
P17,B,new,33,05 segundos brrs-26-syntacc-295Ksteps F-n-20db,brrs-26,synthetic,1,7835.0
P17,B,new,34,06 segundos bral-24-gt M-n-20db,bral-24,natural,4,8784.0
P17,B,new,35,06 segundos brmg-26-gt M-n-20db,brmg-26,natural,5,7399.0
P17,B,new,36,06 segundos brpr-13-gt F-n-20db,brpr-13,natural,4,7535.0
P17,B,new,37,06 segundos brpr-19-gt F-n-20db,brpr-19,natural,5,8837.0
P17,B,new,38,06 segundos brsp-25-gt M-n-20db,brsp-25,natural,5,7725.0
P17,B,new,39,07 segundos brce-22-gt M-n-20db,brce-22,natural,4,8285.0
P17,B,new,40,07 segundos brmg-22-gt F-n-20db,brmg-22,natural,5,8400.0
P17,B,new,41,07 segundos brpr-20-gt F-n-20db,brpr-20,natural,5,8883.0
P17,B,new,42,07 segundos brpr-27-gt F-n-20db,brpr-27,natural,5,8525.0
P17,B,new,43,08 segundos brce-20-gt M-n-20db,brce-20,natural,5,10074.0
P17,B,new,44,08 segundos brpr-28-gt F-n-20db,brpr-28,natural,5,11209.0
P17,B,new,45,08 segundos brrj-26-gt M-n-20db,brrj-26,natural,5,9860.0
P17,B,new,46,08 segundos brrs-29-gt F-n-20db,brrs-29,natural,5,9853.0
P17,B,new,47,09 segundos brba-22-gt M-n-20db,brba-22,natural,4,11060.0
P17,B,new,48,09 segundos brmg-29-gt M-n-20db,brmg-29,natural,5,10535.0
P17,B,new,49,09 segundos brpr-24-gt F-n-20db,brpr-24,natural,5,12121.0
P17,B,new,50,10 segundos brce-29-gt M-n-20db,brce-29,natural,4,11541.0
P17,B,new,51,10 segundos brgo-28-gt M-n-20db,brgo-28,natural,4,11571.0
P17,B,new,52,10 segundos brpe-22-gt M-n-20db,brpe-22,natural,5,11771.0
P17,B,new,53,10 segundos brpr-29-gt F-n-20db,brpr-29,natural,4,11405.0
P17,B,new,54,11 segundos brpe-20-gt M-n-20db,brpe-20,natural,5,13502.0
P17,B,new,55,11 segundos brpr-25-gt F-n-20db,brpr-25,natural,5,13940.0
P17,B,new,56,12 segundos brpb-28-gt M-n-20db,brpb-28,natural,5,14610.0
P17,B,new,57,12 segundos brpr-21-gt F-n-20db,brpr-21,natural,5,13607.0
P17,B,new,58,13 segundos brpb-20-gt M-n-20db,brpb-20,natural,5,16059.0
P17,B,new,59,14 segundos brrs-24-gt M-n-20db,brrs-24,natural,5,15931.0
P17,B,new,60,17 segundos brrs-21-gt F-n-20db,brrs-21,natural,4,19837.0
P18,A,new,61,04 segundos brmg-26-syntacc-295Ksteps M-n-20db,brmg-26,synthetic,4,16224.2
P18,A,new,62,04 segundos brpr-14-syntacc-295Ksteps F-n-20db,brpr-14,synthetic,5,5651.3
P18,A,new,63,04 segundos brpr-15-syntacc-295Ksteps F-n-20db,brpr-15,synthetic,4,24389.3
P18,A,new,64,04 segundos brpr-19-syntacc-295Ksteps F-n-20db,brpr-19,synthetic,5,8737.6
P18,A,new,65,04 segundos brpr-20-syntacc-295Ksteps F-n-20db,brpr-20,synthetic,5,7682.7
P18,A,new,66,04 segundos brpr-27-syntacc-295Ksteps F-n-20db,brpr-27,synthetic,3,13194.1
P18,A,new,67,04 segundos brrs-10-gt F-n-20db,brrs-10,natural,5,8569.1
P18,A,new,68,04 segundos brrs-14-gt F-n-20db,brrs-14,natural,5,5271.0
P18,A,new,69,04 segundos brrs-16-gt F-n-20db,brrs-16,natural,5,18930.2
P18,A,new,70,04 segundos brrs-18-gt F-n-20db,brrs-18,natural,4,14947.5
P18,A,new,71,04 segundos brsp-10-gt M-n-20db,brsp-10,natural,5,7973.9
P18,A,new,72,04 segundos brsp-11-gt M-n-20db,brsp-11,natural,5,7174.6
P18,A,new,73,04 segundos brsp-13-gt F-n-20db,brsp-13,natural,5,5965.7
P18,A,new,74,04 segundos brsp-25-syntacc-295Ksteps M-n-20db,brsp-25,synthetic,3,17949.5
P18,A,new,75,05 segundos bral-20-gt M-n-20db,bral-20,natural,5,15942.0
P18,A,new,76,05 segundos bral-22-gt M-n-20db,bral-22,natural,5,7206.7
P18,A,new,77,05 segundos bral-23-gt M-n-20db,bral-23,natural,5,13149.6
P18,A,new,78,05 segundos bral-24-syntacc-295Ksteps M-n-20db,bral-24,synthetic,4,36435.7
P18,A,new,79,05 segundos brba-21-gt M-n-20db,brba-21,natural,5,9479.7
P18,A,new,80,05 segundos brce-22-syntacc-295Ksteps M-n-20db,brce-22,synthetic,1,7638.6
P18,A,new,81,05 segundos brce-26-gt M-n-20db,brce-26,natural,5,21764.4
P18,A,new,82,05 segundos brmg-22-syntacc-295Ksteps F-n-20db,brmg-22,synthetic,3,8276.5
P18,A,new,83,05 segundos brmg-29-syntacc-295Ksteps M-n-20db,brmg-29,synthetic,5,26388.8
P18,A,new,84,05 segundos brpb-22-gt M-n-20db,brpb-22,natural,5,37661.4
P18,A,new,85,05 segundos brpe-22-syntacc-295Ksteps M-n-20db,brpe-22,synthetic,4,19503.6
P18,A,new,86,05 segundos brpe-26-gt M-n-20db,brpe-26,natural,5,7721.8
P18,A,new,87,05 segundos brpe-29-gt M-n-20db,brpe-29,natural,5,6858.2
P18,A,new,88,05 segundos brpr-10-syntacc-295Ksteps F-n-20db,brpr-10,synthetic,4,15013.0
P18,A,new,89,05 segundos brpr-13-syntacc-295Ksteps F-n-20db,brpr-13,synthetic,4,14094.6
P18,A,new,90,05 segundos brpr-18-gt F-n-20db,brpr-18,natural,5,7909.5
P18,A,new,91,05 segundos brpr-28-syntacc-295Ksteps F-n-20db,brpr-28,synthetic,4,6881.8
P18,A,new,92,05 segundos brrj-26-syntacc-295Ksteps M-n-20db,brrj-26,synthetic,5,13801.5
P18,A,new,93,05 segundos brrs-25-gt M-n-20db,brrs-25,natural,5,7261.4
P18,A,new,94,05 segundos brrs-28-gt M-n-20db,brrs-28,natural,5,6994.4
P18,A,new,95,05 segundos brrs-29-syntacc-295Ksteps F-n-20db,brrs-29,synthetic,3,12780.0
P18,A,new,96,05 segundos brsp-22-gt M-n-20db,brsp-22,natural,5,6711.7
P18,A,new,97,05 segundos brsp-24-gt M-n-20db,brsp-24,natural,5,7104.4
P18,A,new,98,05 segundos brsp-28-gt F-n-20db,brsp-28,natural,4,21832.6
P18,A,new,99,06 segundos bral-26-gt M-n-20db,bral-26,natural,5,7956.0
P18,A,new,100,06 segundos brba-22-syntacc-295Ksteps M-n-20db,brba-22,synthetic,3,16118.4
P18,A,new,101,06 segundos brba-24-gt M-n-20db,brba-24,natural,5,8565.0
P18,A,new,102,06 segundos brce-20-syntacc-295Ksteps M-n-20db,brce-20,synthetic,1,8532.8
P18,A,new,103,06 segundos brpe-28-gt M-n-20db,brpe-28,natural,5,8385.8
P18,A,new,104,06 segundos brpr-24-syntacc-295Ksteps F-n-20db,brpr-24,synthetic,3,9530.1
P18,A,new,105,06 segundos brrs-20-gt F-n-20db,brrs-20,natural,4,17798.4
P18,A,new,106,07 segundos brba-23-gt F-n-20db,brba-23,natural,5,11142.4
P18,A,new,107,07 segundos brce-29-syntacc-295Ksteps M-n-20db,brce-29,synthetic,1,23140.3
P18,A,new,108,07 segundos brgo-28-syntacc-295Ksteps M-n-20db,brgo-28,synthetic,2,11967.8
P18,A,new,109,07 segundos brpe-20-syntacc-295Ksteps M-n-20db,brpe-20,synthetic,4,10076.2
P18,A,new,110,07 segundos brpr-21-syntacc-295Ksteps F-n-20db,brpr-21,synthetic,4,18664.9
P18,A,new,111,07 segundos brpr-29-syntacc-295Ksteps F-n-20db,brpr-29,synthetic,5,9187.4
P18,A,new,112,07 segundos brrs-23-gt F-n-20db,brrs-23,natural,5,10391.3
P18,A,new,113,08 segundos brpr-22-gt F-n-20db,brpr-22,natural,5,19933.4
P18,A,new,114,08 segundos brpr-25-syntacc-295Ksteps F-n-20db,brpr-25,synthetic,5,12354.6
P18,A,new,115,08 segundos brrs-21-syntacc-295Ksteps F-n-20db,brrs-21,synthetic,4,25711.4
P18,A,new,116,08 segundos brsp-27-syntacc-295Ksteps M-n-20db,brsp-27,synthetic,4,12498.9
P18,A,new,117,08 segundos brsp-29-gt M-n-20db,brsp-29,natural,5,22568.7
P18,A,new,118,09 segundos brpb-20-syntacc-295Ksteps M-n-20db,brpb-20,synthetic,5,11297.4
P18,A,new,119,09 segundos brrs-26-gt F-n-20db,brrs-26,natural,5,11006.8
P18,A,new,120,10 segundos brpb-28-syntacc-295Ksteps M-n-20db,brpb-28,synthetic,5,24650.9
P19,B,new,1,02 segundos brce-26-syntacc-295Ksteps M-n-20db,brce-26,synthetic,3,5524.3
P19,B,new,2,02 segundos brrs-10-syntacc-295Ksteps F-n-20db,brrs-10,synthetic,5,6419.6
P19,B,new,3,02 segundos brsp-11-syntacc-295Ksteps M-n-20db,brsp-11,synthetic,1,4155.2
P19,B,new,4,02 segundos brsp-13-syntacc-295Ksteps F-n-20db,brsp-13,synthetic,2,6323.8
P19,B,new,5,02 segundos brsp-22-syntacc-295Ksteps M-n-20db,brsp-22,synthetic,4,9089.9
P19,B,new,6,02 segundos brsp-24-syntacc-295Ksteps M-n-20db,brsp-24,synthetic,2,5855.4
P19,B,new,7,03 segundos bral-20-syntacc-295Ksteps M-n-20db,bral-20,synthetic,3,15230.5
P19,B,new,8,03 segundos bral-23-syntacc-295Ksteps M-n-20db,bral-23,synthetic,1,5059.4
P19,B,new,9,03 segundos bral-26-syntacc-295Ksteps M-n-20db,bral-26,synthetic,2,6337.2
P19,B,new,10,03 segundos brba-21-syntacc-295Ksteps M-n-20db,brba-21,synthetic,2,5872.3
P19,B,new,11,03 segundos brba-24-syntacc-295Ksteps M-n-20db,brba-24,synthetic,2,7666.2
P19,B,new,12,03 segundos brpb-22-syntacc-295Ksteps M-n-20db,brpb-22,synthetic,2,6355.3
P19,B,new,13,03 segundos brpe-26-syntacc-295Ksteps M-n-20db,brpe-26,synthetic,5,5006.0
P19,B,new,14,03 segundos brpe-28-syntacc-295Ksteps M-n-20db,brpe-28,synthetic,2,6487.9
P19,B,new,15,03 segundos brpe-29-syntacc-295Ksteps M-n-20db,brpe-29,synthetic,1,14769.2
P19,B,new,16,03 segundos brpr-18-syntacc-295Ksteps F-n-20db,brpr-18,synthetic,2,6636.6
P19,B,new,17,03 segundos brrs-14-syntacc-295Ksteps F-n-20db,brrs-14,synthetic,1,34342.2
P19,B,new,18,03 segundos brrs-16-syntacc-295Ksteps F-n-20db,brrs-16,synthetic,1,5358.3
P19,B,new,19,03 segundos brrs-18-syntacc-295Ksteps F-n-20db,brrs-18,synthetic,2,4957.6
P19,B,new,20,03 segundos brrs-20-syntacc-295Ksteps F-n-20db,brrs-20,synthetic,2,14613.3
P19,B,new,21,03 segundos brrs-23-syntacc-295Ksteps F-n-20db,brrs-23,synthetic,1,6859.9
P19,B,new,22,03 segundos brrs-25-syntacc-295Ksteps M-n-20db,brrs-25,synthetic,2,7015.7
P19,B,new,23,03 segundos brrs-28-syntacc-295Ksteps M-n-20db,brrs-28,synthetic,2,5207.2
P19,B,new,24,03 segundos brsp-10-syntacc-295Ksteps M-n-20db,brsp-10,synthetic,2,7533.9
P19,B,new,25,03 segundos brsp-28-syntacc-295Ksteps F-n-20db,brsp-28,synthetic,5,6301.4
P19,B,new,26,04 segundos bral-22-syntacc-295Ksteps M-n-20db,bral-22,synthetic,1,6217.5
P19,B,new,27,04 segundos brba-23-syntacc-295Ksteps F-n-20db,brba-23,synthetic,1,5772.0
P19,B,new,28,04 segundos brsp-29-syntacc-295Ksteps M-n-20db,brsp-29,synthetic,2,12442.3
P19,B,new,29,05 segundos brpr-10-gt F-n-20db,brpr-10,natural,4,10050.9
P19,B,new,30,05 segundos brpr-14-gt F-n-20db,brpr-14,natural,5,7187.1
P19,B,new,31,05 segundos brpr-15-gt F-n-20db,brpr-15,natural,5,7706.0
P19,B,new,32,05 segundos brpr-22-syntacc-295Ksteps F-n-20db,brpr-22,synthetic,2,11328.9
P19,B,new,33,05 segundos brrs-26-syntacc-295Ksteps F-n-20db,brrs-26,synthetic,2,9174.1
P19,B,new,34,06 segundos bral-24-gt M-n-20db,bral-24,natural,5,9701.7
P19,B,new,35,06 segundos brmg-26-gt M-n-20db,brmg-26,natural,4,14698.6
P19,B,new,36,06 segundos brpr-13-gt F-n-20db,brpr-13,natural,5,8453.4
P19,B,new,37,06 segundos brpr-19-gt F-n-20db,brpr-19,natural,4,14194.3
P19,B,new,38,06 segundos brsp-25-gt M-n-20db,brsp-25,natural,5,8810.6
P19,B,new,39,07 segundos brce-22-gt M-n-20db,brce-22,natural,3,9903.6
P19,B,new,40,07 segundos brmg-22-gt F-n-20db,brmg-22,natural,5,26069.9
P19,B,new,41,07 segundos brpr-20-gt F-n-20db,brpr-20,natural,4,12776.1
P19,B,new,42,07 segundos brpr-27-gt F-n-20db,brpr-27,natural,4,8336.9
P19,B,new,43,08 segundos brce-20-gt M-n-20db,brce-20,natural,4,27257.5
P19,B,new,44,08 segundos brpr-28-gt F-n-20db,brpr-28,natural,5,10676.2
P19,B,new,45,08 segundos brrj-26-gt M-n-20db,brrj-26,natural,4,73394.2
P19,B,new,46,08 segundos brrs-29-gt F-n-20db,brrs-29,natural,5,14072.5
P19,B,new,47,09 segundos brba-22-gt M-n-20db,brba-22,natural,5,11533.5
P19,B,new,48,09 segundos brmg-29-gt M-n-20db,brmg-29,natural,4,34980.2
P19,B,new,49,09 segundos brpr-24-gt F-n-20db,brpr-24,natural,5,340260.8
P19,B,new,50,10 segundos brce-29-gt M-n-20db,brce-29,natural,4,18654.9
P19,B,new,51,10 segundos brgo-28-gt M-n-20db,brgo-28,natural,5,12326.0
P19,B,new,52,10 segundos brpe-22-gt M-n-20db,brpe-22,natural,5,12153.7
P19,B,new,53,10 segundos brpr-29-gt F-n-20db,brpr-29,natural,5,11849.1
P19,B,new,54,11 segundos brpe-20-gt M-n-20db,brpe-20,natural,5,13436.6
P19,B,new,55,11 segundos brpr-25-gt F-n-20db,brpr-25,natural,4,16690.6
P19,B,new,56,12 segundos brpb-28-gt M-n-20db,brpb-28,natural,5,14084.7
P19,B,new,57,12 segundos brpr-21-gt F-n-20db,brpr-21,natural,4,912930.8
P19,B,new,58,13 segundos brpb-20-gt M-n-20db,brpb-20,natural,5,15376.5
P19,B,new,59,14 segundos brrs-24-gt M-n-20db,brrs-24,natural,5,15577.4
P19,B,new,60,17 segundos brrs-21-gt F-n-20db,brrs-21,natural,5,19189.6
P20,B,new,1,02 segundos brce-26-syntacc-295Ksteps M-n-20db,brce-26,synthetic,2,4239.1
P20,B,new,2,02 segundos brrs-10-syntacc-295Ksteps F-n-20db,brrs-10,synthetic,3,14249.4
P20,B,new,3,02 segundos brsp-11-syntacc-295Ksteps M-n-20db,brsp-11,synthetic,1,4854.2
P20,B,new,4,02 segundos brsp-13-syntacc-295Ksteps F-n-20db,brsp-13,synthetic,2,10285.4
P20,B,new,5,02 segundos brsp-22-syntacc-295Ksteps M-n-20db,brsp-22,synthetic,1,4218.5
P20,B,new,6,02 segundos brsp-24-syntacc-295Ksteps M-n-20db,brsp-24,synthetic,1,12719.4
P20,B,new,7,03 segundos bral-20-syntacc-295Ksteps M-n-20db,bral-20,synthetic,3,13434.6
P20,B,new,8,03 segundos bral-23-syntacc-295Ksteps M-n-20db,bral-23,synthetic,1,5932.7
P20,B,new,9,03 segundos bral-26-syntacc-295Ksteps M-n-20db,bral-26,synthetic,1,5144.2
P20,B,new,10,03 segundos brba-21-syntacc-295Ksteps M-n-20db,brba-21,synthetic,1,4455.8
P20,B,new,11,03 segundos brba-24-syntacc-295Ksteps M-n-20db,brba-24,synthetic,2,12870.6
P20,B,new,12,03 segundos brpb-22-syntacc-295Ksteps M-n-20db,brpb-22,synthetic,1,5570.8
P20,B,new,13,03 segundos brpe-26-syntacc-295Ksteps M-n-20db,brpe-26,synthetic,3,10352.2
P20,B,new,14,03 segundos brpe-28-syntacc-295Ksteps M-n-20db,brpe-28,synthetic,1,5079.8
P20,B,new,15,03 segundos brpe-29-syntacc-295Ksteps M-n-20db,brpe-29,synthetic,1,6388.9
P20,B,new,16,03 segundos brpr-18-syntacc-295Ksteps F-n-20db,brpr-18,synthetic,3,16524.7
P20,B,new,17,03 segundos brrs-14-syntacc-295Ksteps F-n-20db,brrs-14,synthetic,2,20354.8
P20,B,new,18,03 segundos brrs-16-syntacc-295Ksteps F-n-20db,brrs-16,synthetic,2,5021.3
P20,B,new,19,03 segundos brrs-18-syntacc-295Ksteps F-n-20db,brrs-18,synthetic,2,9218.5
P20,B,new,20,03 segundos brrs-20-syntacc-295Ksteps F-n-20db,brrs-20,synthetic,1,5073.0
P20,B,new,21,03 segundos brrs-23-syntacc-295Ksteps F-n-20db,brrs-23,synthetic,1,5567.1
P20,B,new,22,03 segundos brrs-25-syntacc-295Ksteps M-n-20db,brrs-25,synthetic,2,5331.7
P20,B,new,23,03 segundos brrs-28-syntacc-295Ksteps M-n-20db,brrs-28,synthetic,3,11757.2
P20,B,new,24,03 segundos brsp-10-syntacc-295Ksteps M-n-20db,brsp-10,synthetic,1,4329.9
P20,B,new,25,03 segundos brsp-28-syntacc-295Ksteps F-n-20db,brsp-28,synthetic,1,6562.0
P20,B,new,26,04 segundos bral-22-syntacc-295Ksteps M-n-20db,bral-22,synthetic,1,11939.5
P20,B,new,27,04 segundos brba-23-syntacc-295Ksteps F-n-20db,brba-23,synthetic,1,5435.0
P20,B,new,28,04 segundos brsp-29-syntacc-295Ksteps M-n-20db,brsp-29,synthetic,1,6882.9
P20,B,new,29,05 segundos brpr-10-gt F-n-20db,brpr-10,natural,5,7138.1
P20,B,new,30,05 segundos brpr-14-gt F-n-20db,brpr-14,natural,5,13606.6
P20,B,new,31,05 segundos brpr-15-gt F-n-20db,brpr-15,natural,5,7405.3
P20,B,new,32,05 segundos brpr-22-syntacc-295Ksteps F-n-20db,brpr-22,synthetic,2,6822.9
P20,B,new,33,05 segundos brrs-26-syntacc-295Ksteps F-n-20db,brrs-26,synthetic,1,7509.0
P20,B,new,34,06 segundos bral-24-gt M-n-20db,bral-24,natural,3,23646.3
P20,B,new,35,06 segundos brmg-26-gt M-n-20db,brmg-26,natural,2,13975.4
P20,B,new,36,06 segundos brpr-13-gt F-n-20db,brpr-13,natural,5,7515.8
P20,B,new,37,06 segundos brpr-19-gt F-n-20db,brpr-19,natural,5,8862.6
P20,B,new,38,06 segundos brsp-25-gt M-n-20db,brsp-25,natural,4,35068.4
P20,B,new,39,07 segundos brce-22-gt M-n-20db,brce-22,natural,4,18526.6
P20,B,new,40,07 segundos brmg-22-gt F-n-20db,brmg-22,natural,5,8392.3
P20,B,new,41,07 segundos brpr-20-gt F-n-20db,brpr-20,natural,5,8260.3
P20,B,new,42,07 segundos brpr-27-gt F-n-20db,brpr-27,natural,5,8342.9
P20,B,new,43,08 segundos brce-20-gt M-n-20db,brce-20,natural,4,11312.3
P20,B,new,44,08 segundos brpr-28-gt F-n-20db,brpr-28,natural,5,10434.4
P20,B,new,45,08 segundos brrj-26-gt M-n-20db,brrj-26,natural,5,43125.8
P20,B,new,46,08 segundos brrs-29-gt F-n-20db,brrs-29,natural,4,34425.7
P20,B,new,47,09 segundos brba-22-gt M-n-20db,brba-22,natural,5,19820.1
P20,B,new,48,09 segundos brmg-29-gt M-n-20db,brmg-29,natural,5,10694.8
P20,B,new,49,09 segundos brpr-24-gt F-n-20db,brpr-24,natural,5,11010.4
P20,B,new,50,10 segundos brce-29-gt M-n-20db,brce-29,natural,5,12455.4
P20,B,new,51,10 segundos brgo-28-gt M-n-20db,brgo-28,natural,4,34535.2
P20,B,new,52,10 segundos brpe-22-gt M-n-20db,brpe-22,natural,5,13109.5
P20,B,new,53,10 segundos brpr-29-gt F-n-20db,brpr-29,natural,5,11921.4
P20,B,new,54,11 segundos brpe-20-gt M-n-20db,brpe-20,natural,5,12403.6
P20,B,new,55,11 segundos brpr-25-gt F-n-20db,brpr-25,natural,5,13028.5
P20,B,new,56,12 segundos brpb-28-gt M-n-20db,brpb-28,natural,5,14396.4
P20,B,new,57,12 segundos brpr-21-gt F-n-20db,brpr-21,natural,5,13363.0
P20,B,new,58,13 segundos brpb-20-gt M-n-20db,brpb-20,natural,5,15518.4
P20,B,new,59,14 segundos brrs-24-gt M-n-20db,brrs-24,natural,5,43634.5
P20,B,new,60,17 segundos brrs-21-gt F-n-20db,brrs-21,natural,3,34204.0
P21,B,new,1,02 segundos brce-26-syntacc-295Ksteps M-n-20db,brce-26,synthetic,5,7421.0
P21,B,new,2,02 segundos brrs-10-syntacc-295Ksteps F-n-20db,brrs-10,synthetic,4,5345.0
P21,B,new,3,02 segundos brsp-11-syntacc-295Ksteps M-n-20db,brsp-11,synthetic,2,4372.0
P21,B,new,4,02 segundos brsp-13-syntacc-295Ksteps F-n-20db,brsp-13,synthetic,1,4966.0
P21,B,new,5,02 segundos brsp-22-syntacc-295Ksteps M-n-20db,brsp-22,synthetic,2,6231.0
P21,B,new,6,02 segundos brsp-24-syntacc-295Ksteps M-n-20db,brsp-24,synthetic,1,5578.0
P21,B,new,7,03 segundos bral-20-syntacc-295Ksteps M-n-20db,bral-20,synthetic,3,16196.0
P21,B,new,8,03 segundos bral-23-syntacc-295Ksteps M-n-20db,bral-23,synthetic,2,6451.0
P21,B,new,9,03 segundos bral-26-syntacc-295Ksteps M-n-20db,bral-26,synthetic,2,13492.0
P21,B,new,10,03 segundos brba-21-syntacc-295Ksteps M-n-20db,brba-21,synthetic,2,9293.0
P21,B,new,11,03 segundos brba-24-syntacc-295Ksteps M-n-20db,brba-24,synthetic,2,11190.0
P21,B,new,12,03 segundos brpb-22-syntacc-295Ksteps M-n-20db,brpb-22,synthetic,2,7499.0
P21,B,new,13,03 segundos brpe-26-syntacc-295Ksteps M-n-20db,brpe-26,synthetic,4,6287.0
P21,B,new,14,03 segundos brpe-28-syntacc-295Ksteps M-n-20db,brpe-28,synthetic,3,7171.0
P21,B,new,15,03 segundos brpe-29-syntacc-295Ksteps M-n-20db,brpe-29,synthetic,2,4783.0
P21,B,new,16,03 segundos brpr-18-syntacc-295Ksteps F-n-20db,brpr-18,synthetic,3,6425.0
P21,B,new,17,03 segundos brrs-14-syntacc-295Ksteps F-n-20db,brrs-14,synthetic,3,5884.0
P21,B,new,18,03 segundos brrs-16-syntacc-295Ksteps F-n-20db,brrs-16,synthetic,4,6727.0
P21,B,new,19,03 segundos brrs-18-syntacc-295Ksteps F-n-20db,brrs-18,synthetic,3,5415.0
P21,B,new,20,03 segundos brrs-20-syntacc-295Ksteps F-n-20db,brrs-20,synthetic,3,5317.0
P21,B,new,21,03 segundos brrs-23-syntacc-295Ksteps F-n-20db,brrs-23,synthetic,3,5759.0
P21,B,new,22,03 segundos brrs-25-syntacc-295Ksteps M-n-20db,brrs-25,synthetic,4,13953.0
P21,B,new,23,03 segundos brrs-28-syntacc-295Ksteps M-n-20db,brrs-28,synthetic,2,6615.0
P21,B,new,24,03 segundos brsp-10-syntacc-295Ksteps M-n-20db,brsp-10,synthetic,4,6682.0
P21,B,new,25,03 segundos brsp-28-syntacc-295Ksteps F-n-20db,brsp-28,synthetic,3,6283.0
P21,B,new,26,04 segundos bral-22-syntacc-295Ksteps M-n-20db,bral-22,synthetic,1,13262.0
P21,B,new,27,04 segundos brba-23-syntacc-295Ksteps F-n-20db,brba-23,synthetic,2,7914.0
P21,B,new,28,04 segundos brsp-29-syntacc-295Ksteps M-n-20db,brsp-29,synthetic,4,9472.0
P21,B,new,29,05 segundos brpr-10-gt F-n-20db,brpr-10,natural,5,7621.0
P21,B,new,30,05 segundos brpr-14-gt F-n-20db,brpr-14,natural,5,7080.0
P21,B,new,31,05 segundos brpr-15-gt F-n-20db,brpr-15,natural,5,7520.0
P21,B,new,32,05 segundos brpr-22-syntacc-295Ksteps F-n-20db,brpr-22,synthetic,2,9002.0
P21,B,new,33,05 segundos brrs-26-syntacc-295Ksteps F-n-20db,brrs-26,synthetic,1,7459.0
P21,B,new,34,06 segundos bral-24-gt M-n-20db,bral-24,natural,5,10203.0
P21,B,new,35,06 segundos brmg-26-gt M-n-20db,brmg-26,natural,5,8968.0
P21,B,new,36,06 segundos brpr-13-gt F-n-20db,brpr-13,natural,5,18782.0
P21,B,new,37,06 segundos brpr-19-gt F-n-20db,brpr-19,natural,5,9129.0
P21,B,new,38,06 segundos brsp-25-gt M-n-20db,brsp-25,natural,5,15845.0
P21,B,new,39,07 segundos brce-22-gt M-n-20db,brce-22,natural,5,8434.0
P21,B,new,40,07 segundos brmg-22-gt F-n-20db,brmg-22,natural,5,9533.0
P21,B,new,41,07 segundos brpr-20-gt F-n-20db,brpr-20,natural,5,174956.0
P21,B,new,42,07 segundos brpr-27-gt F-n-20db,brpr-27,natural,5,8460.0
P21,B,new,43,08 segundos brce-20-gt M-n-20db,brce-20,natural,5,12250.0
P21,B,new,44,08 segundos brpr-28-gt F-n-20db,brpr-28,natural,5,10398.0
P21,B,new,45,08 segundos brrj-26-gt M-n-20db,brrj-26,natural,5,15464.0
P21,B,new,46,08 segundos brrs-29-gt F-n-20db,brrs-29,natural,5,11854.0
P21,B,new,47,09 segundos brba-22-gt M-n-20db,brba-22,natural,5,10978.0
P21,B,new,48,09 segundos brmg-29-gt M-n-20db,brmg-29,natural,5,10748.0
P21,B,new,49,09 segundos brpr-24-gt F-n-20db,brpr-24,natural,5,11809.0
P21,B,new,50,10 segundos brce-29-gt M-n-20db,brce-29,natural,5,11296.0
P21,B,new,51,10 segundos brgo-28-gt M-n-20db,brgo-28,natural,5,12353.0
P21,B,new,52,10 segundos brpe-22-gt M-n-20db,brpe-22,natural,5,12258.0
P21,B,new,53,10 segundos brpr-29-gt F-n-20db,brpr-29,natural,5,13354.0
P21,B,new,54,11 segundos brpe-20-gt M-n-20db,brpe-20,natural,5,13593.0
P21,B,new,55,11 segundos brpr-25-gt F-n-20db,brpr-25,natural,5,27078.0
P21,B,new,56,12 segundos brpb-28-gt M-n-20db,brpb-28,natural,5,18689.0
P21,B,new,57,12 segundos brpr-21-gt F-n-20db,brpr-21,natural,5,18435.0
P21,B,new,58,13 segundos brpb-20-gt M-n-20db,brpb-20,natural,5,16091.0
P21,B,new,59,14 segundos brrs-24-gt M-n-20db,brrs-24,natural,5,18585.0
P21,B,new,60,17 segundos brrs-21-gt F-n-20db,brrs-21,natural,5,20566.0
P22,A,new,61,04 segundos brmg-26-syntacc-295Ksteps M-n-20db,brmg-26,synthetic,4,4865.7
P22,A,new,62,04 segundos brpr-14-syntacc-295Ksteps F-n-20db,brpr-14,synthetic,4,5250.0
P22,A,new,63,04 segundos brpr-15-syntacc-295Ksteps F-n-20db,brpr-15,synthetic,4,11551.4
P22,A,new,64,04 segundos brpr-19-syntacc-295Ksteps F-n-20db,brpr-19,synthetic,3,11565.6
P22,A,new,65,04 segundos brpr-20-syntacc-295Ksteps F-n-20db,brpr-20,synthetic,4,5732.8
P22,A,new,66,04 segundos brpr-27-syntacc-295Ksteps F-n-20db,brpr-27,synthetic,2,11229.9
P22,A,new,67,04 segundos brrs-10-gt F-n-20db,brrs-10,natural,5,6332.9
P22,A,new,68,04 segundos brrs-14-gt F-n-20db,brrs-14,natural,5,6314.7
P22,A,new,69,04 segundos brrs-16-gt F-n-20db,brrs-16,natural,5,5760.3
P22,A,new,70,04 segundos brrs-18-gt F-n-20db,brrs-18,natural,5,5711.9
P22,A,new,71,04 segundos brsp-10-gt M-n-20db,brsp-10,natural,5,5797.8
P22,A,new,72,04 segundos brsp-11-gt M-n-20db,brsp-11,natural,4,10433.9
P22,A,new,73,04 segundos brsp-13-gt F-n-20db,brsp-13,natural,5,5246.3
P22,A,new,74,04 segundos brsp-25-syntacc-295Ksteps M-n-20db,brsp-25,synthetic,2,5633.3
P22,A,new,75,05 segundos bral-20-gt M-n-20db,bral-20,natural,5,5883.0
P22,A,new,76,05 segundos bral-22-gt M-n-20db,bral-22,natural,3,10013.2
P22,A,new,77,05 segundos bral-23-gt M-n-20db,bral-23,natural,2,13857.2
P22,A,new,78,05 segundos bral-24-syntacc-295Ksteps M-n-20db,bral-24,synthetic,2,9418.7
P22,A,new,79,05 segundos brba-21-gt M-n-20db,brba-21,natural,5,6512.0
P22,A,new,80,05 segundos brce-22-syntacc-295Ksteps M-n-20db,brce-22,synthetic,2,6206.7
P22,A,new,81,05 segundos brce-26-gt M-n-20db,brce-26,natural,4,6197.4
P22,A,new,82,05 segundos brmg-22-syntacc-295Ksteps F-n-20db,brmg-22,synthetic,4,7150.2
P22,A,new,83,05 segundos brmg-29-syntacc-295Ksteps M-n-20db,brmg-29,synthetic,2,7000.0
P22,A,new,84,05 segundos brpb-22-gt M-n-20db,brpb-22,natural,5,6393.8
P22,A,new,85,05 segundos brpe-22-syntacc-295Ksteps M-n-20db,brpe-22,synthetic,3,6652.2
P22,A,new,86,05 segundos brpe-26-gt M-n-20db,brpe-26,natural,5,7774.0
P22,A,new,87,05 segundos brpe-29-gt M-n-20db,brpe-29,natural,4,12305.3
P22,A,new,88,05 segundos brpr-10-syntacc-295Ksteps F-n-20db,brpr-10,synthetic,4,6015.1
P22,A,new,89,05 segundos brpr-13-syntacc-295Ksteps F-n-20db,brpr-13,synthetic,3,10784.7
P22,A,new,90,05 segundos brpr-18-gt F-n-20db,brpr-18,natural,5,6037.8
P22,A,new,91,05 segundos brpr-28-syntacc-295Ksteps F-n-20db,brpr-28,synthetic,4,8693.6
P22,A,new,92,05 segundos brrj-26-syntacc-295Ksteps M-n-20db,brrj-26,synthetic,2,6134.9
P22,A,new,93,05 segundos brrs-25-gt M-n-20db,brrs-25,natural,5,6676.6
P22,A,new,94,05 segundos brrs-28-gt M-n-20db,brrs-28,natural,5,6331.6
P22,A,new,95,05 segundos brrs-29-syntacc-295Ksteps F-n-20db,brrs-29,synthetic,2,6622.2
P22,A,new,96,05 segundos brsp-22-gt M-n-20db,brsp-22,natural,5,6648.9
P22,A,new,97,05 segundos brsp-24-gt M-n-20db,brsp-24,natural,5,7150.7
P22,A,new,98,05 segundos brsp-28-gt F-n-20db,brsp-28,natural,5,8860.3
P22,A,new,99,06 segundos bral-26-gt M-n-20db,bral-26,natural,3,14998.7
P22,A,new,100,06 segundos brba-22-syntacc-295Ksteps M-n-20db,brba-22,synthetic,2,7727.8
P22,A,new,101,06 segundos brba-24-gt M-n-20db,brba-24,natural,5,7446.2
P22,A,new,102,06 segundos brce-20-syntacc-295Ksteps M-n-20db,brce-20,synthetic,1,7639.4
P22,A,new,103,06 segundos brpe-28-gt M-n-20db,brpe-28,natural,5,7721.6
P22,A,new,104,06 segundos brpr-24-syntacc-295Ksteps F-n-20db,brpr-24,synthetic,3,8987.4
P22,A,new,105,06 segundos brrs-20-gt F-n-20db,brrs-20,natural,5,7613.5
P22,A,new,106,07 segundos brba-23-gt F-n-20db,brba-23,natural,4,13377.5
P22,A,new,107,07 segundos brce-29-syntacc-295Ksteps M-n-20db,brce-29,synthetic,2,8938.1
P22,A,new,108,07 segundos brgo-28-syntacc-295Ksteps M-n-20db,brgo-28,synthetic,2,8832.5
P22,A,new,109,07 segundos brpe-20-syntacc-295Ksteps M-n-20db,brpe-20,synthetic,5,8068.8
P22,A,new,110,07 segundos brpr-21-syntacc-295Ksteps F-n-20db,brpr-21,synthetic,4,10008.5
P22,A,new,111,07 segundos brpr-29-syntacc-295Ksteps F-n-20db,brpr-29,synthetic,3,11465.6
P22,A,new,112,07 segundos brrs-23-gt F-n-20db,brrs-23,natural,5,7956.8
P22,A,new,113,08 segundos brpr-22-gt F-n-20db,brpr-22,natural,5,12192.8
P22,A,new,114,08 segundos brpr-25-syntacc-295Ksteps F-n-20db,brpr-25,synthetic,3,10189.2
P22,A,new,115,08 segundos brrs-21-syntacc-295Ksteps F-n-20db,brrs-21,synthetic,3,9906.6
P22,A,new,116,08 segundos brsp-27-syntacc-295Ksteps M-n-20db,brsp-27,synthetic,3,9714.7
P22,A,new,117,08 segundos brsp-29-gt M-n-20db,brsp-29,natural,5,9419.3
P22,A,new,118,09 segundos brpb-20-syntacc-295Ksteps M-n-20db,brpb-20,synthetic,3,10928.3
P22,A,new,119,09 segundos brrs-26-gt F-n-20db,brrs-26,natural,5,10182.5
P22,A,new,120,10 segundos brpb-28-syntacc-295Ksteps M-n-20db,brpb-28,synthetic,2,11321.5
P23,A,new,61,04 segundos brmg-26-syntacc-295Ksteps M-n-20db,brmg-26,synthetic,3,13538.1
P23,A,new,62,04 segundos brpr-14-syntacc-295Ksteps F-n-20db,brpr-14,synthetic,3,6811.1
P23,A,new,63,04 segundos brpr-15-syntacc-295Ksteps F-n-20db,brpr-15,synthetic,4,6811.8
P23,A,new,64,04 segundos brpr-19-syntacc-295Ksteps F-n-20db,brpr-19,synthetic,2,8166.6
P23,A,new,65,04 segundos brpr-20-syntacc-295Ksteps F-n-20db,brpr-20,synthetic,4,6415.5
P23,A,new,66,04 segundos brpr-27-syntacc-295Ksteps F-n-20db,brpr-27,synthetic,2,6650.7
P23,A,new,67,04 segundos brrs-10-gt F-n-20db,brrs-10,natural,5,5710.7
P23,A,new,68,04 segundos brrs-14-gt F-n-20db,brrs-14,natural,5,5277.5
P23,A,new,69,04 segundos brrs-16-gt F-n-20db,brrs-16,natural,5,16709.4
P23,A,new,70,04 segundos brrs-18-gt F-n-20db,brrs-18,natural,4,53096.8
P23,A,new,71,04 segundos brsp-10-gt M-n-20db,brsp-10,natural,5,6329.0
P23,A,new,72,04 segundos brsp-11-gt M-n-20db,brsp-11,natural,4,12612.8
P23,A,new,73,04 segundos brsp-13-gt F-n-20db,brsp-13,natural,4,6813.3
P23,A,new,74,04 segundos brsp-25-syntacc-295Ksteps M-n-20db,brsp-25,synthetic,1,6528.1
P23,A,new,75,05 segundos bral-20-gt M-n-20db,bral-20,natural,5,6435.8
P23,A,new,76,05 segundos bral-22-gt M-n-20db,bral-22,natural,4,31921.2
P23,A,new,77,05 segundos bral-23-gt M-n-20db,bral-23,natural,4,6592.3
P23,A,new,78,05 segundos bral-24-syntacc-295Ksteps M-n-20db,bral-24,synthetic,4,8113.9
P23,A,new,79,05 segundos brba-21-gt M-n-20db,brba-21,natural,4,13793.8
P23,A,new,80,05 segundos brce-22-syntacc-295Ksteps M-n-20db,brce-22,synthetic,1,6847.0
P23,A,new,81,05 segundos brce-26-gt M-n-20db,brce-26,natural,5,11615.8
P23,A,new,82,05 segundos brmg-22-syntacc-295Ksteps F-n-20db,brmg-22,synthetic,1,6630.5
P23,A,new,83,05 segundos brmg-29-syntacc-295Ksteps M-n-20db,brmg-29,synthetic,2,9072.8
P23,A,new,84,05 segundos brpb-22-gt M-n-20db,brpb-22,natural,5,7958.1
P23,A,new,85,05 segundos brpe-22-syntacc-295Ksteps M-n-20db,brpe-22,synthetic,1,8190.0
P23,A,new,86,05 segundos brpe-26-gt M-n-20db,brpe-26,natural,5,8027.5
P23,A,new,87,05 segundos brpe-29-gt M-n-20db,brpe-29,natural,4,11595.0
P23,A,new,88,05 segundos brpr-10-syntacc-295Ksteps F-n-20db,brpr-10,synthetic,2,9083.4
P23,A,new,89,05 segundos brpr-13-syntacc-295Ksteps F-n-20db,brpr-13,synthetic,2,6664.9
P23,A,new,90,05 segundos brpr-18-gt F-n-20db,brpr-18,natural,5,6378.2
P23,A,new,91,05 segundos brpr-28-syntacc-295Ksteps F-n-20db,brpr-28,synthetic,3,6893.0
P23,A,new,92,05 segundos brrj-26-syntacc-295Ksteps M-n-20db,brrj-26,synthetic,1,6736.7
P23,A,new,93,05 segundos brrs-25-gt M-n-20db,brrs-25,natural,5,37534.8
P23,A,new,94,05 segundos brrs-28-gt M-n-20db,brrs-28,natural,5,7560.3
P23,A,new,95,05 segundos brrs-29-syntacc-295Ksteps F-n-20db,brrs-29,synthetic,4,17270.2
P23,A,new,96,05 segundos brsp-22-gt M-n-20db,brsp-22,natural,5,7064.3
P23,A,new,97,05 segundos brsp-24-gt M-n-20db,brsp-24,natural,5,6664.6
P23,A,new,98,05 segundos brsp-28-gt F-n-20db,brsp-28,natural,5,7082.8
P23,A,new,99,06 segundos bral-26-gt M-n-20db,bral-26,natural,5,16340.7
P23,A,new,100,06 segundos brba-22-syntacc-295Ksteps M-n-20db,brba-22,synthetic,3,16097.3
P23,A,new,101,06 segundos brba-24-gt M-n-20db,brba-24,natural,5,7458.0
P23,A,new,102,06 segundos brce-20-syntacc-295Ksteps M-n-20db,brce-20,synthetic,1,8306.1
P23,A,new,103,06 segundos brpe-28-gt M-n-20db,brpe-28,natural,4,16213.7
P23,A,new,104,06 segundos brpr-24-syntacc-295Ksteps F-n-20db,brpr-24,synthetic,2,8044.4
P23,A,new,105,06 segundos brrs-20-gt F-n-20db,brrs-20,natural,5,7831.1
P23,A,new,106,07 segundos brba-23-gt F-n-20db,brba-23,natural,5,8826.3
P23,A,new,107,07 segundos brce-29-syntacc-295Ksteps M-n-20db,brce-29,synthetic,1,15604.7
P23,A,new,108,07 segundos brgo-28-syntacc-295Ksteps M-n-20db,brgo-28,synthetic,4,9201.0
P23,A,new,109,07 segundos brpe-20-syntacc-295Ksteps M-n-20db,brpe-20,synthetic,3,17126.3
P23,A,new,110,07 segundos brpr-21-syntacc-295Ksteps F-n-20db,brpr-21,synthetic,1,18667.5
P23,A,new,111,07 segundos brpr-29-syntacc-295Ksteps F-n-20db,brpr-29,synthetic,3,16159.0
P23,A,new,112,07 segundos brrs-23-gt F-n-20db,brrs-23,natural,4,8629.9
P23,A,new,113,08 segundos brpr-22-gt F-n-20db,brpr-22,natural,4,10402.8
P23,A,new,114,08 segundos brpr-25-syntacc-295Ksteps F-n-20db,brpr-25,synthetic,2,10278.7
P23,A,new,115,08 segundos brrs-21-syntacc-295Ksteps F-n-20db,brrs-21,synthetic,4,20453.5
P23,A,new,116,08 segundos brsp-27-syntacc-295Ksteps M-n-20db,brsp-27,synthetic,2,18554.4
P23,A,new,117,08 segundos brsp-29-gt M-n-20db,brsp-29,natural,5,10912.1
P23,A,new,118,09 segundos brpb-20-syntacc-295Ksteps M-n-20db,brpb-20,synthetic,1,12116.9
P23,A,new,119,09 segundos brrs-26-gt F-n-20db,brrs-26,natural,5,11283.3
P23,A,new,120,10 segundos brpb-28-syntacc-295Ksteps M-n-20db,brpb-28,synthetic,1,11707.7
P24,A,new,61,04 segundos brmg-26-syntacc-295Ksteps M-n-20db,brmg-26,synthetic,4,5533.0
P24,A,new,62,04 segundos brpr-14-syntacc-295Ksteps F-n-20db,brpr-14,synthetic,4,9799.6
P24,A,new,63,04 segundos brpr-15-syntacc-295Ksteps F-n-20db,brpr-15,synthetic,2,5551.6
P24,A,new,64,04 segundos brpr-19-syntacc-295Ksteps F-n-20db,brpr-19,synthetic,3,13223.1
P24,A,new,65,04 segundos brpr-20-syntacc-295Ksteps F-n-20db,brpr-20,synthetic,4,7796.4
P24,A,new,66,04 segundos brpr-27-syntacc-295Ksteps F-n-20db,brpr-27,synthetic,3,8822.9
P24,A,new,67,04 segundos brrs-10-gt F-n-20db,brrs-10,natural,3,16600.0
P24,A,new,68,04 segundos brrs-14-gt F-n-20db,brrs-14,natural,4,6958.8
P24,A,new,69,04 segundos brrs-16-gt F-n-20db,brrs-16,natural,4,8096.1
P24,A,new,70,04 segundos brrs-18-gt F-n-20db,brrs-18,natural,4,11167.5
P24,A,new,71,04 segundos brsp-10-gt M-n-20db,brsp-10,natural,3,7815.0
P24,A,new,72,04 segundos brsp-11-gt M-n-20db,brsp-11,natural,5,6386.4
P24,A,new,73,04 segundos brsp-13-gt F-n-20db,brsp-13,natural,3,7064.8
P24,A,new,74,04 segundos brsp-25-syntacc-295Ksteps M-n-20db,brsp-25,synthetic,3,6199.0
P24,A,new,75,05 segundos bral-20-gt M-n-20db,bral-20,natural,5,6379.3
P24,A,new,76,05 segundos bral-22-gt M-n-20db,bral-22,natural,3,13072.1
P24,A,new,77,05 segundos bral-23-gt M-n-20db,bral-23,natural,4,8479.6
P24,A,new,78,05 segundos bral-24-syntacc-295Ksteps M-n-20db,bral-24,synthetic,2,8744.3
P24,A,new,79,05 segundos brba-21-gt M-n-20db,brba-21,natural,5,7516.5
P24,A,new,80,05 segundos brce-22-syntacc-295Ksteps M-n-20db,brce-22,synthetic,2,6899.6
P24,A,new,81,05 segundos brce-26-gt M-n-20db,brce-26,natural,3,17591.2
P24,A,new,82,05 segundos brmg-22-syntacc-295Ksteps F-n-20db,brmg-22,synthetic,2,6199.8
P24,A,new,83,05 segundos brmg-29-syntacc-295Ksteps M-n-20db,brmg-29,synthetic,3,10854.6
P24,A,new,84,05 segundos brpb-22-gt M-n-20db,brpb-22,natural,4,7815.0
P24,A,new,85,05 segundos brpe-22-syntacc-295Ksteps M-n-20db,brpe-22,synthetic,2,10799.8
P24,A,new,86,05 segundos brpe-26-gt M-n-20db,brpe-26,natural,5,7991.0
P24,A,new,87,05 segundos brpe-29-gt M-n-20db,brpe-29,natural,3,10463.3
P24,A,new,88,05 segundos brpr-10-syntacc-295Ksteps F-n-20db,brpr-10,synthetic,2,10083.2
P24,A,new,89,05 segundos brpr-13-syntacc-295Ksteps F-n-20db,brpr-13,synthetic,4,6332.3
P24,A,new,90,05 segundos brpr-18-gt F-n-20db,brpr-18,natural,4,7839.8
P24,A,new,91,05 segundos brpr-28-syntacc-295Ksteps F-n-20db,brpr-28,synthetic,2,6496.3
P24,A,new,92,05 segundos brrj-26-syntacc-295Ksteps M-n-20db,brrj-26,synthetic,2,8096.1
P24,A,new,93,05 segundos brrs-25-gt M-n-20db,brrs-25,natural,5,7236.2
P24,A,new,94,05 segundos brrs-28-gt M-n-20db,brrs-28,natural,4,6614.5
P24,A,new,95,05 segundos brrs-29-syntacc-295Ksteps F-n-20db,brrs-29,synthetic,4,9408.3
P24,A,new,96,05 segundos brsp-22-gt M-n-20db,brsp-22,natural,5,6410.1
P24,A,new,97,05 segundos brsp-24-gt M-n-20db,brsp-24,natural,4,21503.5
P24,A,new,98,05 segundos brsp-28-gt F-n-20db,brsp-28,natural,4,8334.9
P24,A,new,99,06 segundos bral-26-gt M-n-20db,bral-26,natural,4,27639.7
P24,A,new,100,06 segundos brba-22-syntacc-295Ksteps M-n-20db,brba-22,synthetic,1,7936.4
P24,A,new,101,06 segundos brba-24-gt M-n-20db,brba-24,natural,4,7072.5
P24,A,new,102,06 segundos brce-20-syntacc-295Ksteps M-n-20db,brce-20,synthetic,3,8578.4
P24,A,new,103,06 segundos brpe-28-gt M-n-20db,brpe-28,natural,5,7464.7
P24,A,new,104,06 segundos brpr-24-syntacc-295Ksteps F-n-20db,brpr-24,synthetic,3,11983.7
P24,A,new,105,06 segundos brrs-20-gt F-n-20db,brrs-20,natural,5,8816.0
P24,A,new,106,07 segundos brba-23-gt F-n-20db,brba-23,natural,4,9543.2
P24,A,new,107,07 segundos brce-29-syntacc-295Ksteps M-n-20db,brce-29,synthetic,2,10818.6
P24,A,new,108,07 segundos brgo-28-syntacc-295Ksteps M-n-20db,brgo-28,synthetic,1,8831.4
P24,A,new,109,07 segundos brpe-20-syntacc-295Ksteps M-n-20db,brpe-20,synthetic,4,8366.8
P24,A,new,110,07 segundos brpr-21-syntacc-295Ksteps F-n-20db,brpr-21,synthetic,2,8937.0
P24,A,new,111,07 segundos brpr-29-syntacc-295Ksteps F-n-20db,brpr-29,synthetic,4,9424.4
P24,A,new,112,07 segundos brrs-23-gt F-n-20db,brrs-23,natural,5,8080.3
P24,A,new,113,08 segundos brpr-22-gt F-n-20db,brpr-22,natural,4,12342.8
P24,A,new,114,08 segundos brpr-25-syntacc-295Ksteps F-n-20db,brpr-25,synthetic,3,10656.3
P24,A,new,115,08 segundos brrs-21-syntacc-295Ksteps F-n-20db,brrs-21,synthetic,4,12077.8
P24,A,new,116,08 segundos brsp-27-syntacc-295Ksteps M-n-20db,brsp-27,synthetic,3,10425.0
P24,A,new,117,08 segundos brsp-29-gt M-n-20db,brsp-29,natural,4,9504.3
P24,A,new,118,09 segundos brpb-20-syntacc-295Ksteps M-n-20db,brpb-20,synthetic,4,10463.7
P24,A,new,119,09 segundos brrs-26-gt F-n-20db,brrs-26,natural,5,11288.3
P24,A,new,120,10 segundos brpb-28-syntacc-295Ksteps M-n-20db,brpb-28,synthetic,1,12208.1
P25,A,new,61,04 segundos brmg-26-syntacc-295Ksteps M-n-20db,brmg-26,synthetic,1,7063.8
P25,A,new,62,04 segundos brpr-14-syntacc-295Ksteps F-n-20db,brpr-14,synthetic,4,6799.7
P25,A,new,63,04 segundos brpr-15-syntacc-295Ksteps F-n-20db,brpr-15,synthetic,3,10425.7
P25,A,new,64,04 segundos brpr-19-syntacc-295Ksteps F-n-20db,brpr-19,synthetic,2,6391.4
P25,A,new,65,04 segundos brpr-20-syntacc-295Ksteps F-n-20db,brpr-20,synthetic,2,6477.3
P25,A,new,66,04 segundos brpr-27-syntacc-295Ksteps F-n-20db,brpr-27,synthetic,3,6798.3
P25,A,new,67,04 segundos brrs-10-gt F-n-20db,brrs-10,natural,2,15075.1
P25,A,new,68,04 segundos brrs-14-gt F-n-20db,brrs-14,natural,2,5617.3
P25,A,new,69,04 segundos brrs-16-gt F-n-20db,brrs-16,natural,5,6873.8
P25,A,new,70,04 segundos brrs-18-gt F-n-20db,brrs-18,natural,5,7329.9
P25,A,new,71,04 segundos brsp-10-gt M-n-20db,brsp-10,natural,5,6690.8
P25,A,new,72,04 segundos brsp-11-gt M-n-20db,brsp-11,natural,5,7292.0
P25,A,new,73,04 segundos brsp-13-gt F-n-20db,brsp-13,natural,5,6958.1
P25,A,new,74,04 segundos brsp-25-syntacc-295Ksteps M-n-20db,brsp-25,synthetic,1,6700.7
P25,A,new,75,05 segundos bral-20-gt M-n-20db,bral-20,natural,5,6463.3
P25,A,new,76,05 segundos bral-22-gt M-n-20db,bral-22,natural,1,16717.3
P25,A,new,77,05 segundos bral-23-gt M-n-20db,bral-23,natural,4,6785.3
P25,A,new,78,05 segundos bral-24-syntacc-295Ksteps M-n-20db,bral-24,synthetic,4,7723.8
P25,A,new,79,05 segundos brba-21-gt M-n-20db,brba-21,natural,4,17217.4
P25,A,new,80,05 segundos brce-22-syntacc-295Ksteps M-n-20db,brce-22,synthetic,1,6848.6
P25,A,new,81,05 segundos brce-26-gt M-n-20db,brce-26,natural,5,6531.4
P25,A,new,82,05 segundos brmg-22-syntacc-295Ksteps F-n-20db,brmg-22,synthetic,3,6939.5
P25,A,new,83,05 segundos brmg-29-syntacc-295Ksteps M-n-20db,brmg-29,synthetic,2,7201.0
P25,A,new,84,05 segundos brpb-22-gt M-n-20db,brpb-22,natural,3,7440.7
P25,A,new,85,05 segundos brpe-22-syntacc-295Ksteps M-n-20db,brpe-22,synthetic,1,7491.8
P25,A,new,86,05 segundos brpe-26-gt M-n-20db,brpe-26,natural,5,6947.1
P25,A,new,87,05 segundos brpe-29-gt M-n-20db,brpe-29,natural,5,8173.2
P25,A,new,88,05 segundos brpr-10-syntacc-295Ksteps F-n-20db,brpr-10,synthetic,2,21990.0
P25,A,new,89,05 segundos brpr-13-syntacc-295Ksteps F-n-20db,brpr-13,synthetic,4,9554.5
P25,A,new,90,05 segundos brpr-18-gt F-n-20db,brpr-18,natural,5,7117.6
P25,A,new,91,05 segundos brpr-28-syntacc-295Ksteps F-n-20db,brpr-28,synthetic,1,9836.3
P25,A,new,92,05 segundos brrj-26-syntacc-295Ksteps M-n-20db,brrj-26,synthetic,2,7371.5
P25,A,new,93,05 segundos brrs-25-gt M-n-20db,brrs-25,natural,5,7425.9
P25,A,new,94,05 segundos brrs-28-gt M-n-20db,brrs-28,natural,4,7354.2
P25,A,new,95,05 segundos brrs-29-syntacc-295Ksteps F-n-20db,brrs-29,synthetic,1,7207.8
P25,A,new,96,05 segundos brsp-22-gt M-n-20db,brsp-22,natural,4,7530.3
P25,A,new,97,05 segundos brsp-24-gt M-n-20db,brsp-24,natural,4,53687.7
P25,A,new,98,05 segundos brsp-28-gt F-n-20db,brsp-28,natural,3,8246.2
P25,A,new,99,06 segundos bral-26-gt M-n-20db,bral-26,natural,2,8159.8
P25,A,new,100,06 segundos brba-22-syntacc-295Ksteps M-n-20db,brba-22,synthetic,1,8413.9
P25,A,new,101,06 segundos brba-24-gt M-n-20db,brba-24,natural,4,7609.3
P25,A,new,102,06 segundos brce-20-syntacc-295Ksteps M-n-20db,brce-20,synthetic,1,9402.7
P25,A,new,103,06 segundos brpe-28-gt M-n-20db,brpe-28,natural,5,7957.5
P25,A,new,104,06 segundos brpr-24-syntacc-295Ksteps F-n-20db,brpr-24,synthetic,1,8235.2
P25,A,new,105,06 segundos brrs-20-gt F-n-20db,brrs-20,natural,4,8413.5
P25,A,new,106,07 segundos brba-23-gt F-n-20db,brba-23,natural,5,9134.4
P25,A,new,107,07 segundos brce-29-syntacc-295Ksteps M-n-20db,brce-29,synthetic,1,9555.8
P25,A,new,108,07 segundos brgo-28-syntacc-295Ksteps M-n-20db,brgo-28,synthetic,2,9462.2
P25,A,new,109,07 segundos brpe-20-syntacc-295Ksteps M-n-20db,brpe-20,synthetic,3,8914.6
P25,A,new,110,07 segundos brpr-21-syntacc-295Ksteps F-n-20db,brpr-21,synthetic,1,9306.1
P25,A,new,111,07 segundos brpr-29-syntacc-295Ksteps F-n-20db,brpr-29,synthetic,3,9541.7
P25,A,new,112,07 segundos brrs-23-gt F-n-20db,brrs-23,natural,4,8991.8
P25,A,new,113,08 segundos brpr-22-gt F-n-20db,brpr-22,natural,3,12594.6
P25,A,new,114,08 segundos brpr-25-syntacc-295Ksteps F-n-20db,brpr-25,synthetic,2,10834.6
P25,A,new,115,08 segundos brrs-21-syntacc-295Ksteps F-n-20db,brrs-21,synthetic,2,10900.2
P25,A,new,116,08 segundos brsp-27-syntacc-295Ksteps M-n-20db,brsp-27,synthetic,1,10332.0
P25,A,new,117,08 segundos brsp-29-gt M-n-20db,brsp-29,natural,5,10200.8
P25,A,new,118,09 segundos brpb-20-syntacc-295Ksteps M-n-20db,brpb-20,synthetic,1,15345.8
P25,A,new,119,09 segundos brrs-26-gt F-n-20db,brrs-26,natural,4,11931.0
P25,A,new,120,10 segundos brpb-28-syntacc-295Ksteps M-n-20db,brpb-28,synthetic,1,17953.6
P26,A,old,5,09 segundos brpb-20-syntacc-295Ksteps M-n-20db,brpb-20,synthetic,3,14735.0
P26,A,old,6,06 segundos brce-20-syntacc-295Ksteps M-n-20db,brce-20,synthetic,2,10328.0
P26,A,old,7,04 segundos brpr-15-syntacc-295Ksteps F-n-20db,brpr-15,synthetic,5,11126.0
P26,A,old,8,05 segundos bral-22-gt M-n-20db,bral-22,natural,4,8263.0
P26,A,old,9,05 segundos brpr-28-syntacc-295Ksteps F-n-20db,brpr-28,synthetic,5,12400.0
P26,A,old,10,05 segundos brsp-28-gt F-n-20db,brsp-28,natural,5,8639.0
P26,A,old,11,07 segundos brba-23-gt F-n-20db,brba-23,natural,5,10767.0
P26,A,old,12,08 segundos brrs-21-syntacc-295Ksteps F-n-20db,brrs-21,synthetic,3,12743.0
P26,A,old,13,05 segundos brrj-26-syntacc-295Ksteps M-n-20db,brrj-26,synthetic,3,7831.0
P26,A,old,14,05 segundos bral-20-gt M-n-20db,bral-20,natural,4,9639.0
P26,A,old,15,05 segundos brrs-29-syntacc-295Ksteps F-n-20db,brrs-29,synthetic,3,10359.0
P26,A,old,16,05 segundos brrs-28-gt M-n-20db,brrs-28,natural,4,41160.0
P26,A,old,17,04 segundos brrs-14-gt F-n-20db,brrs-14,natural,4,8103.0
P26,A,old,18,07 segundos brce-29-syntacc-295Ksteps M-n-20db,brce-29,synthetic,1,23975.0
P26,A,old,19,10 segundos brpb-28-syntacc-295Ksteps M-n-20db,brpb-28,synthetic,2,10967.0
P26,A,old,20,05 segundos brba-21-gt M-n-20db,brba-21,natural,3,8631.0
P26,A,old,21,06 segundos brba-22-syntacc-295Ksteps M-n-20db,brba-22,synthetic,1,13799.0
P26,A,old,22,06 segundos brrs-20-gt F-n-20db,brrs-20,natural,3,18415.0
P26,A,old,23,05 segundos brpe-26-gt M-n-20db,brpe-26,natural,3,12247.0
P26,A,old,24,05 segundos bral-24-syntacc-295Ksteps M-n-20db,bral-24,synthetic,1,6847.0
P26,A,old,25,05 segundos brpr-13-syntacc-295Ksteps F-n-20db,brpr-13,synthetic,1,230928.0
P26,A,old,26,04 segundos brsp-10-gt M-n-20db,brsp-10,natural,3,9318.0
P26,A,old,27,04 segundos brpr-20-syntacc-295Ksteps F-n-20db,brpr-20,synthetic,2,11343.0
P26,A,old,28,09 segundos brrs-26-gt F-n-20db,brrs-26,natural,4,11632.0
P26,A,old,29,05 segundos brsp-22-gt M-n-20db,brsp-22,natural,3,8631.0
P26,A,old,30,05 segundos brsp-24-gt M-n-20db,brsp-24,natural,3,7760.0
P26,A,old,31,04 segundos brsp-25-syntacc-295Ksteps M-n-20db,brsp-25,synthetic,1,5702.0
P26,A,old,32,05 segundos bral-23-gt M-n-20db,bral-23,natural,2,6744.0
P26,A,old,33,08 segundos brpr-25-syntacc-295Ksteps F-n-20db,brpr-25,synthetic,2,10751.0
P26,A,old,34,08 segundos brsp-29-gt M-n-20db,brsp-29,natural,4,11735.0
P26,A,old,35,04 segundos brrs-16-gt F-n-20db,brrs-16,natural,4,8015.0
P26,A,old,36,05 segundos brpe-29-gt M-n-20db,brpe-29,natural,3,8296.0
P26,A,old,37,04 segundos brrs-18-gt F-n-20db,brrs-18,natural,3,26166.0
P26,A,old,38,05 segundos brpr-18-gt F-n-20db,brpr-18,natural,3,9760.0
P26,A,old,39,06 segundos brpe-28-gt M-n-20db,brpe-28,natural,3,8087.0
P26,A,old,40,08 segundos brsp-27-syntacc-295Ksteps M-n-20db,brsp-27,synthetic,1,12479.0
P26,A,old,41,08 segundos brpr-22-gt F-n-20db,brpr-22,natural,3,11119.0
P26,A,old,42,05 segundos brpb-22-gt M-n-20db,brpb-22,natural,3,9104.0
P26,A,old,43,04 segundos brpr-27-syntacc-295Ksteps F-n-20db,brpr-27,synthetic,2,12087.0
P26,A,old,44,04 segundos brrs-10-gt F-n-20db,brrs-10,natural,3,8832.0
P26,A,old,45,06 segundos brba-24-gt M-n-20db,brba-24,natural,3,13486.0
P26,A,old,46,05 segundos brmg-22-syntacc-295Ksteps F-n-20db,brmg-22,synthetic,2,8519.0
P26,A,old,47,07 segundos brpr-29-syntacc-295Ksteps F-n-20db,brpr-29,synthetic,3,10232.0
P26,A,old,48,04 segundos brpr-19-syntacc-295Ksteps F-n-20db,brpr-19,synthetic,2,5495.0
P26,A,old,49,04 segundos brsp-13-gt F-n-20db,brsp-13,natural,4,6903.0
P26,A,old,50,05 segundos brmg-29-syntacc-295Ksteps M-n-20db,brmg-29,synthetic,1,5320.0
P26,A,old,51,07 segundos brgo-28-syntacc-295Ksteps M-n-20db,brgo-28,synthetic,2,6311.0
P26,A,old,52,05 segundos brpe-22-syntacc-295Ksteps M-n-20db,brpe-22,synthetic,2,9679.0
P26,A,old,53,07 segundos brpr-21-syntacc-295Ksteps F-n-20db,brpr-21,synthetic,2,11607.0
P26,A,old,54,06 segundos bral-26-gt M-n-20db,bral-26,natural,1,7351.0
P26,A,old,55,04 segundos brsp-11-gt M-n-20db,brsp-11,natural,2,7663.0
P26,A,old,56,04 segundos brpr-14-syntacc-295Ksteps F-n-20db,brpr-14,synthetic,3,8127.0
P26,A,old,57,05 segundos brce-26-gt M-n-20db,brce-26,natural,3,7919.0
P26,A,old,58,07 segundos brrs-23-gt F-n-20db,brrs-23,natural,4,9806.0
P26,A,old,59,06 segundos brpr-24-syntacc-295Ksteps F-n-20db,brpr-24,synthetic,2,8896.0
P26,A,old,60,05 segundos brce-22-syntacc-295Ksteps M-n-20db,brce-22,synthetic,1,4647.0
P26,A,old,61,05 segundos brpr-10-syntacc-295Ksteps F-n-20db,brpr-10,synthetic,2,7807.0
P26,A,old,62,05 segundos brrs-25-gt M-n-20db,brrs-25,natural,5,8455.0
P26,A,old,63,07 segundos brpe-20-syntacc-295Ksteps M-n-20db,brpe-20,synthetic,2,9535.0
P26,A,old,64,04 segundos brmg-26-syntacc-295Ksteps M-n-20db,brmg-26,synthetic,1,8199.0
P27,B,new,1,02 segundos brce-26-syntacc-295Ksteps M-n-20db,brce-26,synthetic,5,3565.1
P27,B,new,2,02 segundos brrs-10-syntacc-295Ksteps F-n-20db,brrs-10,synthetic,5,3646.6
P27,B,new,3,02 segundos brsp-11-syntacc-295Ksteps M-n-20db,brsp-11,synthetic,2,4754.8
P27,B,new,4,02 segundos brsp-13-syntacc-295Ksteps F-n-20db,brsp-13,synthetic,2,5972.0
P27,B,new,5,02 segundos brsp-22-syntacc-295Ksteps M-n-20db,brsp-22,synthetic,3,3782.8
P27,B,new,6,02 segundos brsp-24-syntacc-295Ksteps M-n-20db,brsp-24,synthetic,1,4165.0
P27,B,new,7,03 segundos bral-20-syntacc-295Ksteps M-n-20db,bral-20,synthetic,4,4344.5
P27,B,new,8,03 segundos bral-23-syntacc-295Ksteps M-n-20db,bral-23,synthetic,3,5973.4
P27,B,new,9,03 segundos bral-26-syntacc-295Ksteps M-n-20db,bral-26,synthetic,5,5830.9
P27,B,new,10,03 segundos brba-21-syntacc-295Ksteps M-n-20db,brba-21,synthetic,3,4794.5
P27,B,new,11,03 segundos brba-24-syntacc-295Ksteps M-n-20db,brba-24,synthetic,1,6653.6
P27,B,new,12,03 segundos brpb-22-syntacc-295Ksteps M-n-20db,brpb-22,synthetic,2,5264.9
P27,B,new,13,03 segundos brpe-26-syntacc-295Ksteps M-n-20db,brpe-26,synthetic,2,6217.9
P27,B,new,14,03 segundos brpe-28-syntacc-295Ksteps M-n-20db,brpe-28,synthetic,3,4938.8
P27,B,new,15,03 segundos brpe-29-syntacc-295Ksteps M-n-20db,brpe-29,synthetic,1,5288.9
P27,B,new,16,03 segundos brpr-18-syntacc-295Ksteps F-n-20db,brpr-18,synthetic,4,4581.5
P27,B,new,17,03 segundos brrs-14-syntacc-295Ksteps F-n-20db,brrs-14,synthetic,2,6203.1
P27,B,new,18,03 segundos brrs-16-syntacc-295Ksteps F-n-20db,brrs-16,synthetic,2,4371.4
P27,B,new,19,03 segundos brrs-18-syntacc-295Ksteps F-n-20db,brrs-18,synthetic,4,4673.4
P27,B,new,20,03 segundos brrs-20-syntacc-295Ksteps F-n-20db,brrs-20,synthetic,2,7402.5
P27,B,new,21,03 segundos brrs-23-syntacc-295Ksteps F-n-20db,brrs-23,synthetic,3,6709.8
P27,B,new,22,03 segundos brrs-25-syntacc-295Ksteps M-n-20db,brrs-25,synthetic,3,10845.0
P27,B,new,23,03 segundos brrs-28-syntacc-295Ksteps M-n-20db,brrs-28,synthetic,3,12042.4
P27,B,new,24,03 segundos brsp-10-syntacc-295Ksteps M-n-20db,brsp-10,synthetic,1,4684.2
P27,B,new,25,03 segundos brsp-28-syntacc-295Ksteps F-n-20db,brsp-28,synthetic,2,5286.0
P27,B,new,26,04 segundos bral-22-syntacc-295Ksteps M-n-20db,bral-22,synthetic,1,5203.5
P27,B,new,27,04 segundos brba-23-syntacc-295Ksteps F-n-20db,brba-23,synthetic,1,5261.1
P27,B,new,28,04 segundos brsp-29-syntacc-295Ksteps M-n-20db,brsp-29,synthetic,3,5852.7
P27,B,new,29,05 segundos brpr-10-gt F-n-20db,brpr-10,natural,5,6622.4
P27,B,new,30,05 segundos brpr-14-gt F-n-20db,brpr-14,natural,5,6963.7
P27,B,new,31,05 segundos brpr-15-gt F-n-20db,brpr-15,natural,5,6454.4
P27,B,new,32,05 segundos brpr-22-syntacc-295Ksteps F-n-20db,brpr-22,synthetic,3,7529.7
P27,B,new,33,05 segundos brrs-26-syntacc-295Ksteps F-n-20db,brrs-26,synthetic,1,7235.9
P27,B,new,34,06 segundos bral-24-gt M-n-20db,bral-24,natural,5,8084.3
P27,B,new,35,06 segundos brmg-26-gt M-n-20db,brmg-26,natural,4,7216.2
P27,B,new,36,06 segundos brpr-13-gt F-n-20db,brpr-13,natural,4,7385.7
P27,B,new,37,06 segundos brpr-19-gt F-n-20db,brpr-19,natural,5,7058.1
P27,B,new,38,06 segundos brsp-25-gt M-n-20db,brsp-25,natural,5,9875.8
P27,B,new,39,07 segundos brce-22-gt M-n-20db,brce-22,natural,4,8892.9
P27,B,new,40,07 segundos brmg-22-gt F-n-20db,brmg-22,natural,3,8709.1
P27,B,new,41,07 segundos brpr-20-gt F-n-20db,brpr-20,natural,5,8126.2
P27,B,new,42,07 segundos brpr-27-gt F-n-20db,brpr-27,natural,4,8635.6
P27,B,new,43,08 segundos brce-20-gt M-n-20db,brce-20,natural,5,10780.3
P27,B,new,44,08 segundos brpr-28-gt F-n-20db,brpr-28,natural,5,14495.6
P27,B,new,45,08 segundos brrj-26-gt M-n-20db,brrj-26,natural,5,10547.2
P27,B,new,46,08 segundos brrs-29-gt F-n-20db,brrs-29,natural,3,9985.8
P27,B,new,47,09 segundos brba-22-gt M-n-20db,brba-22,natural,4,11183.5
P27,B,new,48,09 segundos brmg-29-gt M-n-20db,brmg-29,natural,5,10426.6
P27,B,new,49,09 segundos brpr-24-gt F-n-20db,brpr-24,natural,5,10690.5
P27,B,new,50,10 segundos brce-29-gt M-n-20db,brce-29,natural,5,11279.5
P27,B,new,51,10 segundos brgo-28-gt M-n-20db,brgo-28,natural,4,10853.3
P27,B,new,52,10 segundos brpe-22-gt M-n-20db,brpe-22,natural,5,11813.0
P27,B,new,53,10 segundos brpr-29-gt F-n-20db,brpr-29,natural,5,11573.8
P27,B,new,54,11 segundos brpe-20-gt M-n-20db,brpe-20,natural,5,12335.0
P27,B,new,55,11 segundos brpr-25-gt F-n-20db,brpr-25,natural,4,13316.8
P27,B,new,56,12 segundos brpb-28-gt M-n-20db,brpb-28,natural,5,13794.8
P27,B,new,57,12 segundos brpr-21-gt F-n-20db,brpr-21,natural,5,13140.3
P27,B,new,58,13 segundos brpb-20-gt M-n-20db,brpb-20,natural,5,23501.8
P27,B,new,59,14 segundos brrs-24-gt M-n-20db,brrs-24,natural,5,15434.6
P27,B,new,60,17 segundos brrs-21-gt F-n-20db,brrs-21,natural,5,19869.0
P28,A,new,61,04 segundos brmg-26-syntacc-295Ksteps M-n-20db,brmg-26,synthetic,2,6872.4
P28,A,new,62,04 segundos brpr-14-syntacc-295Ksteps F-n-20db,brpr-14,synthetic,2,7767.8
P28,A,new,63,04 segundos brpr-15-syntacc-295Ksteps F-n-20db,brpr-15,synthetic,4,7487.9
P28,A,new,64,04 segundos brpr-19-syntacc-295Ksteps F-n-20db,brpr-19,synthetic,2,5968.4
P28,A,new,65,04 segundos brpr-20-syntacc-295Ksteps F-n-20db,brpr-20,synthetic,1,5940.0
P28,A,new,66,04 segundos brpr-27-syntacc-295Ksteps F-n-20db,brpr-27,synthetic,3,6294.5
P28,A,new,67,04 segundos brrs-10-gt F-n-20db,brrs-10,natural,5,6509.8
P28,A,new,68,04 segundos brrs-14-gt F-n-20db,brrs-14,natural,5,5273.2
P28,A,new,69,04 segundos brrs-16-gt F-n-20db,brrs-16,natural,5,6504.6
P28,A,new,70,04 segundos brrs-18-gt F-n-20db,brrs-18,natural,5,6060.4
P28,A,new,71,04 segundos brsp-10-gt M-n-20db,brsp-10,natural,5,7287.9
P28,A,new,72,04 segundos brsp-11-gt M-n-20db,brsp-11,natural,5,6907.3
P28,A,new,73,04 segundos brsp-13-gt F-n-20db,brsp-13,natural,5,6311.6
P28,A,new,74,04 segundos brsp-25-syntacc-295Ksteps M-n-20db,brsp-25,synthetic,1,6113.5
P28,A,new,75,05 segundos bral-20-gt M-n-20db,bral-20,natural,5,6600.5
P28,A,new,76,05 segundos bral-22-gt M-n-20db,bral-22,natural,4,9649.9
P28,A,new,77,05 segundos bral-23-gt M-n-20db,bral-23,natural,5,7477.5
P28,A,new,78,05 segundos bral-24-syntacc-295Ksteps M-n-20db,bral-24,synthetic,1,6307.3
P28,A,new,79,05 segundos brba-21-gt M-n-20db,brba-21,natural,3,9406.5
P28,A,new,80,05 segundos brce-22-syntacc-295Ksteps M-n-20db,brce-22,synthetic,1,9246.9
P28,A,new,81,05 segundos brce-26-gt M-n-20db,brce-26,natural,4,8528.4
P28,A,new,82,05 segundos brmg-22-syntacc-295Ksteps F-n-20db,brmg-22,synthetic,1,6429.6
P28,A,new,83,05 segundos brmg-29-syntacc-295Ksteps M-n-20db,brmg-29,synthetic,5,6558.9
P28,A,new,84,05 segundos brpb-22-gt M-n-20db,brpb-22,natural,5,6328.5
P28,A,new,85,05 segundos brpe-22-syntacc-295Ksteps M-n-20db,brpe-22,synthetic,1,7284.5
P28,A,new,86,05 segundos brpe-26-gt M-n-20db,brpe-26,natural,5,7311.1
P28,A,new,87,05 segundos brpe-29-gt M-n-20db,brpe-29,natural,5,7203.5
P28,A,new,88,05 segundos brpr-10-syntacc-295Ksteps F-n-20db,brpr-10,synthetic,2,6481.0
P28,A,new,89,05 segundos brpr-13-syntacc-295Ksteps F-n-20db,brpr-13,synthetic,3,7342.9
P28,A,new,90,05 segundos brpr-18-gt F-n-20db,brpr-18,natural,4,6102.7
P28,A,new,91,05 segundos brpr-28-syntacc-295Ksteps F-n-20db,brpr-28,synthetic,4,9727.3
P28,A,new,92,05 segundos brrj-26-syntacc-295Ksteps M-n-20db,brrj-26,synthetic,1,6372.7
P28,A,new,93,05 segundos brrs-25-gt M-n-20db,brrs-25,natural,5,9134.2
P28,A,new,94,05 segundos brrs-28-gt M-n-20db,brrs-28,natural,5,7067.7
P28,A,new,95,05 segundos brrs-29-syntacc-295Ksteps F-n-20db,brrs-29,synthetic,1,6854.8
P28,A,new,96,05 segundos brsp-22-gt M-n-20db,brsp-22,natural,5,13857.4
P28,A,new,97,05 segundos brsp-24-gt M-n-20db,brsp-24,natural,5,6327.3
P28,A,new,98,05 segundos brsp-28-gt F-n-20db,brsp-28,natural,4,13496.4
P28,A,new,99,06 segundos bral-26-gt M-n-20db,bral-26,natural,5,7744.4
P28,A,new,100,06 segundos brba-22-syntacc-295Ksteps M-n-20db,brba-22,synthetic,2,8256.7
P28,A,new,101,06 segundos brba-24-gt M-n-20db,brba-24,natural,4,8999.1
P28,A,new,102,06 segundos brce-20-syntacc-295Ksteps M-n-20db,brce-20,synthetic,1,8057.5
P28,A,new,103,06 segundos brpe-28-gt M-n-20db,brpe-28,natural,5,7888.6
P28,A,new,104,06 segundos brpr-24-syntacc-295Ksteps F-n-20db,brpr-24,synthetic,5,9478.7
P28,A,new,105,06 segundos brrs-20-gt F-n-20db,brrs-20,natural,1,8903.0
P28,A,new,106,07 segundos brba-23-gt F-n-20db,brba-23,natural,5,9291.9
P28,A,new,107,07 segundos brce-29-syntacc-295Ksteps M-n-20db,brce-29,synthetic,1,9648.8
P28,A,new,108,07 segundos brgo-28-syntacc-295Ksteps M-n-20db,brgo-28,synthetic,3,9987.2
P28,A,new,109,07 segundos brpe-20-syntacc-295Ksteps M-n-20db,brpe-20,synthetic,2,9409.3
P28,A,new,110,07 segundos brpr-21-syntacc-295Ksteps F-n-20db,brpr-21,synthetic,5,11844.6
P28,A,new,111,07 segundos brpr-29-syntacc-295Ksteps F-n-20db,brpr-29,synthetic,4,11759.8
P28,A,new,112,07 segundos brrs-23-gt F-n-20db,brrs-23,natural,4,9140.5
P28,A,new,113,08 segundos brpr-22-gt F-n-20db,brpr-22,natural,5,9745.6
P28,A,new,114,08 segundos brpr-25-syntacc-295Ksteps F-n-20db,brpr-25,synthetic,1,10110.3
P28,A,new,115,08 segundos brrs-21-syntacc-295Ksteps F-n-20db,brrs-21,synthetic,5,11662.4
P28,A,new,116,08 segundos brsp-27-syntacc-295Ksteps M-n-20db,brsp-27,synthetic,5,9654.7
P28,A,new,117,08 segundos brsp-29-gt M-n-20db,brsp-29,natural,5,9829.2
P28,A,new,118,09 segundos brpb-20-syntacc-295Ksteps M-n-20db,brpb-20,synthetic,1,10821.4
P28,A,new,119,09 segundos brrs-26-gt F-n-20db,brrs-26,natural,5,10520.3
P28,A,new,120,10 segundos brpb-28-syntacc-295Ksteps M-n-20db,brpb-28,synthetic,1,12367.8
P29,B,new,1,02 segundos brce-26-syntacc-295Ksteps M-n-20db,brce-26,synthetic,4,4726.4
P29,B,new,2,02 segundos brrs-10-syntacc-295Ksteps F-n-20db,brrs-10,synthetic,5,8281.2
P29,B,new,3,02 segundos brsp-11-syntacc-295Ksteps M-n-20db,brsp-11,synthetic,2,4046.7
P29,B,new,4,02 segundos brsp-13-syntacc-295Ksteps F-n-20db,brsp-13,synthetic,4,4472.8
P29,B,new,5,02 segundos brsp-22-syntacc-295Ksteps M-n-20db,brsp-22,synthetic,2,4184.0
P29,B,new,6,02 segundos brsp-24-syntacc-295Ksteps M-n-20db,brsp-24,synthetic,2,3972.9
P29,B,new,7,03 segundos bral-20-syntacc-295Ksteps M-n-20db,bral-20,synthetic,4,5072.9
P29,B,new,8,03 segundos bral-23-syntacc-295Ksteps M-n-20db,bral-23,synthetic,1,4005.2
P29,B,new,9,03 segundos bral-26-syntacc-295Ksteps M-n-20db,bral-26,synthetic,1,6281.4
P29,B,new,10,03 segundos brba-21-syntacc-295Ksteps M-n-20db,brba-21,synthetic,1,4061.0
P29,B,new,11,03 segundos brba-24-syntacc-295Ksteps M-n-20db,brba-24,synthetic,3,6861.0
P29,B,new,12,03 segundos brpb-22-syntacc-295Ksteps M-n-20db,brpb-22,synthetic,3,5593.9
P29,B,new,13,03 segundos brpe-26-syntacc-295Ksteps M-n-20db,brpe-26,synthetic,2,4685.3
P29,B,new,14,03 segundos brpe-28-syntacc-295Ksteps M-n-20db,brpe-28,synthetic,3,6296.8
P29,B,new,15,03 segundos brpe-29-syntacc-295Ksteps M-n-20db,brpe-29,synthetic,1,4069.3
P29,B,new,16,03 segundos brpr-18-syntacc-295Ksteps F-n-20db,brpr-18,synthetic,4,6801.1
P29,B,new,17,03 segundos brrs-14-syntacc-295Ksteps F-n-20db,brrs-14,synthetic,1,5698.0
P29,B,new,18,03 segundos brrs-16-syntacc-295Ksteps F-n-20db,brrs-16,synthetic,2,4553.1
P29,B,new,19,03 segundos brrs-18-syntacc-295Ksteps F-n-20db,brrs-18,synthetic,3,5258.7
P29,B,new,20,03 segundos brrs-20-syntacc-295Ksteps F-n-20db,brrs-20,synthetic,4,4565.5
P29,B,new,21,03 segundos brrs-23-syntacc-295Ksteps F-n-20db,brrs-23,synthetic,3,6052.8
P29,B,new,22,03 segundos brrs-25-syntacc-295Ksteps M-n-20db,brrs-25,synthetic,3,5331.3
P29,B,new,23,03 segundos brrs-28-syntacc-295Ksteps M-n-20db,brrs-28,synthetic,1,4306.6
P29,B,new,24,03 segundos brsp-10-syntacc-295Ksteps M-n-20db,brsp-10,synthetic,3,4386.9
P29,B,new,25,03 segundos brsp-28-syntacc-295Ksteps F-n-20db,brsp-28,synthetic,2,6416.9
P29,B,new,26,04 segundos bral-22-syntacc-295Ksteps M-n-20db,bral-22,synthetic,1,5138.7
P29,B,new,27,04 segundos brba-23-syntacc-295Ksteps F-n-20db,brba-23,synthetic,2,4967.2
P29,B,new,28,04 segundos brsp-29-syntacc-295Ksteps M-n-20db,brsp-29,synthetic,2,5836.1
P29,B,new,29,05 segundos brpr-10-gt F-n-20db,brpr-10,natural,5,6972.1
P29,B,new,30,05 segundos brpr-14-gt F-n-20db,brpr-14,natural,4,8888.4
P29,B,new,31,05 segundos brpr-15-gt F-n-20db,brpr-15,natural,5,6430.5
P29,B,new,32,05 segundos brpr-22-syntacc-295Ksteps F-n-20db,brpr-22,synthetic,4,8676.4
P29,B,new,33,05 segundos brrs-26-syntacc-295Ksteps F-n-20db,brrs-26,synthetic,2,8717.9
P29,B,new,34,06 segundos bral-24-gt M-n-20db,bral-24,natural,5,7793.8
P29,B,new,35,06 segundos brmg-26-gt M-n-20db,brmg-26,natural,5,6831.5
P29,B,new,36,06 segundos brpr-13-gt F-n-20db,brpr-13,natural,3,26192.4
P29,B,new,37,06 segundos brpr-19-gt F-n-20db,brpr-19,natural,4,21487.8
P29,B,new,38,06 segundos brsp-25-gt M-n-20db,brsp-25,natural,5,9182.9
P29,B,new,39,07 segundos brce-22-gt M-n-20db,brce-22,natural,4,8886.4
P29,B,new,40,07 segundos brmg-22-gt F-n-20db,brmg-22,natural,5,8504.1
P29,B,new,41,07 segundos brpr-20-gt F-n-20db,brpr-20,natural,5,8526.8
P29,B,new,42,07 segundos brpr-27-gt F-n-20db,brpr-27,natural,5,8513.9
P29,B,new,43,08 segundos brce-20-gt M-n-20db,brce-20,natural,5,10588.5
P29,B,new,44,08 segundos brpr-28-gt F-n-20db,brpr-28,natural,5,9858.2
P29,B,new,45,08 segundos brrj-26-gt M-n-20db,brrj-26,natural,5,9930.1
P29,B,new,46,08 segundos brrs-29-gt F-n-20db,brrs-29,natural,4,10344.6
P29,B,new,47,09 segundos brba-22-gt M-n-20db,brba-22,natural,5,10531.2
P29,B,new,48,09 segundos brmg-29-gt M-n-20db,brmg-29,natural,4,10618.0
P29,B,new,49,09 segundos brpr-24-gt F-n-20db,brpr-24,natural,5,10688.8
P29,B,new,50,10 segundos brce-29-gt M-n-20db,brce-29,natural,5,11119.2
P29,B,new,51,10 segundos brgo-28-gt M-n-20db,brgo-28,natural,3,11254.5
P29,B,new,52,10 segundos brpe-22-gt M-n-20db,brpe-22,natural,5,11368.0
P29,B,new,53,10 segundos brpr-29-gt F-n-20db,brpr-29,natural,4,12845.0
P29,B,new,54,11 segundos brpe-20-gt M-n-20db,brpe-20,natural,5,12221.2
P29,B,new,55,11 segundos brpr-25-gt F-n-20db,brpr-25,natural,5,12897.4
P29,B,new,56,12 segundos brpb-28-gt M-n-20db,brpb-28,natural,5,13818.2
P29,B,new,57,12 segundos brpr-21-gt F-n-20db,brpr-21,natural,5,25125.1
P29,B,new,58,13 segundos brpb-20-gt M-n-20db,brpb-20,natural,5,15104.1
P29,B,new,59,14 segundos brrs-24-gt M-n-20db,brrs-24,natural,5,15247.3
P29,B,new,60,17 segundos brrs-21-gt F-n-20db,brrs-21,natural,4,18498.4
P30,A,new,61,04 segundos brmg-26-syntacc-295Ksteps M-n-20db,brmg-26,synthetic,2,6702.7
P30,A,new,62,04 segundos brpr-14-syntacc-295Ksteps F-n-20db,brpr-14,synthetic,2,8157.0
P30,A,new,63,04 segundos brpr-15-syntacc-295Ksteps F-n-20db,brpr-15,synthetic,2,6783.5
P30,A,new,64,04 segundos brpr-19-syntacc-295Ksteps F-n-20db,brpr-19,synthetic,2,8418.6
P30,A,new,65,04 segundos brpr-20-syntacc-295Ksteps F-n-20db,brpr-20,synthetic,2,6764.9
P30,A,new,66,04 segundos brpr-27-syntacc-295Ksteps F-n-20db,brpr-27,synthetic,2,7382.3
P30,A,new,67,04 segundos brrs-10-gt F-n-20db,brrs-10,natural,5,6977.7
P30,A,new,68,04 segundos brrs-14-gt F-n-20db,brrs-14,natural,5,5971.5
P30,A,new,69,04 segundos brrs-16-gt F-n-20db,brrs-16,natural,5,15150.7
P30,A,new,70,04 segundos brrs-18-gt F-n-20db,brrs-18,natural,5,7513.9
P30,A,new,71,04 segundos brsp-10-gt M-n-20db,brsp-10,natural,4,13685.7
P30,A,new,72,04 segundos brsp-11-gt M-n-20db,brsp-11,natural,5,6750.1
P30,A,new,73,04 segundos brsp-13-gt F-n-20db,brsp-13,natural,4,11067.4
P30,A,new,74,04 segundos brsp-25-syntacc-295Ksteps M-n-20db,brsp-25,synthetic,1,6449.0
P30,A,new,75,05 segundos bral-20-gt M-n-20db,bral-20,natural,4,8668.1
P30,A,new,76,05 segundos bral-22-gt M-n-20db,bral-22,natural,5,7973.8
P30,A,new,77,05 segundos bral-23-gt M-n-20db,bral-23,natural,5,6817.6
P30,A,new,78,05 segundos bral-24-syntacc-295Ksteps M-n-20db,bral-24,synthetic,3,14569.0
P30,A,new,79,05 segundos brba-21-gt M-n-20db,brba-21,natural,5,17603.3
P30,A,new,80,05 segundos brce-22-syntacc-295Ksteps M-n-20db,brce-22,synthetic,1,6985.4
P30,A,new,81,05 segundos brce-26-gt M-n-20db,brce-26,natural,3,13114.6
P30,A,new,82,05 segundos brmg-22-syntacc-295Ksteps F-n-20db,brmg-22,synthetic,2,12422.3
P30,A,new,83,05 segundos brmg-29-syntacc-295Ksteps M-n-20db,brmg-29,synthetic,2,7239.9
P30,A,new,84,05 segundos brpb-22-gt M-n-20db,brpb-22,natural,5,6909.4
P30,A,new,85,05 segundos brpe-22-syntacc-295Ksteps M-n-20db,brpe-22,synthetic,1,7835.1
P30,A,new,86,05 segundos brpe-26-gt M-n-20db,brpe-26,natural,5,7954.1
P30,A,new,87,05 segundos brpe-29-gt M-n-20db,brpe-29,natural,5,10420.3
P30,A,new,88,05 segundos brpr-10-syntacc-295Ksteps F-n-20db,brpr-10,synthetic,2,7750.8
P30,A,new,89,05 segundos brpr-13-syntacc-295Ksteps F-n-20db,brpr-13,synthetic,2,7244.0
P30,A,new,90,05 segundos brpr-18-gt F-n-20db,brpr-18,natural,5,7262.0
P30,A,new,91,05 segundos brpr-28-syntacc-295Ksteps F-n-20db,brpr-28,synthetic,2,8196.4
P30,A,new,92,05 segundos brrj-26-syntacc-295Ksteps M-n-20db,brrj-26,synthetic,1,6850.7
P30,A,new,93,05 segundos brrs-25-gt M-n-20db,brrs-25,natural,5,9315.9
P30,A,new,94,05 segundos brrs-28-gt M-n-20db,brrs-28,natural,5,7938.7
P30,A,new,95,05 segundos brrs-29-syntacc-295Ksteps F-n-20db,brrs-29,synthetic,1,8447.5
P30,A,new,96,05 segundos brsp-22-gt M-n-20db,brsp-22,natural,5,7457.4
P30,A,new,97,05 segundos brsp-24-gt M-n-20db,brsp-24,natural,5,7232.3
P30,A,new,98,05 segundos brsp-28-gt F-n-20db,brsp-28,natural,4,9100.6
P30,A,new,99,06 segundos bral-26-gt M-n-20db,bral-26,natural,5,8300.1
P30,A,new,100,06 segundos brba-22-syntacc-295Ksteps M-n-20db,brba-22,synthetic,2,10009.7
P30,A,new,101,06 segundos brba-24-gt M-n-20db,brba-24,natural,3,9805.3
P30,A,new,102,06 segundos brce-20-syntacc-295Ksteps M-n-20db,brce-20,synthetic,1,8465.7
P30,A,new,103,06 segundos brpe-28-gt M-n-20db,brpe-28,natural,4,11343.2
P30,A,new,104,06 segundos brpr-24-syntacc-295Ksteps F-n-20db,brpr-24,synthetic,1,9305.1
P30,A,new,105,06 segundos brrs-20-gt F-n-20db,brrs-20,natural,5,8879.6
P30,A,new,106,07 segundos brba-23-gt F-n-20db,brba-23,natural,5,9561.3
P30,A,new,107,07 segundos brce-29-syntacc-295Ksteps M-n-20db,brce-29,synthetic,1,9976.0
P30,A,new,108,07 segundos brgo-28-syntacc-295Ksteps M-n-20db,brgo-28,synthetic,3,9744.1
P30,A,new,109,07 segundos brpe-20-syntacc-295Ksteps M-n-20db,brpe-20,synthetic,2,43952.0
P30,A,new,110,07 segundos brpr-21-syntacc-295Ksteps F-n-20db,brpr-21,synthetic,1,11702.8
P30,A,new,111,07 segundos brpr-29-syntacc-295Ksteps F-n-20db,brpr-29,synthetic,2,9265.1
P30,A,new,112,07 segundos brrs-23-gt F-n-20db,brrs-23,natural,5,9359.3
P30,A,new,113,08 segundos brpr-22-gt F-n-20db,brpr-22,natural,3,22483.6
P30,A,new,114,08 segundos brpr-25-syntacc-295Ksteps F-n-20db,brpr-25,synthetic,2,10821.0
P30,A,new,115,08 segundos brrs-21-syntacc-295Ksteps F-n-20db,brrs-21,synthetic,2,11407.7
P30,A,new,116,08 segundos brsp-27-syntacc-295Ksteps M-n-20db,brsp-27,synthetic,1,10904.0
P30,A,new,117,08 segundos brsp-29-gt M-n-20db,brsp-29,natural,5,10576.2
P30,A,new,118,09 segundos brpb-20-syntacc-295Ksteps M-n-20db,brpb-20,synthetic,2,11524.0
P30,A,new,119,09 segundos brrs-26-gt F-n-20db,brrs-26,natural,5,11881.8
P30,A,new,120,10 segundos brpb-28-syntacc-295Ksteps M-n-20db,brpb-28,synthetic,2,16727.3
P31,A,new,61,04 segundos brmg-26-syntacc-295Ksteps M-n-20db,brmg-26,synthetic,1,13628.9
P31,A,new,62,04 segundos brpr-14-syntacc-295Ksteps F-n-20db,brpr-14,synthetic,2,6768.8
P31,A,new,63,04 segundos brpr-15-syntacc-295Ksteps F-n-20db,brpr-15,synthetic,2,7981.6
P31,A,new,64,04 segundos brpr-19-syntacc-295Ksteps F-n-20db,brpr-19,synthetic,2,15647.0
P31,A,new,65,04 segundos brpr-20-syntacc-295Ksteps F-n-20db,brpr-20,synthetic,1,6183.0
P31,A,new,66,04 segundos brpr-27-syntacc-295Ksteps F-n-20db,brpr-27,synthetic,2,7047.6
P31,A,new,67,04 segundos brrs-10-gt F-n-20db,brrs-10,natural,5,7100.3
P31,A,new,68,04 segundos brrs-14-gt F-n-20db,brrs-14,natural,4,23832.1
P31,A,new,69,04 segundos brrs-16-gt F-n-20db,brrs-16,natural,4,9016.7
P31,A,new,70,04 segundos brrs-18-gt F-n-20db,brrs-18,natural,5,22505.7
P31,A,new,71,04 segundos brsp-10-gt M-n-20db,brsp-10,natural,3,13801.8
P31,A,new,72,04 segundos brsp-11-gt M-n-20db,brsp-11,natural,5,7883.6
P31,A,new,73,04 segundos brsp-13-gt F-n-20db,brsp-13,natural,4,7543.2
P31,A,new,74,04 segundos brsp-25-syntacc-295Ksteps M-n-20db,brsp-25,synthetic,1,7362.2
P31,A,new,75,05 segundos bral-20-gt M-n-20db,bral-20,natural,5,8366.8
P31,A,new,76,05 segundos bral-22-gt M-n-20db,bral-22,natural,4,47529.3
P31,A,new,77,05 segundos bral-23-gt M-n-20db,bral-23,natural,4,12744.9
P31,A,new,78,05 segundos bral-24-syntacc-295Ksteps M-n-20db,bral-24,synthetic,5,7205.8
P31,A,new,79,05 segundos brba-21-gt M-n-20db,brba-21,natural,4,14709.7
P31,A,new,80,05 segundos brce-22-syntacc-295Ksteps M-n-20db,brce-22,synthetic,1,7827.2
P31,A,new,81,05 segundos brce-26-gt M-n-20db,brce-26,natural,3,20714.4
P31,A,new,82,05 segundos brmg-22-syntacc-295Ksteps F-n-20db,brmg-22,synthetic,2,9520.7
P31,A,new,83,05 segundos brmg-29-syntacc-295Ksteps M-n-20db,brmg-29,synthetic,1,7764.4
P31,A,new,84,05 segundos brpb-22-gt M-n-20db,brpb-22,natural,5,7872.8
P31,A,new,85,05 segundos brpe-22-syntacc-295Ksteps M-n-20db,brpe-22,synthetic,1,7063.7
P31,A,new,86,05 segundos brpe-26-gt M-n-20db,brpe-26,natural,4,7996.3
P31,A,new,87,05 segundos brpe-29-gt M-n-20db,brpe-29,natural,5,10163.4
P31,A,new,88,05 segundos brpr-10-syntacc-295Ksteps F-n-20db,brpr-10,synthetic,2,8408.7
P31,A,new,89,05 segundos brpr-13-syntacc-295Ksteps F-n-20db,brpr-13,synthetic,3,6921.0
P31,A,new,90,05 segundos brpr-18-gt F-n-20db,brpr-18,natural,5,8774.4
P31,A,new,91,05 segundos brpr-28-syntacc-295Ksteps F-n-20db,brpr-28,synthetic,3,11351.3
P31,A,new,92,05 segundos brrj-26-syntacc-295Ksteps M-n-20db,brrj-26,synthetic,1,7119.8
P31,A,new,93,05 segundos brrs-25-gt M-n-20db,brrs-25,natural,4,7816.0
P31,A,new,94,05 segundos brrs-28-gt M-n-20db,brrs-28,natural,5,6627.1
P31,A,new,95,05 segundos brrs-29-syntacc-295Ksteps F-n-20db,brrs-29,synthetic,1,9137.9
P31,A,new,96,05 segundos brsp-22-gt M-n-20db,brsp-22,natural,5,36768.8
P31,A,new,97,05 segundos brsp-24-gt M-n-20db,brsp-24,natural,5,6898.9
P31,A,new,98,05 segundos brsp-28-gt F-n-20db,brsp-28,natural,3,18166.7
P31,A,new,99,06 segundos bral-26-gt M-n-20db,bral-26,natural,4,7179.3
P31,A,new,100,06 segundos brba-22-syntacc-295Ksteps M-n-20db,brba-22,synthetic,1,51635.4
P31,A,new,101,06 segundos brba-24-gt M-n-20db,brba-24,natural,5,9765.2
P31,A,new,102,06 segundos brce-20-syntacc-295Ksteps M-n-20db,brce-20,synthetic,1,9404.7
P31,A,new,103,06 segundos brpe-28-gt M-n-20db,brpe-28,natural,5,111250.2
P31,A,new,104,06 segundos brpr-24-syntacc-295Ksteps F-n-20db,brpr-24,synthetic,4,9700.3
P31,A,new,105,06 segundos brrs-20-gt F-n-20db,brrs-20,natural,5,10735.9
P31,A,new,106,07 segundos brba-23-gt F-n-20db,brba-23,natural,4,10617.5
P31,A,new,107,07 segundos brce-29-syntacc-295Ksteps M-n-20db,brce-29,synthetic,1,11056.5
P31,A,new,108,07 segundos brgo-28-syntacc-295Ksteps M-n-20db,brgo-28,synthetic,3,20958.8
P31,A,new,109,07 segundos brpe-20-syntacc-295Ksteps M-n-20db,brpe-20,synthetic,3,20974.6
P31,A,new,110,07 segundos brpr-21-syntacc-295Ksteps F-n-20db,brpr-21,synthetic,1,10776.3
P31,A,new,111,07 segundos brpr-29-syntacc-295Ksteps F-n-20db,brpr-29,synthetic,2,10259.0
P31,A,new,112,07 segundos brrs-23-gt F-n-20db,brrs-23,natural,4,11042.5
P31,A,new,113,08 segundos brpr-22-gt F-n-20db,brpr-22,natural,5,9326.9
P31,A,new,114,08 segundos brpr-25-syntacc-295Ksteps F-n-20db,brpr-25,synthetic,3,14205.3
P31,A,new,115,08 segundos brrs-21-syntacc-295Ksteps F-n-20db,brrs-21,synthetic,2,38674.9
P31,A,new,116,08 segundos brsp-27-syntacc-295Ksteps M-n-20db,brsp-27,synthetic,2,10374.2
P31,A,new,117,08 segundos brsp-29-gt M-n-20db,brsp-29,natural,4,11132.6
P31,A,new,118,09 segundos brpb-20-syntacc-295Ksteps M-n-20db,brpb-20,synthetic,5,10035.3
P31,A,new,119,09 segundos brrs-26-gt F-n-20db,brrs-26,natural,4,11684.6
P31,A,new,120,10 segundos brpb-28-syntacc-295Ksteps M-n-20db,brpb-28,synthetic,3,30314.8
P32,A,new,61,04 segundos brmg-26-syntacc-295Ksteps M-n-20db,brmg-26,synthetic,4,13748.5
P32,A,new,62,04 segundos brpr-14-syntacc-295Ksteps F-n-20db,brpr-14,synthetic,4,10025.0
P32,A,new,63,04 segundos brpr-15-syntacc-295Ksteps F-n-20db,brpr-15,synthetic,4,11197.7
P32,A,new,64,04 segundos brpr-19-syntacc-295Ksteps F-n-20db,brpr-19,synthetic,4,13595.5
P32,A,new,65,04 segundos brpr-20-syntacc-295Ksteps F-n-20db,brpr-20,synthetic,4,6851.7
P32,A,new,66,04 segundos brpr-27-syntacc-295Ksteps F-n-20db,brpr-27,synthetic,3,6212.5
P32,A,new,67,04 segundos brrs-10-gt F-n-20db,brrs-10,natural,5,5984.9
P32,A,new,68,04 segundos brrs-14-gt F-n-20db,brrs-14,natural,5,6260.1
P32,A,new,69,04 segundos brrs-16-gt F-n-20db,brrs-16,natural,5,6167.4
P32,A,new,70,04 segundos brrs-18-gt F-n-20db,brrs-18,natural,5,7605.6
P32,A,new,71,04 segundos brsp-10-gt M-n-20db,brsp-10,natural,5,17105.9
P32,A,new,72,04 segundos brsp-11-gt M-n-20db,brsp-11,natural,5,9863.5
P32,A,new,73,04 segundos brsp-13-gt F-n-20db,brsp-13,natural,5,5499.0
P32,A,new,74,04 segundos brsp-25-syntacc-295Ksteps M-n-20db,brsp-25,synthetic,3,7962.5
P32,A,new,75,05 segundos bral-20-gt M-n-20db,bral-20,natural,5,7219.5
P32,A,new,76,05 segundos bral-22-gt M-n-20db,bral-22,natural,5,8389.5
P32,A,new,77,05 segundos bral-23-gt M-n-20db,bral-23,natural,5,6687.0
P32,A,new,78,05 segundos bral-24-syntacc-295Ksteps M-n-20db,bral-24,synthetic,3,22519.7
P32,A,new,79,05 segundos brba-21-gt M-n-20db,brba-21,natural,5,6556.9
P32,A,new,80,05 segundos brce-22-syntacc-295Ksteps M-n-20db,brce-22,synthetic,1,6759.9
P32,A,new,81,05 segundos brce-26-gt M-n-20db,brce-26,natural,5,6133.2
P32,A,new,82,05 segundos brmg-22-syntacc-295Ksteps F-n-20db,brmg-22,synthetic,2,6734.8
P32,A,new,83,05 segundos brmg-29-syntacc-295Ksteps M-n-20db,brmg-29,synthetic,2,19052.4
P32,A,new,84,05 segundos brpb-22-gt M-n-20db,brpb-22,natural,4,6052.3
P32,A,new,85,05 segundos brpe-22-syntacc-295Ksteps M-n-20db,brpe-22,synthetic,4,7404.5
P32,A,new,86,05 segundos brpe-26-gt M-n-20db,brpe-26,natural,5,6628.4
P32,A,new,87,05 segundos brpe-29-gt M-n-20db,brpe-29,natural,5,6789.3
P32,A,new,88,05 segundos brpr-10-syntacc-295Ksteps F-n-20db,brpr-10,synthetic,4,5997.6
P32,A,new,89,05 segundos brpr-13-syntacc-295Ksteps F-n-20db,brpr-13,synthetic,3,8244.1
P32,A,new,90,05 segundos brpr-18-gt F-n-20db,brpr-18,natural,5,6950.9
P32,A,new,91,05 segundos brpr-28-syntacc-295Ksteps F-n-20db,brpr-28,synthetic,3,6677.3
P32,A,new,92,05 segundos brrj-26-syntacc-295Ksteps M-n-20db,brrj-26,synthetic,2,17963.2
P32,A,new,93,05 segundos brrs-25-gt M-n-20db,brrs-25,natural,5,6686.4
P32,A,new,94,05 segundos brrs-28-gt M-n-20db,brrs-28,natural,5,6759.8
P32,A,new,95,05 segundos brrs-29-syntacc-295Ksteps F-n-20db,brrs-29,synthetic,4,18759.1
P32,A,new,96,05 segundos brsp-22-gt M-n-20db,brsp-22,natural,5,6574.2
P32,A,new,97,05 segundos brsp-24-gt M-n-20db,brsp-24,natural,5,6097.9
P32,A,new,98,05 segundos brsp-28-gt F-n-20db,brsp-28,natural,5,6721.9
P32,A,new,99,06 segundos bral-26-gt M-n-20db,bral-26,natural,5,8287.6
P32,A,new,100,06 segundos brba-22-syntacc-295Ksteps M-n-20db,brba-22,synthetic,4,14085.9
P32,A,new,101,06 segundos brba-24-gt M-n-20db,brba-24,natural,5,7122.6
P32,A,new,102,06 segundos brce-20-syntacc-295Ksteps M-n-20db,brce-20,synthetic,2,7909.0
P32,A,new,103,06 segundos brpe-28-gt M-n-20db,brpe-28,natural,5,7807.8
P32,A,new,104,06 segundos brpr-24-syntacc-295Ksteps F-n-20db,brpr-24,synthetic,3,7769.5
P32,A,new,105,06 segundos brrs-20-gt F-n-20db,brrs-20,natural,5,8240.4
P32,A,new,106,07 segundos brba-23-gt F-n-20db,brba-23,natural,5,8496.7
P32,A,new,107,07 segundos brce-29-syntacc-295Ksteps M-n-20db,brce-29,synthetic,1,13776.3
P32,A,new,108,07 segundos brgo-28-syntacc-295Ksteps M-n-20db,brgo-28,synthetic,4,9039.6
P32,A,new,109,07 segundos brpe-20-syntacc-295Ksteps M-n-20db,brpe-20,synthetic,4,9037.4
P32,A,new,110,07 segundos brpr-21-syntacc-295Ksteps F-n-20db,brpr-21,synthetic,3,26477.0
P32,A,new,111,07 segundos brpr-29-syntacc-295Ksteps F-n-20db,brpr-29,synthetic,3,8156.8
P32,A,new,112,07 segundos brrs-23-gt F-n-20db,brrs-23,natural,5,9017.5
P32,A,new,113,08 segundos brpr-22-gt F-n-20db,brpr-22,natural,5,9790.1
P32,A,new,114,08 segundos brpr-25-syntacc-295Ksteps F-n-20db,brpr-25,synthetic,5,9696.9
P32,A,new,115,08 segundos brrs-21-syntacc-295Ksteps F-n-20db,brrs-21,synthetic,5,10329.8
P32,A,new,116,08 segundos brsp-27-syntacc-295Ksteps M-n-20db,brsp-27,synthetic,3,13230.1
P32,A,new,117,08 segundos brsp-29-gt M-n-20db,brsp-29,natural,5,10177.0
P32,A,new,118,09 segundos brpb-20-syntacc-295Ksteps M-n-20db,brpb-20,synthetic,4,19864.6
P32,A,new,119,09 segundos brrs-26-gt F-n-20db,brrs-26,natural,5,10351.0
P32,A,new,120,10 segundos brpb-28-syntacc-295Ksteps M-n-20db,brpb-28,synthetic,5,33096.6
P33,A,new,61,04 segundos brmg-26-syntacc-295Ksteps M-n-20db,brmg-26,synthetic,2,10399.0
P33,A,new,62,04 segundos brpr-14-syntacc-295Ksteps F-n-20db,brpr-14,synthetic,2,5892.0
P33,A,new,63,04 segundos brpr-15-syntacc-295Ksteps F-n-20db,brpr-15,synthetic,4,8552.0
P33,A,new,64,04 segundos brpr-19-syntacc-295Ksteps F-n-20db,brpr-19,synthetic,2,6432.0
P33,A,new,65,04 segundos brpr-20-syntacc-295Ksteps F-n-20db,brpr-20,synthetic,3,7211.0
P33,A,new,66,04 segundos brpr-27-syntacc-295Ksteps F-n-20db,brpr-27,synthetic,1,5704.0
P33,A,new,67,04 segundos brrs-10-gt F-n-20db,brrs-10,natural,5,6558.0
P33,A,new,68,04 segundos brrs-14-gt F-n-20db,brrs-14,natural,5,5044.0
P33,A,new,69,04 segundos brrs-16-gt F-n-20db,brrs-16,natural,5,5745.0
P33,A,new,70,04 segundos brrs-18-gt F-n-20db,brrs-18,natural,5,8409.0
P33,A,new,71,04 segundos brsp-10-gt M-n-20db,brsp-10,natural,3,5855.0
P33,A,new,72,04 segundos brsp-11-gt M-n-20db,brsp-11,natural,5,5649.0
P33,A,new,73,04 segundos brsp-13-gt F-n-20db,brsp-13,natural,5,6648.0
P33,A,new,74,04 segundos brsp-25-syntacc-295Ksteps M-n-20db,brsp-25,synthetic,1,6005.0
P33,A,new,75,05 segundos bral-20-gt M-n-20db,bral-20,natural,5,6440.0
P33,A,new,76,05 segundos bral-22-gt M-n-20db,bral-22,natural,5,6661.0
P33,A,new,77,05 segundos bral-23-gt M-n-20db,bral-23,natural,5,6272.0
P33,A,new,78,05 segundos bral-24-syntacc-295Ksteps M-n-20db,bral-24,synthetic,1,6047.0
P33,A,new,79,05 segundos brba-21-gt M-n-20db,brba-21,natural,4,8017.0
P33,A,new,80,05 segundos brce-22-syntacc-295Ksteps M-n-20db,brce-22,synthetic,1,5937.0
P33,A,new,81,05 segundos brce-26-gt M-n-20db,brce-26,natural,4,6493.0
P33,A,new,82,05 segundos brmg-22-syntacc-295Ksteps F-n-20db,brmg-22,synthetic,1,5872.0
P33,A,new,83,05 segundos brmg-29-syntacc-295Ksteps M-n-20db,brmg-29,synthetic,1,6426.0
P33,A,new,84,05 segundos brpb-22-gt M-n-20db,brpb-22,natural,5,6637.0
P33,A,new,85,05 segundos brpe-22-syntacc-295Ksteps M-n-20db,brpe-22,synthetic,3,8021.0
P33,A,new,86,05 segundos brpe-26-gt M-n-20db,brpe-26,natural,5,6899.0
P33,A,new,87,05 segundos brpe-29-gt M-n-20db,brpe-29,natural,4,9157.0
P33,A,new,88,05 segundos brpr-10-syntacc-295Ksteps F-n-20db,brpr-10,synthetic,3,8015.0
P33,A,new,89,05 segundos brpr-13-syntacc-295Ksteps F-n-20db,brpr-13,synthetic,1,6873.0
P33,A,new,90,05 segundos brpr-18-gt F-n-20db,brpr-18,natural,4,8185.0
P33,A,new,91,05 segundos brpr-28-syntacc-295Ksteps F-n-20db,brpr-28,synthetic,1,6257.0
P33,A,new,92,05 segundos brrj-26-syntacc-295Ksteps M-n-20db,brrj-26,synthetic,2,7623.0
P33,A,new,93,05 segundos brrs-25-gt M-n-20db,brrs-25,natural,3,7879.0
P33,A,new,94,05 segundos brrs-28-gt M-n-20db,brrs-28,natural,4,7134.0
P33,A,new,95,05 segundos brrs-29-syntacc-295Ksteps F-n-20db,brrs-29,synthetic,3,8196.0
P33,A,new,96,05 segundos brsp-22-gt M-n-20db,brsp-22,natural,5,8017.0
P33,A,new,97,05 segundos brsp-24-gt M-n-20db,brsp-24,natural,5,6039.0
P33,A,new,98,05 segundos brsp-28-gt F-n-20db,brsp-28,natural,5,7287.0
P33,A,new,99,06 segundos bral-26-gt M-n-20db,bral-26,natural,4,7934.0
P33,A,new,100,06 segundos brba-22-syntacc-295Ksteps M-n-20db,brba-22,synthetic,1,7596.0
P33,A,new,101,06 segundos brba-24-gt M-n-20db,brba-24,natural,3,13405.0
P33,A,new,102,06 segundos brce-20-syntacc-295Ksteps M-n-20db,brce-20,synthetic,2,8529.0
P33,A,new,103,06 segundos brpe-28-gt M-n-20db,brpe-28,natural,4,12472.0
P33,A,new,104,06 segundos brpr-24-syntacc-295Ksteps F-n-20db,brpr-24,synthetic,2,8493.0
P33,A,new,105,06 segundos brrs-20-gt F-n-20db,brrs-20,natural,5,8030.0
P33,A,new,106,07 segundos brba-23-gt F-n-20db,brba-23,natural,5,8269.0
P33,A,new,107,07 segundos brce-29-syntacc-295Ksteps M-n-20db,brce-29,synthetic,1,9467.0
P33,A,new,108,07 segundos brgo-28-syntacc-295Ksteps M-n-20db,brgo-28,synthetic,2,9345.0
P33,A,new,109,07 segundos brpe-20-syntacc-295Ksteps M-n-20db,brpe-20,synthetic,1,8137.0
P33,A,new,110,07 segundos brpr-21-syntacc-295Ksteps F-n-20db,brpr-21,synthetic,1,8661.0
P33,A,new,111,07 segundos brpr-29-syntacc-295Ksteps F-n-20db,brpr-29,synthetic,2,9126.0
P33,A,new,112,07 segundos brrs-23-gt F-n-20db,brrs-23,natural,5,8462.0
P33,A,new,113,08 segundos brpr-22-gt F-n-20db,brpr-22,natural,4,9904.0
P33,A,new,114,08 segundos brpr-25-syntacc-295Ksteps F-n-20db,brpr-25,synthetic,1,9348.0
P33,A,new,115,08 segundos brrs-21-syntacc-295Ksteps F-n-20db,brrs-21,synthetic,4,17603.0
P33,A,new,116,08 segundos brsp-27-syntacc-295Ksteps M-n-20db,brsp-27,synthetic,2,9773.0
P33,A,new,117,08 segundos brsp-29-gt M-n-20db,brsp-29,natural,5,10492.0
P33,A,new,118,09 segundos brpb-20-syntacc-295Ksteps M-n-20db,brpb-20,synthetic,4,11869.0
P33,A,new,119,09 segundos brrs-26-gt F-n-20db,brrs-26,natural,5,18287.0
P33,A,new,120,10 segundos brpb-28-syntacc-295Ksteps M-n-20db,brpb-28,synthetic,2,12004.0
P34,B,new,1,02 segundos brce-26-syntacc-295Ksteps M-n-20db,brce-26,synthetic,2,3918.7
P34,B,new,2,02 segundos brrs-10-syntacc-295Ksteps F-n-20db,brrs-10,synthetic,2,6422.5
P34,B,new,3,02 segundos brsp-11-syntacc-295Ksteps M-n-20db,brsp-11,synthetic,2,4894.7
P34,B,new,4,02 segundos brsp-13-syntacc-295Ksteps F-n-20db,brsp-13,synthetic,1,5050.2
P34,B,new,5,02 segundos brsp-22-syntacc-295Ksteps M-n-20db,brsp-22,synthetic,2,6011.7
P34,B,new,6,02 segundos brsp-24-syntacc-295Ksteps M-n-20db,brsp-24,synthetic,2,6226.4
P34,B,new,7,03 segundos bral-20-syntacc-295Ksteps M-n-20db,bral-20,synthetic,3,11753.8
P34,B,new,8,03 segundos bral-23-syntacc-295Ksteps M-n-20db,bral-23,synthetic,1,4246.8
P34,B,new,9,03 segundos bral-26-syntacc-295Ksteps M-n-20db,bral-26,synthetic,1,5323.2
P34,B,new,10,03 segundos brba-21-syntacc-295Ksteps M-n-20db,brba-21,synthetic,1,4723.0
P34,B,new,11,03 segundos brba-24-syntacc-295Ksteps M-n-20db,brba-24,synthetic,1,6661.0
P34,B,new,12,03 segundos brpb-22-syntacc-295Ksteps M-n-20db,brpb-22,synthetic,4,5925.1
P34,B,new,13,03 segundos brpe-26-syntacc-295Ksteps M-n-20db,brpe-26,synthetic,2,31968.3
P34,B,new,14,03 segundos brpe-28-syntacc-295Ksteps M-n-20db,brpe-28,synthetic,3,4987.2
P34,B,new,15,03 segundos brpe-29-syntacc-295Ksteps M-n-20db,brpe-29,synthetic,1,5299.1
P34,B,new,16,03 segundos brpr-18-syntacc-295Ksteps F-n-20db,brpr-18,synthetic,1,5812.5
P34,B,new,17,03 segundos brrs-14-syntacc-295Ksteps F-n-20db,brrs-14,synthetic,2,6746.5
P34,B,new,18,03 segundos brrs-16-syntacc-295Ksteps F-n-20db,brrs-16,synthetic,1,5620.5
P34,B,new,19,03 segundos brrs-18-syntacc-295Ksteps F-n-20db,brrs-18,synthetic,3,8005.4
P34,B,new,20,03 segundos brrs-20-syntacc-295Ksteps F-n-20db,brrs-20,synthetic,3,6913.2
P34,B,new,21,03 segundos brrs-23-syntacc-295Ksteps F-n-20db,brrs-23,synthetic,2,5840.4
P34,B,new,22,03 segundos brrs-25-syntacc-295Ksteps M-n-20db,brrs-25,synthetic,3,4912.2
P34,B,new,23,03 segundos brrs-28-syntacc-295Ksteps M-n-20db,brrs-28,synthetic,2,7009.4
P34,B,new,24,03 segundos brsp-10-syntacc-295Ksteps M-n-20db,brsp-10,synthetic,2,4776.8
P34,B,new,25,03 segundos brsp-28-syntacc-295Ksteps F-n-20db,brsp-28,synthetic,2,4953.3
P34,B,new,26,04 segundos bral-22-syntacc-295Ksteps M-n-20db,bral-22,synthetic,1,5919.3
P34,B,new,27,04 segundos brba-23-syntacc-295Ksteps F-n-20db,brba-23,synthetic,1,7312.0
P34,B,new,28,04 segundos brsp-29-syntacc-295Ksteps M-n-20db,brsp-29,synthetic,3,6975.1
P34,B,new,29,05 segundos brpr-10-gt F-n-20db,brpr-10,natural,5,8711.5
P34,B,new,30,05 segundos brpr-14-gt F-n-20db,brpr-14,natural,5,7474.6
P34,B,new,31,05 segundos brpr-15-gt F-n-20db,brpr-15,natural,5,24822.9
P34,B,new,32,05 segundos brpr-22-syntacc-295Ksteps F-n-20db,brpr-22,synthetic,3,12465.3
P34,B,new,33,05 segundos brrs-26-syntacc-295Ksteps F-n-20db,brrs-26,synthetic,2,7243.4
P34,B,new,34,06 segundos bral-24-gt M-n-20db,bral-24,natural,3,8006.5
P34,B,new,35,06 segundos brmg-26-gt M-n-20db,brmg-26,natural,5,10132.0
P34,B,new,36,06 segundos brpr-13-gt F-n-20db,brpr-13,natural,4,9647.4
P34,B,new,37,06 segundos brpr-19-gt F-n-20db,brpr-19,natural,5,8162.5
P34,B,new,38,06 segundos brsp-25-gt M-n-20db,brsp-25,natural,4,10159.4
P34,B,new,39,07 segundos brce-22-gt M-n-20db,brce-22,natural,5,8777.5
P34,B,new,40,07 segundos brmg-22-gt F-n-20db,brmg-22,natural,5,8484.5
P34,B,new,41,07 segundos brpr-20-gt F-n-20db,brpr-20,natural,4,22594.5
P34,B,new,42,07 segundos brpr-27-gt F-n-20db,brpr-27,natural,4,8922.8
P34,B,new,43,08 segundos brce-20-gt M-n-20db,brce-20,natural,4,10185.2
P34,B,new,44,08 segundos brpr-28-gt F-n-20db,brpr-28,natural,5,10140.1
P34,B,new,45,08 segundos brrj-26-gt M-n-20db,brrj-26,natural,4,12468.8
P34,B,new,46,08 segundos brrs-29-gt F-n-20db,brrs-29,natural,2,12798.6
P34,B,new,47,09 segundos brba-22-gt M-n-20db,brba-22,natural,3,12948.4
P34,B,new,48,09 segundos brmg-29-gt M-n-20db,brmg-29,natural,3,11368.0
P34,B,new,49,09 segundos brpr-24-gt F-n-20db,brpr-24,natural,5,11006.8
P34,B,new,50,10 segundos brce-29-gt M-n-20db,brce-29,natural,4,12367.5
P34,B,new,51,10 segundos brgo-28-gt M-n-20db,brgo-28,natural,3,11407.7
P34,B,new,52,10 segundos brpe-22-gt M-n-20db,brpe-22,natural,4,14794.5
P34,B,new,53,10 segundos brpr-29-gt F-n-20db,brpr-29,natural,5,11851.3
P34,B,new,54,11 segundos brpe-20-gt M-n-20db,brpe-20,natural,5,12513.3
P34,B,new,55,11 segundos brpr-25-gt F-n-20db,brpr-25,natural,5,33830.4
P34,B,new,56,12 segundos brpb-28-gt M-n-20db,brpb-28,natural,3,16737.9
P34,B,new,57,12 segundos brpr-21-gt F-n-20db,brpr-21,natural,5,13433.4
P34,B,new,58,13 segundos brpb-20-gt M-n-20db,brpb-20,natural,4,17731.5
P34,B,new,59,14 segundos brrs-24-gt M-n-20db,brrs-24,natural,3,15490.3
P34,B,new,60,17 segundos brrs-21-gt F-n-20db,brrs-21,natural,4,21823.6
P35,B,new,1,02 segundos brce-26-syntacc-295Ksteps M-n-20db,brce-26,synthetic,2,4079.0
P35,B,new,2,02 segundos brrs-10-syntacc-295Ksteps F-n-20db,brrs-10,synthetic,1,4271.0
P35,B,new,3,02 segundos brsp-11-syntacc-295Ksteps M-n-20db,brsp-11,synthetic,1,3944.0
P35,B,new,4,02 segundos brsp-13-syntacc-295Ksteps F-n-20db,brsp-13,synthetic,1,3559.0
P35,B,new,5,02 segundos brsp-22-syntacc-295Ksteps M-n-20db,brsp-22,synthetic,1,5408.0
P35,B,new,6,02 segundos brsp-24-syntacc-295Ksteps M-n-20db,brsp-24,synthetic,1,3992.0
P35,B,new,7,03 segundos bral-20-syntacc-295Ksteps M-n-20db,bral-20,synthetic,5,5303.0
P35,B,new,8,03 segundos bral-23-syntacc-295Ksteps M-n-20db,bral-23,synthetic,1,4416.0
P35,B,new,9,03 segundos bral-26-syntacc-295Ksteps M-n-20db,bral-26,synthetic,1,4935.0
P35,B,new,10,03 segundos brba-21-syntacc-295Ksteps M-n-20db,brba-21,synthetic,2,4879.0
P35,B,new,11,03 segundos brba-24-syntacc-295Ksteps M-n-20db,brba-24,synthetic,4,6056.0
P35,B,new,12,03 segundos brpb-22-syntacc-295Ksteps M-n-20db,brpb-22,synthetic,3,5952.0
P35,B,new,13,03 segundos brpe-26-syntacc-295Ksteps M-n-20db,brpe-26,synthetic,1,4704.0
P35,B,new,14,03 segundos brpe-28-syntacc-295Ksteps M-n-20db,brpe-28,synthetic,2,9728.0
P35,B,new,15,03 segundos brpe-29-syntacc-295Ksteps M-n-20db,brpe-29,synthetic,1,4191.0
P35,B,new,16,03 segundos brpr-18-syntacc-295Ksteps F-n-20db,brpr-18,synthetic,2,5896.0
P35,B,new,17,03 segundos brrs-14-syntacc-295Ksteps F-n-20db,brrs-14,synthetic,5,4696.0
P35,B,new,18,03 segundos brrs-16-syntacc-295Ksteps F-n-20db,brrs-16,synthetic,1,4319.0
P35,B,new,19,03 segundos brrs-18-syntacc-295Ksteps F-n-20db,brrs-18,synthetic,1,5006.0
P35,B,new,20,03 segundos brrs-20-syntacc-295Ksteps F-n-20db,brrs-20,synthetic,1,4336.0
P35,B,new,21,03 segundos brrs-23-syntacc-295Ksteps F-n-20db,brrs-23,synthetic,3,7617.0
P35,B,new,22,03 segundos brrs-25-syntacc-295Ksteps M-n-20db,brrs-25,synthetic,1,5528.0
P35,B,new,23,03 segundos brrs-28-syntacc-295Ksteps M-n-20db,brrs-28,synthetic,1,5672.0
P35,B,new,24,03 segundos brsp-10-syntacc-295Ksteps M-n-20db,brsp-10,synthetic,1,4871.0
P35,B,new,25,03 segundos brsp-28-syntacc-295Ksteps F-n-20db,brsp-28,synthetic,1,5087.0
P35,B,new,26,04 segundos bral-22-syntacc-295Ksteps M-n-20db,bral-22,synthetic,1,5504.0
P35,B,new,27,04 segundos brba-23-syntacc-295Ksteps F-n-20db,brba-23,synthetic,1,5096.0
P35,B,new,28,04 segundos brsp-29-syntacc-295Ksteps M-n-20db,brsp-29,synthetic,2,6767.0
P35,B,new,29,05 segundos brpr-10-gt F-n-20db,brpr-10,natural,5,6359.0
P35,B,new,30,05 segundos brpr-14-gt F-n-20db,brpr-14,natural,5,6671.0
P35,B,new,31,05 segundos brpr-15-gt F-n-20db,brpr-15,natural,5,6561.0
P35,B,new,32,05 segundos brpr-22-syntacc-295Ksteps F-n-20db,brpr-22,synthetic,5,6463.0
P35,B,new,33,05 segundos brrs-26-syntacc-295Ksteps F-n-20db,brrs-26,synthetic,1,7152.0
P35,B,new,34,06 segundos bral-24-gt M-n-20db,bral-24,natural,5,18256.0
P35,B,new,35,06 segundos brmg-26-gt M-n-20db,brmg-26,natural,5,7329.0
P35,B,new,36,06 segundos brpr-13-gt F-n-20db,brpr-13,natural,5,7520.0
P35,B,new,37,06 segundos brpr-19-gt F-n-20db,brpr-19,natural,1,12136.0
P35,B,new,38,06 segundos brsp-25-gt M-n-20db,brsp-25,natural,4,8608.0
P35,B,new,39,07 segundos brce-22-gt M-n-20db,brce-22,natural,5,8112.0
P35,B,new,40,07 segundos brmg-22-gt F-n-20db,brmg-22,natural,5,8296.0
P35,B,new,41,07 segundos brpr-20-gt F-n-20db,brpr-20,natural,5,8759.0
P35,B,new,42,07 segundos brpr-27-gt F-n-20db,brpr-27,natural,5,8337.0
P35,B,new,43,08 segundos brce-20-gt M-n-20db,brce-20,natural,5,9976.0
P35,B,new,44,08 segundos brpr-28-gt F-n-20db,brpr-28,natural,5,10320.0
P35,B,new,45,08 segundos brrj-26-gt M-n-20db,brrj-26,natural,5,9799.0
P35,B,new,46,08 segundos brrs-29-gt F-n-20db,brrs-29,natural,5,9856.0
P35,B,new,47,09 segundos brba-22-gt M-n-20db,brba-22,natural,5,10872.0
P35,B,new,48,09 segundos brmg-29-gt M-n-20db,brmg-29,natural,5,10783.0
P35,B,new,49,09 segundos brpr-24-gt F-n-20db,brpr-24,natural,5,13128.0
P35,B,new,50,10 segundos brce-29-gt M-n-20db,brce-29,natural,5,11295.0
P35,B,new,51,10 segundos brgo-28-gt M-n-20db,brgo-28,natural,5,11445.0
P35,B,new,52,10 segundos brpe-22-gt M-n-20db,brpe-22,natural,5,11608.0
P35,B,new,53,10 segundos brpr-29-gt F-n-20db,brpr-29,natural,5,11720.0
P35,B,new,54,11 segundos brpe-20-gt M-n-20db,brpe-20,natural,5,12368.0
P35,B,new,55,11 segundos brpr-25-gt F-n-20db,brpr-25,natural,5,14344.0
P35,B,new,56,12 segundos brpb-28-gt M-n-20db,brpb-28,natural,5,14344.0
P35,B,new,57,12 segundos brpr-21-gt F-n-20db,brpr-21,natural,5,13576.0
P35,B,new,58,13 segundos brpb-20-gt M-n-20db,brpb-20,natural,5,15016.0
P35,B,new,59,14 segundos brrs-24-gt M-n-20db,brrs-24,natural,5,15793.0
P35,B,new,60,17 segundos brrs-21-gt F-n-20db,brrs-21,natural,5,19592.0
P36,B,new,1,02 segundos brce-26-syntacc-295Ksteps M-n-20db,brce-26,synthetic,4,8172.0
P36,B,new,2,02 segundos brrs-10-syntacc-295Ksteps F-n-20db,brrs-10,synthetic,3,10819.6
P36,B,new,3,02 segundos brsp-11-syntacc-295Ksteps M-n-20db,brsp-11,synthetic,1,10844.3
P36,B,new,4,02 segundos brsp-13-syntacc-295Ksteps F-n-20db,brsp-13,synthetic,2,13163.8
P36,B,new,5,02 segundos brsp-22-syntacc-295Ksteps M-n-20db,brsp-22,synthetic,3,4909.1
P36,B,new,6,02 segundos brsp-24-syntacc-295Ksteps M-n-20db,brsp-24,synthetic,2,8979.3
P36,B,new,7,03 segundos bral-20-syntacc-295Ksteps M-n-20db,bral-20,synthetic,4,5974.3
P36,B,new,8,03 segundos bral-23-syntacc-295Ksteps M-n-20db,bral-23,synthetic,1,7005.4
P36,B,new,9,03 segundos bral-26-syntacc-295Ksteps M-n-20db,bral-26,synthetic,2,7193.7
P36,B,new,10,03 segundos brba-21-syntacc-295Ksteps M-n-20db,brba-21,synthetic,3,6545.7
P36,B,new,11,03 segundos brba-24-syntacc-295Ksteps M-n-20db,brba-24,synthetic,3,11419.1
P36,B,new,12,03 segundos brpb-22-syntacc-295Ksteps M-n-20db,brpb-22,synthetic,3,23088.7
P36,B,new,13,03 segundos brpe-26-syntacc-295Ksteps M-n-20db,brpe-26,synthetic,4,8302.0
P36,B,new,14,03 segundos brpe-28-syntacc-295Ksteps M-n-20db,brpe-28,synthetic,2,10699.5
P36,B,new,15,03 segundos brpe-29-syntacc-295Ksteps M-n-20db,brpe-29,synthetic,2,10672.2
P36,B,new,16,03 segundos brpr-18-syntacc-295Ksteps F-n-20db,brpr-18,synthetic,4,11875.4
P36,B,new,17,03 segundos brrs-14-syntacc-295Ksteps F-n-20db,brrs-14,synthetic,3,6107.5
P36,B,new,18,03 segundos brrs-16-syntacc-295Ksteps F-n-20db,brrs-16,synthetic,3,11969.2
P36,B,new,19,03 segundos brrs-18-syntacc-295Ksteps F-n-20db,brrs-18,synthetic,3,5719.9
P36,B,new,20,03 segundos brrs-20-syntacc-295Ksteps F-n-20db,brrs-20,synthetic,4,20005.9
P36,B,new,21,03 segundos brrs-23-syntacc-295Ksteps F-n-20db,brrs-23,synthetic,3,7847.8
P36,B,new,22,03 segundos brrs-25-syntacc-295Ksteps M-n-20db,brrs-25,synthetic,3,5740.2
P36,B,new,23,03 segundos brrs-28-syntacc-295Ksteps M-n-20db,brrs-28,synthetic,4,5732.4
P36,B,new,24,03 segundos brsp-10-syntacc-295Ksteps M-n-20db,brsp-10,synthetic,3,7858.7
P36,B,new,25,03 segundos brsp-28-syntacc-295Ksteps F-n-20db,brsp-28,synthetic,3,5739.6
P36,B,new,26,04 segundos bral-22-syntacc-295Ksteps M-n-20db,bral-22,synthetic,1,10849.5
P36,B,new,27,04 segundos brba-23-syntacc-295Ksteps F-n-20db,brba-23,synthetic,2,7708.7
P36,B,new,28,04 segundos brsp-29-syntacc-295Ksteps M-n-20db,brsp-29,synthetic,1,6627.6
P36,B,new,29,05 segundos brpr-10-gt F-n-20db,brpr-10,natural,5,7513.2
P36,B,new,30,05 segundos brpr-14-gt F-n-20db,brpr-14,natural,5,21381.8
P36,B,new,31,05 segundos brpr-15-gt F-n-20db,brpr-15,natural,5,7346.5
P36,B,new,32,05 segundos brpr-22-syntacc-295Ksteps F-n-20db,brpr-22,synthetic,4,29228.5
P36,B,new,33,05 segundos brrs-26-syntacc-295Ksteps F-n-20db,brrs-26,synthetic,2,7964.1
P36,B,new,34,06 segundos bral-24-gt M-n-20db,bral-24,natural,4,17291.9
P36,B,new,35,06 segundos brmg-26-gt M-n-20db,brmg-26,natural,5,8776.0
P36,B,new,36,06 segundos brpr-13-gt F-n-20db,brpr-13,natural,5,8154.3
P36,B,new,37,06 segundos brpr-19-gt F-n-20db,brpr-19,natural,5,9619.0
P36,B,new,38,06 segundos brsp-25-gt M-n-20db,brsp-25,natural,4,8482.6
P36,B,new,39,07 segundos brce-22-gt M-n-20db,brce-22,natural,5,9018.7
P36,B,new,40,07 segundos brmg-22-gt F-n-20db,brmg-22,natural,4,16310.0
P36,B,new,41,07 segundos brpr-20-gt F-n-20db,brpr-20,natural,5,8791.9
P36,B,new,42,07 segundos brpr-27-gt F-n-20db,brpr-27,natural,5,9120.0
P36,B,new,43,08 segundos brce-20-gt M-n-20db,brce-20,natural,4,12212.1
P36,B,new,44,08 segundos brpr-28-gt F-n-20db,brpr-28,natural,4,10666.0
P36,B,new,45,08 segundos brrj-26-gt M-n-20db,brrj-26,natural,4,12519.9
P36,B,new,46,08 segundos brrs-29-gt F-n-20db,brrs-29,natural,5,12034.0
P36,B,new,47,09 segundos brba-22-gt M-n-20db,brba-22,natural,5,33085.6
P36,B,new,48,09 segundos brmg-29-gt M-n-20db,brmg-29,natural,4,11176.3
P36,B,new,49,09 segundos brpr-24-gt F-n-20db,brpr-24,natural,5,12609.3
P36,B,new,50,10 segundos brce-29-gt M-n-20db,brce-29,natural,4,13256.6
P36,B,new,51,10 segundos brgo-28-gt M-n-20db,brgo-28,natural,3,21068.4
P36,B,new,52,10 segundos brpe-22-gt M-n-20db,brpe-22,natural,4,12474.6
P36,B,new,53,10 segundos brpr-29-gt F-n-20db,brpr-29,natural,5,12156.0
P36,B,new,54,11 segundos brpe-20-gt M-n-20db,brpe-20,natural,5,13449.8
P36,B,new,55,11 segundos brpr-25-gt F-n-20db,brpr-25,natural,5,14518.9
P36,B,new,56,12 segundos brpb-28-gt M-n-20db,brpb-28,natural,4,16702.8
P36,B,new,57,12 segundos brpr-21-gt F-n-20db,brpr-21,natural,4,15299.7
P36,B,new,58,13 segundos brpb-20-gt M-n-20db,brpb-20,natural,4,20074.2
P36,B,new,59,14 segundos brrs-24-gt M-n-20db,brrs-24,natural,5,19393.1
P36,B,new,60,17 segundos brrs-21-gt F-n-20db,brrs-21,natural,4,24774.0
P37,A,new,61,04 segundos brmg-26-syntacc-295Ksteps M-n-20db,brmg-26,synthetic,3,4774.6
P37,A,new,62,04 segundos brpr-14-syntacc-295Ksteps F-n-20db,brpr-14,synthetic,3,6495.4
P37,A,new,63,04 segundos brpr-15-syntacc-295Ksteps F-n-20db,brpr-15,synthetic,4,5488.1
P37,A,new,64,04 segundos brpr-19-syntacc-295Ksteps F-n-20db,brpr-19,synthetic,4,5344.2
P37,A,new,65,04 segundos brpr-20-syntacc-295Ksteps F-n-20db,brpr-20,synthetic,4,5766.5
P37,A,new,66,04 segundos brpr-27-syntacc-295Ksteps F-n-20db,brpr-27,synthetic,2,6396.2
P37,A,new,67,04 segundos brrs-10-gt F-n-20db,brrs-10,natural,4,5077.4
P37,A,new,68,04 segundos brrs-14-gt F-n-20db,brrs-14,natural,5,5039.5
P37,A,new,69,04 segundos brrs-16-gt F-n-20db,brrs-16,natural,4,7078.8
P37,A,new,70,04 segundos brrs-18-gt F-n-20db,brrs-18,natural,4,6652.4
P37,A,new,71,04 segundos brsp-10-gt M-n-20db,brsp-10,natural,4,5787.1
P37,A,new,72,04 segundos brsp-11-gt M-n-20db,brsp-11,natural,4,6657.9
P37,A,new,73,04 segundos brsp-13-gt F-n-20db,brsp-13,natural,4,7266.5
P37,A,new,74,04 segundos brsp-25-syntacc-295Ksteps M-n-20db,brsp-25,synthetic,1,7594.0
P37,A,new,75,05 segundos bral-20-gt M-n-20db,bral-20,natural,4,6083.1
P37,A,new,76,05 segundos bral-22-gt M-n-20db,bral-22,natural,3,6849.2
P37,A,new,77,05 segundos bral-23-gt M-n-20db,bral-23,natural,4,7836.3
P37,A,new,78,05 segundos bral-24-syntacc-295Ksteps M-n-20db,bral-24,synthetic,2,5843.4
P37,A,new,79,05 segundos brba-21-gt M-n-20db,brba-21,natural,3,6896.7
P37,A,new,80,05 segundos brce-22-syntacc-295Ksteps M-n-20db,brce-22,synthetic,1,8624.5
P37,A,new,81,05 segundos brce-26-gt M-n-20db,brce-26,natural,4,5878.0
P37,A,new,82,05 segundos brmg-22-syntacc-295Ksteps F-n-20db,brmg-22,synthetic,3,5864.2
P37,A,new,83,05 segundos brmg-29-syntacc-295Ksteps M-n-20db,brmg-29,synthetic,1,6212.2
P37,A,new,84,05 segundos brpb-22-gt M-n-20db,brpb-22,natural,5,6204.3
P37,A,new,85,05 segundos brpe-22-syntacc-295Ksteps M-n-20db,brpe-22,synthetic,1,7051.8
P37,A,new,86,05 segundos brpe-26-gt M-n-20db,brpe-26,natural,5,6028.9
P37,A,new,87,05 segundos brpe-29-gt M-n-20db,brpe-29,natural,4,9009.5
P37,A,new,88,05 segundos brpr-10-syntacc-295Ksteps F-n-20db,brpr-10,synthetic,4,5888.5
P37,A,new,89,05 segundos brpr-13-syntacc-295Ksteps F-n-20db,brpr-13,synthetic,3,8059.6
P37,A,new,90,05 segundos brpr-18-gt F-n-20db,brpr-18,natural,4,5803.3
P37,A,new,91,05 segundos brpr-28-syntacc-295Ksteps F-n-20db,brpr-28,synthetic,4,6410.9
P37,A,new,92,05 segundos brrj-26-syntacc-295Ksteps M-n-20db,brrj-26,synthetic,2,6091.6
P37,A,new,93,05 segundos brrs-25-gt M-n-20db,brrs-25,natural,5,6426.1
P37,A,new,94,05 segundos brrs-28-gt M-n-20db,brrs-28,natural,4,6671.5
P37,A,new,95,05 segundos brrs-29-syntacc-295Ksteps F-n-20db,brrs-29,synthetic,3,8330.5
P37,A,new,96,05 segundos brsp-22-gt M-n-20db,brsp-22,natural,4,6274.2
P37,A,new,97,05 segundos brsp-24-gt M-n-20db,brsp-24,natural,5,6086.5
P37,A,new,98,05 segundos brsp-28-gt F-n-20db,brsp-28,natural,4,6605.2
P37,A,new,99,06 segundos bral-26-gt M-n-20db,bral-26,natural,3,7132.9
P37,A,new,100,06 segundos brba-22-syntacc-295Ksteps M-n-20db,brba-22,synthetic,2,9800.1
P37,A,new,101,06 segundos brba-24-gt M-n-20db,brba-24,natural,5,7348.0
P37,A,new,102,06 segundos brce-20-syntacc-295Ksteps M-n-20db,brce-20,synthetic,1,7110.2
P37,A,new,103,06 segundos brpe-28-gt M-n-20db,brpe-28,natural,5,7266.4
P37,A,new,104,06 segundos brpr-24-syntacc-295Ksteps F-n-20db,brpr-24,synthetic,3,7115.6
P37,A,new,105,06 segundos brrs-20-gt F-n-20db,brrs-20,natural,3,25592.1
P37,A,new,106,07 segundos brba-23-gt F-n-20db,brba-23,natural,5,8707.7
P37,A,new,107,07 segundos brce-29-syntacc-295Ksteps M-n-20db,brce-29,synthetic,1,8833.9
P37,A,new,108,07 segundos brgo-28-syntacc-295Ksteps M-n-20db,brgo-28,synthetic,1,8267.3
P37,A,new,109,07 segundos brpe-20-syntacc-295Ksteps M-n-20db,brpe-20,synthetic,2,8091.9
P37,A,new,110,07 segundos brpr-21-syntacc-295Ksteps F-n-20db,brpr-21,synthetic,3,8347.2
P37,A,new,111,07 segundos brpr-29-syntacc-295Ksteps F-n-20db,brpr-29,synthetic,5,8005.8
P37,A,new,112,07 segundos brrs-23-gt F-n-20db,brrs-23,natural,5,8212.3
P37,A,new,113,08 segundos brpr-22-gt F-n-20db,brpr-22,natural,4,9219.2
P37,A,new,114,08 segundos brpr-25-syntacc-295Ksteps F-n-20db,brpr-25,synthetic,4,10676.2
P37,A,new,115,08 segundos brrs-21-syntacc-295Ksteps F-n-20db,brrs-21,synthetic,3,9845.8
P37,A,new,116,08 segundos brsp-27-syntacc-295Ksteps M-n-20db,brsp-27,synthetic,2,9779.2
P37,A,new,117,08 segundos brsp-29-gt M-n-20db,brsp-29,natural,5,9327.4
P37,A,new,118,09 segundos brpb-20-syntacc-295Ksteps M-n-20db,brpb-20,synthetic,3,10096.4
P37,A,new,119,09 segundos brrs-26-gt F-n-20db,brrs-26,natural,5,10115.4
P37,A,new,120,10 segundos brpb-28-syntacc-295Ksteps M-n-20db,brpb-28,synthetic,2,11075.3
P38,A,new,61,04 segundos brmg-26-syntacc-295Ksteps M-n-20db,brmg-26,synthetic,3,6885.0
P38,A,new,62,04 segundos brpr-14-syntacc-295Ksteps F-n-20db,brpr-14,synthetic,2,7065.9
P38,A,new,63,04 segundos brpr-15-syntacc-295Ksteps F-n-20db,brpr-15,synthetic,3,9415.3
P38,A,new,64,04 segundos brpr-19-syntacc-295Ksteps F-n-20db,brpr-19,synthetic,1,6550.8
P38,A,new,65,04 segundos brpr-20-syntacc-295Ksteps F-n-20db,brpr-20,synthetic,3,8347.5
P38,A,new,66,04 segundos brpr-27-syntacc-295Ksteps F-n-20db,brpr-27,synthetic,4,8268.9
P38,A,new,67,04 segundos brrs-10-gt F-n-20db,brrs-10,natural,3,8897.5
P38,A,new,68,04 segundos brrs-14-gt F-n-20db,brrs-14,natural,4,6652.2
P38,A,new,69,04 segundos brrs-16-gt F-n-20db,brrs-16,natural,5,7410.0
P38,A,new,70,04 segundos brrs-18-gt F-n-20db,brrs-18,natural,3,8333.8
P38,A,new,71,04 segundos brsp-10-gt M-n-20db,brsp-10,natural,4,7948.1
P38,A,new,72,04 segundos brsp-11-gt M-n-20db,brsp-11,natural,4,7232.8
P38,A,new,73,04 segundos brsp-13-gt F-n-20db,brsp-13,natural,5,7607.0
P38,A,new,74,04 segundos brsp-25-syntacc-295Ksteps M-n-20db,brsp-25,synthetic,2,6582.5
P38,A,new,75,05 segundos bral-20-gt M-n-20db,bral-20,natural,4,7869.2
P38,A,new,76,05 segundos bral-22-gt M-n-20db,bral-22,natural,3,8392.0
P38,A,new,77,05 segundos bral-23-gt M-n-20db,bral-23,natural,4,10168.7
P38,A,new,78,05 segundos bral-24-syntacc-295Ksteps M-n-20db,bral-24,synthetic,4,7102.5
P38,A,new,79,05 segundos brba-21-gt M-n-20db,brba-21,natural,4,14543.2
P38,A,new,80,05 segundos brce-22-syntacc-295Ksteps M-n-20db,brce-22,synthetic,2,7730.8
P38,A,new,81,05 segundos brce-26-gt M-n-20db,brce-26,natural,4,8959.3
P38,A,new,82,05 segundos brmg-22-syntacc-295Ksteps F-n-20db,brmg-22,synthetic,2,7713.4
P38,A,new,83,05 segundos brmg-29-syntacc-295Ksteps M-n-20db,brmg-29,synthetic,3,7579.7
P38,A,new,84,05 segundos brpb-22-gt M-n-20db,brpb-22,natural,5,8005.7
P38,A,new,85,05 segundos brpe-22-syntacc-295Ksteps M-n-20db,brpe-22,synthetic,2,8174.4
P38,A,new,86,05 segundos brpe-26-gt M-n-20db,brpe-26,natural,1,7396.8
P38,A,new,87,05 segundos brpe-29-gt M-n-20db,brpe-29,natural,2,7224.2
P38,A,new,88,05 segundos brpr-10-syntacc-295Ksteps F-n-20db,brpr-10,synthetic,2,7192.4
P38,A,new,89,05 segundos brpr-13-syntacc-295Ksteps F-n-20db,brpr-13,synthetic,4,8016.6
P38,A,new,90,05 segundos brpr-18-gt F-n-20db,brpr-18,natural,3,8557.4
P38,A,new,91,05 segundos brpr-28-syntacc-295Ksteps F-n-20db,brpr-28,synthetic,3,11522.8
P38,A,new,92,05 segundos brrj-26-syntacc-295Ksteps M-n-20db,brrj-26,synthetic,3,9879.0
P38,A,new,93,05 segundos brrs-25-gt M-n-20db,brrs-25,natural,5,8050.5
P38,A,new,94,05 segundos brrs-28-gt M-n-20db,brrs-28,natural,3,10039.0
P38,A,new,95,05 segundos brrs-29-syntacc-295Ksteps F-n-20db,brrs-29,synthetic,1,9173.0
P38,A,new,96,05 segundos brsp-22-gt M-n-20db,brsp-22,natural,3,8165.2
P38,A,new,97,05 segundos brsp-24-gt M-n-20db,brsp-24,natural,3,8933.5
P38,A,new,98,05 segundos brsp-28-gt F-n-20db,brsp-28,natural,3,8632.1
P38,A,new,99,06 segundos bral-26-gt M-n-20db,bral-26,natural,3,8822.7
P38,A,new,100,06 segundos brba-22-syntacc-295Ksteps M-n-20db,brba-22,synthetic,3,9187.8
P38,A,new,101,06 segundos brba-24-gt M-n-20db,brba-24,natural,4,9344.0
P38,A,new,102,06 segundos brce-20-syntacc-295Ksteps M-n-20db,brce-20,synthetic,1,10147.9
P38,A,new,103,06 segundos brpe-28-gt M-n-20db,brpe-28,natural,2,9269.6
P38,A,new,104,06 segundos brpr-24-syntacc-295Ksteps F-n-20db,brpr-24,synthetic,2,11982.8
P38,A,new,105,06 segundos brrs-20-gt F-n-20db,brrs-20,natural,2,9110.8
P38,A,new,106,07 segundos brba-23-gt F-n-20db,brba-23,natural,4,9381.8
P38,A,new,107,07 segundos brce-29-syntacc-295Ksteps M-n-20db,brce-29,synthetic,2,9681.5
P38,A,new,108,07 segundos brgo-28-syntacc-295Ksteps M-n-20db,brgo-28,synthetic,2,10603.4
P38,A,new,109,07 segundos brpe-20-syntacc-295Ksteps M-n-20db,brpe-20,synthetic,4,10070.9
P38,A,new,110,07 segundos brpr-21-syntacc-295Ksteps F-n-20db,brpr-21,synthetic,2,9763.6
P38,A,new,111,07 segundos brpr-29-syntacc-295Ksteps F-n-20db,brpr-29,synthetic,2,11965.1
P38,A,new,112,07 segundos brrs-23-gt F-n-20db,brrs-23,natural,2,9883.1
P38,A,new,113,08 segundos brpr-22-gt F-n-20db,brpr-22,natural,3,10099.4
P38,A,new,114,08 segundos brpr-25-syntacc-295Ksteps F-n-20db,brpr-25,synthetic,4,10332.7
P38,A,new,115,08 segundos brrs-21-syntacc-295Ksteps F-n-20db,brrs-21,synthetic,4,12048.9
P38,A,new,116,08 segundos brsp-27-syntacc-295Ksteps M-n-20db,brsp-27,synthetic,2,11946.6
P38,A,new,117,08 segundos brsp-29-gt M-n-20db,brsp-29,natural,3,13367.5
P38,A,new,118,09 segundos brpb-20-syntacc-295Ksteps M-n-20db,brpb-20,synthetic,2,13386.6
P38,A,new,119,09 segundos brrs-26-gt F-n-20db,brrs-26,natural,2,11345.3
P38,A,new,120,10 segundos brpb-28-syntacc-295Ksteps M-n-20db,brpb-28,synthetic,4,13542.5
P39,B,new,1,02 segundos brce-26-syntacc-295Ksteps M-n-20db,brce-26,synthetic,2,8436.0
P39,B,new,2,02 segundos brrs-10-syntacc-295Ksteps F-n-20db,brrs-10,synthetic,4,5941.9
P39,B,new,3,02 segundos brsp-11-syntacc-295Ksteps M-n-20db,brsp-11,synthetic,1,4150.6
P39,B,new,4,02 segundos brsp-13-syntacc-295Ksteps F-n-20db,brsp-13,synthetic,1,3759.9
P39,B,new,5,02 segundos brsp-22-syntacc-295Ksteps M-n-20db,brsp-22,synthetic,4,11019.0
P39,B,new,6,02 segundos brsp-24-syntacc-295Ksteps M-n-20db,brsp-24,synthetic,1,4643.4
P39,B,new,7,03 segundos bral-20-syntacc-295Ksteps M-n-20db,bral-20,synthetic,4,4917.4
P39,B,new,8,03 segundos bral-23-syntacc-295Ksteps M-n-20db,bral-23,synthetic,1,4543.1
P39,B,new,9,03 segundos bral-26-syntacc-295Ksteps M-n-20db,bral-26,synthetic,1,6487.0
P39,B,new,10,03 segundos brba-21-syntacc-295Ksteps M-n-20db,brba-21,synthetic,1,4816.0
P39,B,new,11,03 segundos brba-24-syntacc-295Ksteps M-n-20db,brba-24,synthetic,2,5880.0
P39,B,new,12,03 segundos brpb-22-syntacc-295Ksteps M-n-20db,brpb-22,synthetic,1,5303.7
P39,B,new,13,03 segundos brpe-26-syntacc-295Ksteps M-n-20db,brpe-26,synthetic,2,5328.4
P39,B,new,14,03 segundos brpe-28-syntacc-295Ksteps M-n-20db,brpe-28,synthetic,2,5239.6
P39,B,new,15,03 segundos brpe-29-syntacc-295Ksteps M-n-20db,brpe-29,synthetic,1,4406.2
P39,B,new,16,03 segundos brpr-18-syntacc-295Ksteps F-n-20db,brpr-18,synthetic,5,5353.2
P39,B,new,17,03 segundos brrs-14-syntacc-295Ksteps F-n-20db,brrs-14,synthetic,1,4982.7
P39,B,new,18,03 segundos brrs-16-syntacc-295Ksteps F-n-20db,brrs-16,synthetic,1,6007.4
P39,B,new,19,03 segundos brrs-18-syntacc-295Ksteps F-n-20db,brrs-18,synthetic,3,5735.7
P39,B,new,20,03 segundos brrs-20-syntacc-295Ksteps F-n-20db,brrs-20,synthetic,4,4111.7
P39,B,new,21,03 segundos brrs-23-syntacc-295Ksteps F-n-20db,brrs-23,synthetic,4,5959.0
P39,B,new,22,03 segundos brrs-25-syntacc-295Ksteps M-n-20db,brrs-25,synthetic,1,10108.4
P39,B,new,23,03 segundos brrs-28-syntacc-295Ksteps M-n-20db,brrs-28,synthetic,4,7254.8
P39,B,new,24,03 segundos brsp-10-syntacc-295Ksteps M-n-20db,brsp-10,synthetic,3,5424.3
P39,B,new,25,03 segundos brsp-28-syntacc-295Ksteps F-n-20db,brsp-28,synthetic,3,6742.8
P39,B,new,26,04 segundos bral-22-syntacc-295Ksteps M-n-20db,bral-22,synthetic,1,5671.3
P39,B,new,27,04 segundos brba-23-syntacc-295Ksteps F-n-20db,brba-23,synthetic,1,5215.2
P39,B,new,28,04 segundos brsp-29-syntacc-295Ksteps M-n-20db,brsp-29,synthetic,1,7753.6
P39,B,new,29,05 segundos brpr-10-gt F-n-20db,brpr-10,natural,5,7920.4
P39,B,new,30,05 segundos brpr-14-gt F-n-20db,brpr-14,natural,4,8112.4
P39,B,new,31,05 segundos brpr-15-gt F-n-20db,brpr-15,natural,4,7934.2
P39,B,new,32,05 segundos brpr-22-syntacc-295Ksteps F-n-20db,brpr-22,synthetic,4,6423.5
P39,B,new,33,05 segundos brrs-26-syntacc-295Ksteps F-n-20db,brrs-26,synthetic,2,8102.4
P39,B,new,34,06 segundos bral-24-gt M-n-20db,bral-24,natural,3,17930.9
P39,B,new,35,06 segundos brmg-26-gt M-n-20db,brmg-26,natural,5,7953.5
P39,B,new,36,06 segundos brpr-13-gt F-n-20db,brpr-13,natural,4,8111.3
P39,B,new,37,06 segundos brpr-19-gt F-n-20db,brpr-19,natural,5,11640.3
P39,B,new,38,06 segundos brsp-25-gt M-n-20db,brsp-25,natural,4,15072.5
P39,B,new,39,07 segundos brce-22-gt M-n-20db,brce-22,natural,4,8761.8
P39,B,new,40,07 segundos brmg-22-gt F-n-20db,brmg-22,natural,2,9999.1
P39,B,new,41,07 segundos brpr-20-gt F-n-20db,brpr-20,natural,5,8990.9
P39,B,new,42,07 segundos brpr-27-gt F-n-20db,brpr-27,natural,5,8230.0
P39,B,new,43,08 segundos brce-20-gt M-n-20db,brce-20,natural,4,10255.3
P39,B,new,44,08 segundos brpr-28-gt F-n-20db,brpr-28,natural,4,11521.1
P39,B,new,45,08 segundos brrj-26-gt M-n-20db,brrj-26,natural,4,10865.6
P39,B,new,46,08 segundos brrs-29-gt F-n-20db,brrs-29,natural,5,9782.8
P39,B,new,47,09 segundos brba-22-gt M-n-20db,brba-22,natural,5,10854.1
P39,B,new,48,09 segundos brmg-29-gt M-n-20db,brmg-29,natural,4,10816.1
P39,B,new,49,09 segundos brpr-24-gt F-n-20db,brpr-24,natural,5,12410.9
P39,B,new,50,10 segundos brce-29-gt M-n-20db,brce-29,natural,5,12199.8
P39,B,new,51,10 segundos brgo-28-gt M-n-20db,brgo-28,natural,4,12447.6
P39,B,new,52,10 segundos brpe-22-gt M-n-20db,brpe-22,natural,5,12599.2
P39,B,new,53,10 segundos brpr-29-gt F-n-20db,brpr-29,natural,3,19615.1
P39,B,new,54,11 segundos brpe-20-gt M-n-20db,brpe-20,natural,5,17139.3
P39,B,new,55,11 segundos brpr-25-gt F-n-20db,brpr-25,natural,4,13782.8
P39,B,new,56,12 segundos brpb-28-gt M-n-20db,brpb-28,natural,3,18556.5
P39,B,new,57,12 segundos brpr-21-gt F-n-20db,brpr-21,natural,5,13326.0
P39,B,new,58,13 segundos brpb-20-gt M-n-20db,brpb-20,natural,5,14821.1
P39,B,new,59,14 segundos brrs-24-gt M-n-20db,brrs-24,natural,5,15135.9
P39,B,new,60,17 segundos brrs-21-gt F-n-20db,brrs-21,natural,4,20095.7
P40,B,new,1,02 segundos brce-26-syntacc-295Ksteps M-n-20db,brce-26,synthetic,4,10401.0
P40,B,new,2,02 segundos brrs-10-syntacc-295Ksteps F-n-20db,brrs-10,synthetic,2,6568.9
P40,B,new,3,02 segundos brsp-11-syntacc-295Ksteps M-n-20db,brsp-11,synthetic,2,8127.8
P40,B,new,4,02 segundos brsp-13-syntacc-295Ksteps F-n-20db,brsp-13,synthetic,3,10309.7
P40,B,new,5,02 segundos brsp-22-syntacc-295Ksteps M-n-20db,brsp-22,synthetic,5,32496.4
P40,B,new,6,02 segundos brsp-24-syntacc-295Ksteps M-n-20db,brsp-24,synthetic,1,6437.4
P40,B,new,7,03 segundos bral-20-syntacc-295Ksteps M-n-20db,bral-20,synthetic,3,15326.9
P40,B,new,8,03 segundos bral-23-syntacc-295Ksteps M-n-20db,bral-23,synthetic,1,4274.2
P40,B,new,9,03 segundos bral-26-syntacc-295Ksteps M-n-20db,bral-26,synthetic,1,9799.6
P40,B,new,10,03 segundos brba-21-syntacc-295Ksteps M-n-20db,brba-21,synthetic,4,9682.4
P40,B,new,11,03 segundos brba-24-syntacc-295Ksteps M-n-20db,brba-24,synthetic,2,9518.6
P40,B,new,12,03 segundos brpb-22-syntacc-295Ksteps M-n-20db,brpb-22,synthetic,3,20451.4
P40,B,new,13,03 segundos brpe-26-syntacc-295Ksteps M-n-20db,brpe-26,synthetic,4,9669.9
P40,B,new,14,03 segundos brpe-28-syntacc-295Ksteps M-n-20db,brpe-28,synthetic,4,16368.9
P40,B,new,15,03 segundos brpe-29-syntacc-295Ksteps M-n-20db,brpe-29,synthetic,1,7049.7
P40,B,new,16,03 segundos brpr-18-syntacc-295Ksteps F-n-20db,brpr-18,synthetic,3,10526.6
P40,B,new,17,03 segundos brrs-14-syntacc-295Ksteps F-n-20db,brrs-14,synthetic,1,9223.8
P40,B,new,18,03 segundos brrs-16-syntacc-295Ksteps F-n-20db,brrs-16,synthetic,2,8857.5
P40,B,new,19,03 segundos brrs-18-syntacc-295Ksteps F-n-20db,brrs-18,synthetic,4,9797.8
P40,B,new,20,03 segundos brrs-20-syntacc-295Ksteps F-n-20db,brrs-20,synthetic,3,7854.2
P40,B,new,21,03 segundos brrs-23-syntacc-295Ksteps F-n-20db,brrs-23,synthetic,4,9069.1
P40,B,new,22,03 segundos brrs-25-syntacc-295Ksteps M-n-20db,brrs-25,synthetic,4,11693.1
P40,B,new,23,03 segundos brrs-28-syntacc-295Ksteps M-n-20db,brrs-28,synthetic,3,9216.7
P40,B,new,24,03 segundos brsp-10-syntacc-295Ksteps M-n-20db,brsp-10,synthetic,4,10588.2
P40,B,new,25,03 segundos brsp-28-syntacc-295Ksteps F-n-20db,brsp-28,synthetic,3,9021.0
P40,B,new,26,04 segundos bral-22-syntacc-295Ksteps M-n-20db,bral-22,synthetic,1,11036.1
P40,B,new,27,04 segundos brba-23-syntacc-295Ksteps F-n-20db,brba-23,synthetic,1,5824.8
P40,B,new,28,04 segundos brsp-29-syntacc-295Ksteps M-n-20db,brsp-29,synthetic,3,14072.9
P40,B,new,29,05 segundos brpr-10-gt F-n-20db,brpr-10,natural,5,10388.8
P40,B,new,30,05 segundos brpr-14-gt F-n-20db,brpr-14,natural,5,90585.7
P40,B,new,31,05 segundos brpr-15-gt F-n-20db,brpr-15,natural,5,6684.8
P40,B,new,32,05 segundos brpr-22-syntacc-295Ksteps F-n-20db,brpr-22,synthetic,4,11567.6
P40,B,new,33,05 segundos brrs-26-syntacc-295Ksteps F-n-20db,brrs-26,synthetic,2,7132.9
P40,B,new,34,06 segundos bral-24-gt M-n-20db,bral-24,natural,4,12710.3
P40,B,new,35,06 segundos brmg-26-gt M-n-20db,brmg-26,natural,5,8847.9
P40,B,new,36,06 segundos brpr-13-gt F-n-20db,brpr-13,natural,5,19134.5
P40,B,new,37,06 segundos brpr-19-gt F-n-20db,brpr-19,natural,5,7150.1
P40,B,new,38,06 segundos brsp-25-gt M-n-20db,brsp-25,natural,5,8518.3
P40,B,new,39,07 segundos brce-22-gt M-n-20db,brce-22,natural,5,15326.8
P40,B,new,40,07 segundos brmg-22-gt F-n-20db,brmg-22,natural,5,10095.3
P40,B,new,41,07 segundos brpr-20-gt F-n-20db,brpr-20,natural,5,9128.2
P40,B,new,42,07 segundos brpr-27-gt F-n-20db,brpr-27,natural,5,8788.4
P40,B,new,43,08 segundos brce-20-gt M-n-20db,brce-20,natural,5,77407.5
P40,B,new,44,08 segundos brpr-28-gt F-n-20db,brpr-28,natural,5,11437.4
P40,B,new,45,08 segundos brrj-26-gt M-n-20db,brrj-26,natural,5,18675.3
P40,B,new,46,08 segundos brrs-29-gt F-n-20db,brrs-29,natural,5,15751.3
P40,B,new,47,09 segundos brba-22-gt M-n-20db,brba-22,natural,4,25326.1
P40,B,new,48,09 segundos brmg-29-gt M-n-20db,brmg-29,natural,5,21512.0
P40,B,new,49,09 segundos brpr-24-gt F-n-20db,brpr-24,natural,5,10875.7
P40,B,new,50,10 segundos brce-29-gt M-n-20db,brce-29,natural,5,11122.3
P40,B,new,51,10 segundos brgo-28-gt M-n-20db,brgo-28,natural,4,13157.7
P40,B,new,52,10 segundos brpe-22-gt M-n-20db,brpe-22,natural,5,12140.2
P40,B,new,53,10 segundos brpr-29-gt F-n-20db,brpr-29,natural,5,11057.8
P40,B,new,54,11 segundos brpe-20-gt M-n-20db,brpe-20,natural,5,13605.1
P40,B,new,55,11 segundos brpr-25-gt F-n-20db,brpr-25,natural,5,13386.5
P40,B,new,56,12 segundos brpb-28-gt M-n-20db,brpb-28,natural,5,15943.0
P40,B,new,57,12 segundos brpr-21-gt F-n-20db,brpr-21,natural,5,13327.8
P40,B,new,58,13 segundos brpb-20-gt M-n-20db,brpb-20,natural,5,15115.3
P40,B,new,59,14 segundos brrs-24-gt M-n-20db,brrs-24,natural,5,15500.8
P40,B,new,60,17 segundos brrs-21-gt F-n-20db,brrs-21,natural,4,18016.6
P41,A,new,61,04 segundos brmg-26-syntacc-295Ksteps M-n-20db,brmg-26,synthetic,2,7376.9
P41,A,new,62,04 segundos brpr-14-syntacc-295Ksteps F-n-20db,brpr-14,synthetic,1,7397.0
P41,A,new,63,04 segundos brpr-15-syntacc-295Ksteps F-n-20db,brpr-15,synthetic,1,6705.4
P41,A,new,64,04 segundos brpr-19-syntacc-295Ksteps F-n-20db,brpr-19,synthetic,2,7708.0
P41,A,new,65,04 segundos brpr-20-syntacc-295Ksteps F-n-20db,brpr-20,synthetic,2,8076.2
P41,A,new,66,04 segundos brpr-27-syntacc-295Ksteps F-n-20db,brpr-27,synthetic,2,9112.1
P41,A,new,67,04 segundos brrs-10-gt F-n-20db,brrs-10,natural,5,7758.6
P41,A,new,68,04 segundos brrs-14-gt F-n-20db,brrs-14,natural,5,5982.0
P41,A,new,69,04 segundos brrs-16-gt F-n-20db,brrs-16,natural,5,6665.0
P41,A,new,70,04 segundos brrs-18-gt F-n-20db,brrs-18,natural,4,7457.7
P41,A,new,71,04 segundos brsp-10-gt M-n-20db,brsp-10,natural,5,6680.5
P41,A,new,72,04 segundos brsp-11-gt M-n-20db,brsp-11,natural,4,7044.5
P41,A,new,73,04 segundos brsp-13-gt F-n-20db,brsp-13,natural,5,8705.6
P41,A,new,74,04 segundos brsp-25-syntacc-295Ksteps M-n-20db,brsp-25,synthetic,1,6408.4
P41,A,new,75,05 segundos bral-20-gt M-n-20db,bral-20,natural,5,7103.5
P41,A,new,76,05 segundos bral-22-gt M-n-20db,bral-22,natural,5,7721.2
P41,A,new,77,05 segundos bral-23-gt M-n-20db,bral-23,natural,2,7280.3
P41,A,new,78,05 segundos bral-24-syntacc-295Ksteps M-n-20db,bral-24,synthetic,3,7917.5
P41,A,new,79,05 segundos brba-21-gt M-n-20db,brba-21,natural,5,7479.2
P41,A,new,80,05 segundos brce-22-syntacc-295Ksteps M-n-20db,brce-22,synthetic,1,7251.7
P41,A,new,81,05 segundos brce-26-gt M-n-20db,brce-26,natural,3,7727.4
P41,A,new,82,05 segundos brmg-22-syntacc-295Ksteps F-n-20db,brmg-22,synthetic,1,7110.1
P41,A,new,83,05 segundos brmg-29-syntacc-295Ksteps M-n-20db,brmg-29,synthetic,2,8143.3
P41,A,new,84,05 segundos brpb-22-gt M-n-20db,brpb-22,natural,5,7485.4
P41,A,new,85,05 segundos brpe-22-syntacc-295Ksteps M-n-20db,brpe-22,synthetic,1,7952.4
P41,A,new,86,05 segundos brpe-26-gt M-n-20db,brpe-26,natural,5,7411.7
P41,A,new,87,05 segundos brpe-29-gt M-n-20db,brpe-29,natural,5,8631.7
P41,A,new,88,05 segundos brpr-10-syntacc-295Ksteps F-n-20db,brpr-10,synthetic,4,7929.0
P41,A,new,89,05 segundos brpr-13-syntacc-295Ksteps F-n-20db,brpr-13,synthetic,1,7012.2
P41,A,new,90,05 segundos brpr-18-gt F-n-20db,brpr-18,natural,5,7175.1
P41,A,new,91,05 segundos brpr-28-syntacc-295Ksteps F-n-20db,brpr-28,synthetic,2,8343.6
P41,A,new,92,05 segundos brrj-26-syntacc-295Ksteps M-n-20db,brrj-26,synthetic,2,7301.1
P41,A,new,93,05 segundos brrs-25-gt M-n-20db,brrs-25,natural,4,7921.1
P41,A,new,94,05 segundos brrs-28-gt M-n-20db,brrs-28,natural,5,7271.7
P41,A,new,95,05 segundos brrs-29-syntacc-295Ksteps F-n-20db,brrs-29,synthetic,1,7271.0
P41,A,new,96,05 segundos brsp-22-gt M-n-20db,brsp-22,natural,5,7461.0
P41,A,new,97,05 segundos brsp-24-gt M-n-20db,brsp-24,natural,5,7163.2
P41,A,new,98,05 segundos brsp-28-gt F-n-20db,brsp-28,natural,5,7656.6
P41,A,new,99,06 segundos bral-26-gt M-n-20db,bral-26,natural,5,8628.2
P41,A,new,100,06 segundos brba-22-syntacc-295Ksteps M-n-20db,brba-22,synthetic,2,9736.3
P41,A,new,101,06 segundos brba-24-gt M-n-20db,brba-24,natural,4,8705.6
P41,A,new,102,06 segundos brce-20-syntacc-295Ksteps M-n-20db,brce-20,synthetic,1,8340.9
P41,A,new,103,06 segundos brpe-28-gt M-n-20db,brpe-28,natural,4,8281.0
P41,A,new,104,06 segundos brpr-24-syntacc-295Ksteps F-n-20db,brpr-24,synthetic,2,9433.7
P41,A,new,105,06 segundos brrs-20-gt F-n-20db,brrs-20,natural,5,8295.3
P41,A,new,106,07 segundos brba-23-gt F-n-20db,brba-23,natural,5,9567.2
P41,A,new,107,07 segundos brce-29-syntacc-295Ksteps M-n-20db,brce-29,synthetic,1,10069.1
P41,A,new,108,07 segundos brgo-28-syntacc-295Ksteps M-n-20db,brgo-28,synthetic,2,9863.0
P41,A,new,109,07 segundos brpe-20-syntacc-295Ksteps M-n-20db,brpe-20,synthetic,2,9813.4
P41,A,new,110,07 segundos brpr-21-syntacc-295Ksteps F-n-20db,brpr-21,synthetic,1,9621.2
P41,A,new,111,07 segundos brpr-29-syntacc-295Ksteps F-n-20db,brpr-29,synthetic,1,9262.3
P41,A,new,112,07 segundos brrs-23-gt F-n-20db,brrs-23,natural,5,8848.8
P41,A,new,113,08 segundos brpr-22-gt F-n-20db,brpr-22,natural,5,10090.5
P41,A,new,114,08 segundos brpr-25-syntacc-295Ksteps F-n-20db,brpr-25,synthetic,2,11269.5
P41,A,new,115,08 segundos brrs-21-syntacc-295Ksteps F-n-20db,brrs-21,synthetic,1,10940.6
P41,A,new,116,08 segundos brsp-27-syntacc-295Ksteps M-n-20db,brsp-27,synthetic,1,10974.7
P41,A,new,117,08 segundos brsp-29-gt M-n-20db,brsp-29,natural,5,10246.2
P41,A,new,118,09 segundos brpb-20-syntacc-295Ksteps M-n-20db,brpb-20,synthetic,3,11466.8
P41,A,new,119,09 segundos brrs-26-gt F-n-20db,brrs-26,natural,4,12109.0
P41,A,new,120,10 segundos brpb-28-syntacc-295Ksteps M-n-20db,brpb-28,synthetic,4,13615.8
P42,B,new,1,02 segundos brce-26-syntacc-295Ksteps M-n-20db,brce-26,synthetic,4,8610.2
P42,B,new,2,02 segundos brrs-10-syntacc-295Ksteps F-n-20db,brrs-10,synthetic,5,6332.1
P42,B,new,3,02 segundos brsp-11-syntacc-295Ksteps M-n-20db,brsp-11,synthetic,2,11807.2
P42,B,new,4,02 segundos brsp-13-syntacc-295Ksteps F-n-20db,brsp-13,synthetic,2,3912.4
P42,B,new,5,02 segundos brsp-22-syntacc-295Ksteps M-n-20db,brsp-22,synthetic,2,4886.9
P42,B,new,6,02 segundos brsp-24-syntacc-295Ksteps M-n-20db,brsp-24,synthetic,2,5331.8
P42,B,new,7,03 segundos bral-20-syntacc-295Ksteps M-n-20db,bral-20,synthetic,2,10196.8
P42,B,new,8,03 segundos bral-23-syntacc-295Ksteps M-n-20db,bral-23,synthetic,2,17572.5
P42,B,new,9,03 segundos bral-26-syntacc-295Ksteps M-n-20db,bral-26,synthetic,4,4995.1
P42,B,new,10,03 segundos brba-21-syntacc-295Ksteps M-n-20db,brba-21,synthetic,3,10196.7
P42,B,new,11,03 segundos brba-24-syntacc-295Ksteps M-n-20db,brba-24,synthetic,2,4762.0
P42,B,new,12,03 segundos brpb-22-syntacc-295Ksteps M-n-20db,brpb-22,synthetic,1,12470.2
P42,B,new,13,03 segundos brpe-26-syntacc-295Ksteps M-n-20db,brpe-26,synthetic,4,20111.0
P42,B,new,14,03 segundos brpe-28-syntacc-295Ksteps M-n-20db,brpe-28,synthetic,2,5885.5
P42,B,new,15,03 segundos brpe-29-syntacc-295Ksteps M-n-20db,brpe-29,synthetic,1,4764.9
P42,B,new,16,03 segundos brpr-18-syntacc-295Ksteps F-n-20db,brpr-18,synthetic,2,22310.4
P42,B,new,17,03 segundos brrs-14-syntacc-295Ksteps F-n-20db,brrs-14,synthetic,2,9955.3
P42,B,new,18,03 segundos brrs-16-syntacc-295Ksteps F-n-20db,brrs-16,synthetic,2,9508.5
P42,B,new,19,03 segundos brrs-18-syntacc-295Ksteps F-n-20db,brrs-18,synthetic,3,9018.2
P42,B,new,20,03 segundos brrs-20-syntacc-295Ksteps F-n-20db,brrs-20,synthetic,2,5718.4
P42,B,new,21,03 segundos brrs-23-syntacc-295Ksteps F-n-20db,brrs-23,synthetic,2,5970.5
P42,B,new,22,03 segundos brrs-25-syntacc-295Ksteps M-n-20db,brrs-25,synthetic,2,5854.1
P42,B,new,23,03 segundos brrs-28-syntacc-295Ksteps M-n-20db,brrs-28,synthetic,2,9278.7
P42,B,new,24,03 segundos brsp-10-syntacc-295Ksteps M-n-20db,brsp-10,synthetic,2,9977.9
P42,B,new,25,03 segundos brsp-28-syntacc-295Ksteps F-n-20db,brsp-28,synthetic,2,5821.8
P42,B,new,26,04 segundos bral-22-syntacc-295Ksteps M-n-20db,bral-22,synthetic,3,8026.9
P42,B,new,27,04 segundos brba-23-syntacc-295Ksteps F-n-20db,brba-23,synthetic,1,5350.3
P42,B,new,28,04 segundos brsp-29-syntacc-295Ksteps M-n-20db,brsp-29,synthetic,2,7118.6
P42,B,new,29,05 segundos brpr-10-gt F-n-20db,brpr-10,natural,5,8719.2
P42,B,new,30,05 segundos brpr-14-gt F-n-20db,brpr-14,natural,4,8169.1
P42,B,new,31,05 segundos brpr-15-gt F-n-20db,brpr-15,natural,5,11004.0
P42,B,new,32,05 segundos brpr-22-syntacc-295Ksteps F-n-20db,brpr-22,synthetic,2,7087.0
P42,B,new,33,05 segundos brrs-26-syntacc-295Ksteps F-n-20db,brrs-26,synthetic,2,17073.6
P42,B,new,34,06 segundos bral-24-gt M-n-20db,bral-24,natural,5,8349.6
P42,B,new,35,06 segundos brmg-26-gt M-n-20db,brmg-26,natural,5,8201.8
P42,B,new,36,06 segundos brpr-13-gt F-n-20db,brpr-13,natural,3,10177.0
P42,B,new,37,06 segundos brpr-19-gt F-n-20db,brpr-19,natural,5,8503.0
P42,B,new,38,06 segundos brsp-25-gt M-n-20db,brsp-25,natural,4,7878.6
P42,B,new,39,07 segundos brce-22-gt M-n-20db,brce-22,natural,3,8363.8
P42,B,new,40,07 segundos brmg-22-gt F-n-20db,brmg-22,natural,4,8891.0
P42,B,new,41,07 segundos brpr-20-gt F-n-20db,brpr-20,natural,4,10385.1
P42,B,new,42,07 segundos brpr-27-gt F-n-20db,brpr-27,natural,5,14723.8
P42,B,new,43,08 segundos brce-20-gt M-n-20db,brce-20,natural,4,10280.5
P42,B,new,44,08 segundos brpr-28-gt F-n-20db,brpr-28,natural,5,10245.2
P42,B,new,45,08 segundos brrj-26-gt M-n-20db,brrj-26,natural,4,11093.5
P42,B,new,46,08 segundos brrs-29-gt F-n-20db,brrs-29,natural,5,10703.0
P42,B,new,47,09 segundos brba-22-gt M-n-20db,brba-22,natural,5,11401.1
P42,B,new,48,09 segundos brmg-29-gt M-n-20db,brmg-29,natural,4,12268.1
P42,B,new,49,09 segundos brpr-24-gt F-n-20db,brpr-24,natural,5,10963.6
P42,B,new,50,10 segundos brce-29-gt M-n-20db,brce-29,natural,4,11115.2
P42,B,new,51,10 segundos brgo-28-gt M-n-20db,brgo-28,natural,4,18015.9
P42,B,new,52,10 segundos brpe-22-gt M-n-20db,brpe-22,natural,4,13029.5
P42,B,new,53,10 segundos brpr-29-gt F-n-20db,brpr-29,natural,4,14127.5
P42,B,new,54,11 segundos brpe-20-gt M-n-20db,brpe-20,natural,4,12119.0
P42,B,new,55,11 segundos brpr-25-gt F-n-20db,brpr-25,natural,5,14669.8
P42,B,new,56,12 segundos brpb-28-gt M-n-20db,brpb-28,natural,5,15105.6
P42,B,new,57,12 segundos brpr-21-gt F-n-20db,brpr-21,natural,5,13748.9
P42,B,new,58,13 segundos brpb-20-gt M-n-20db,brpb-20,natural,4,18803.1
P42,B,new,59,14 segundos brrs-24-gt M-n-20db,brrs-24,natural,5,16028.9
P42,B,new,60,17 segundos brrs-21-gt F-n-20db,brrs-21,natural,4,19549.2
P43,A,new,61,04 segundos brmg-26-syntacc-295Ksteps M-n-20db,brmg-26,synthetic,3,7138.8
P43,A,new,62,04 segundos brpr-14-syntacc-295Ksteps F-n-20db,brpr-14,synthetic,5,6227.2
P43,A,new,63,04 segundos brpr-15-syntacc-295Ksteps F-n-20db,brpr-15,synthetic,5,6714.7
P43,A,new,64,04 segundos brpr-19-syntacc-295Ksteps F-n-20db,brpr-19,synthetic,5,8005.9
P43,A,new,65,04 segundos brpr-20-syntacc-295Ksteps F-n-20db,brpr-20,synthetic,5,7509.8
P43,A,new,66,04 segundos brpr-27-syntacc-295Ksteps F-n-20db,brpr-27,synthetic,4,10167.1
P43,A,new,67,04 segundos brrs-10-gt F-n-20db,brrs-10,natural,5,6629.2
P43,A,new,68,04 segundos brrs-14-gt F-n-20db,brrs-14,natural,5,5692.9
P43,A,new,69,04 segundos brrs-16-gt F-n-20db,brrs-16,natural,5,6610.2
P43,A,new,70,04 segundos brrs-18-gt F-n-20db,brrs-18,natural,5,6441.4
P43,A,new,71,04 segundos brsp-10-gt M-n-20db,brsp-10,natural,5,6683.3
P43,A,new,72,04 segundos brsp-11-gt M-n-20db,brsp-11,natural,5,6878.3
P43,A,new,73,04 segundos brsp-13-gt F-n-20db,brsp-13,natural,5,5681.0
P43,A,new,74,04 segundos brsp-25-syntacc-295Ksteps M-n-20db,brsp-25,synthetic,1,6049.5
P43,A,new,75,05 segundos bral-20-gt M-n-20db,bral-20,natural,5,6771.3
P43,A,new,76,05 segundos bral-22-gt M-n-20db,bral-22,natural,4,15989.3
P43,A,new,77,05 segundos bral-23-gt M-n-20db,bral-23,natural,3,7531.4
P43,A,new,78,05 segundos bral-24-syntacc-295Ksteps M-n-20db,bral-24,synthetic,3,7321.3
P43,A,new,79,05 segundos brba-21-gt M-n-20db,brba-21,natural,5,8150.4
P43,A,new,80,05 segundos brce-22-syntacc-295Ksteps M-n-20db,brce-22,synthetic,1,6483.1
P43,A,new,81,05 segundos brce-26-gt M-n-20db,brce-26,natural,5,12334.5
P43,A,new,82,05 segundos brmg-22-syntacc-295Ksteps F-n-20db,brmg-22,synthetic,4,7036.3
P43,A,new,83,05 segundos brmg-29-syntacc-295Ksteps M-n-20db,brmg-29,synthetic,3,7317.5
P43,A,new,84,05 segundos brpb-22-gt M-n-20db,brpb-22,natural,5,6660.1
P43,A,new,85,05 segundos brpe-22-syntacc-295Ksteps M-n-20db,brpe-22,synthetic,2,8789.2
P43,A,new,86,05 segundos brpe-26-gt M-n-20db,brpe-26,natural,4,10361.2
P43,A,new,87,05 segundos brpe-29-gt M-n-20db,brpe-29,natural,5,6975.8
P43,A,new,88,05 segundos brpr-10-syntacc-295Ksteps F-n-20db,brpr-10,synthetic,4,7209.4
P43,A,new,89,05 segundos brpr-13-syntacc-295Ksteps F-n-20db,brpr-13,synthetic,4,7258.8
P43,A,new,90,05 segundos brpr-18-gt F-n-20db,brpr-18,natural,5,7853.8
P43,A,new,91,05 segundos brpr-28-syntacc-295Ksteps F-n-20db,brpr-28,synthetic,5,7016.3
P43,A,new,92,05 segundos brrj-26-syntacc-295Ksteps M-n-20db,brrj-26,synthetic,1,12630.0
P43,A,new,93,05 segundos brrs-25-gt M-n-20db,brrs-25,natural,5,7765.1
P43,A,new,94,05 segundos brrs-28-gt M-n-20db,brrs-28,natural,5,7451.6
P43,A,new,95,05 segundos brrs-29-syntacc-295Ksteps F-n-20db,brrs-29,synthetic,5,7764.4
P43,A,new,96,05 segundos brsp-22-gt M-n-20db,brsp-22,natural,5,7125.7
P43,A,new,97,05 segundos brsp-24-gt M-n-20db,brsp-24,natural,5,6908.7
P43,A,new,98,05 segundos brsp-28-gt F-n-20db,brsp-28,natural,5,7327.7
P43,A,new,99,06 segundos bral-26-gt M-n-20db,bral-26,natural,4,7825.9
P43,A,new,100,06 segundos brba-22-syntacc-295Ksteps M-n-20db,brba-22,synthetic,2,9233.4
P43,A,new,101,06 segundos brba-24-gt M-n-20db,brba-24,natural,5,8135.9
P43,A,new,102,06 segundos brce-20-syntacc-295Ksteps M-n-20db,brce-20,synthetic,1,8464.6
P43,A,new,103,06 segundos brpe-28-gt M-n-20db,brpe-28,natural,5,8341.0
P43,A,new,104,06 segundos brpr-24-syntacc-295Ksteps F-n-20db,brpr-24,synthetic,3,9068.9
P43,A,new,105,06 segundos brrs-20-gt F-n-20db,brrs-20,natural,5,8075.0
P43,A,new,106,07 segundos brba-23-gt F-n-20db,brba-23,natural,5,9386.9
P43,A,new,107,07 segundos brce-29-syntacc-295Ksteps M-n-20db,brce-29,synthetic,1,9665.2
P43,A,new,108,07 segundos brgo-28-syntacc-295Ksteps M-n-20db,brgo-28,synthetic,2,9967.3
P43,A,new,109,07 segundos brpe-20-syntacc-295Ksteps M-n-20db,brpe-20,synthetic,3,9613.2
P43,A,new,110,07 segundos brpr-21-syntacc-295Ksteps F-n-20db,brpr-21,synthetic,4,9705.1
P43,A,new,111,07 segundos brpr-29-syntacc-295Ksteps F-n-20db,brpr-29,synthetic,4,10355.9
P43,A,new,112,07 segundos brrs-23-gt F-n-20db,brrs-23,natural,5,17890.1
P43,A,new,113,08 segundos brpr-22-gt F-n-20db,brpr-22,natural,5,9704.1
P43,A,new,114,08 segundos brpr-25-syntacc-295Ksteps F-n-20db,brpr-25,synthetic,4,10517.4
P43,A,new,115,08 segundos brrs-21-syntacc-295Ksteps F-n-20db,brrs-21,synthetic,3,13159.0
P43,A,new,116,08 segundos brsp-27-syntacc-295Ksteps M-n-20db,brsp-27,synthetic,2,11629.2
P43,A,new,117,08 segundos brsp-29-gt M-n-20db,brsp-29,natural,5,10374.9
P43,A,new,118,09 segundos brpb-20-syntacc-295Ksteps M-n-20db,brpb-20,synthetic,4,11160.0
P43,A,new,119,09 segundos brrs-26-gt F-n-20db,brrs-26,natural,5,12451.2
P43,A,new,120,10 segundos brpb-28-syntacc-295Ksteps M-n-20db,brpb-28,synthetic,3,12789.9
P44,A,new,61,04 segundos brmg-26-syntacc-295Ksteps M-n-20db,brmg-26,synthetic,2,6650.5
P44,A,new,62,04 segundos brpr-14-syntacc-295Ksteps F-n-20db,brpr-14,synthetic,5,5986.2
P44,A,new,63,04 segundos brpr-15-syntacc-295Ksteps F-n-20db,brpr-15,synthetic,3,13620.3
P44,A,new,64,04 segundos brpr-19-syntacc-295Ksteps F-n-20db,brpr-19,synthetic,2,7986.6
P44,A,new,65,04 segundos brpr-20-syntacc-295Ksteps F-n-20db,brpr-20,synthetic,3,13158.0
P44,A,new,66,04 segundos brpr-27-syntacc-295Ksteps F-n-20db,brpr-27,synthetic,3,7535.7
P44,A,new,67,04 segundos brrs-10-gt F-n-20db,brrs-10,natural,4,6261.7
P44,A,new,68,04 segundos brrs-14-gt F-n-20db,brrs-14,natural,5,7270.5
P44,A,new,69,04 segundos brrs-16-gt F-n-20db,brrs-16,natural,5,6863.3
P44,A,new,70,04 segundos brrs-18-gt F-n-20db,brrs-18,natural,4,6862.2
P44,A,new,71,04 segundos brsp-10-gt M-n-20db,brsp-10,natural,4,6845.7
P44,A,new,72,04 segundos brsp-11-gt M-n-20db,brsp-11,natural,5,6491.1
P44,A,new,73,04 segundos brsp-13-gt F-n-20db,brsp-13,natural,5,9486.1
P44,A,new,74,04 segundos brsp-25-syntacc-295Ksteps M-n-20db,brsp-25,synthetic,1,6161.9
P44,A,new,75,05 segundos bral-20-gt M-n-20db,bral-20,natural,5,9514.5
P44,A,new,76,05 segundos bral-22-gt M-n-20db,bral-22,natural,4,12135.7
P44,A,new,77,05 segundos bral-23-gt M-n-20db,bral-23,natural,4,9266.6
P44,A,new,78,05 segundos bral-24-syntacc-295Ksteps M-n-20db,bral-24,synthetic,2,17568.5
P44,A,new,79,05 segundos brba-21-gt M-n-20db,brba-21,natural,4,13443.0
P44,A,new,80,05 segundos brce-22-syntacc-295Ksteps M-n-20db,brce-22,synthetic,1,9543.2
P44,A,new,81,05 segundos brce-26-gt M-n-20db,brce-26,natural,4,7401.4
P44,A,new,82,05 segundos brmg-22-syntacc-295Ksteps F-n-20db,brmg-22,synthetic,2,8157.8
P44,A,new,83,05 segundos brmg-29-syntacc-295Ksteps M-n-20db,brmg-29,synthetic,2,8058.8
P44,A,new,84,05 segundos brpb-22-gt M-n-20db,brpb-22,natural,4,8598.2
P44,A,new,85,05 segundos brpe-22-syntacc-295Ksteps M-n-20db,brpe-22,synthetic,1,8897.6
P44,A,new,86,05 segundos brpe-26-gt M-n-20db,brpe-26,natural,4,8381.9
P44,A,new,87,05 segundos brpe-29-gt M-n-20db,brpe-29,natural,5,7339.3
P44,A,new,88,05 segundos brpr-10-syntacc-295Ksteps F-n-20db,brpr-10,synthetic,4,26587.7
P44,A,new,89,05 segundos brpr-13-syntacc-295Ksteps F-n-20db,brpr-13,synthetic,3,17152.6
P44,A,new,90,05 segundos brpr-18-gt F-n-20db,brpr-18,natural,4,7114.5
P44,A,new,91,05 segundos brpr-28-syntacc-295Ksteps F-n-20db,brpr-28,synthetic,3,18279.8
P44,A,new,92,05 segundos brrj-26-syntacc-295Ksteps M-n-20db,brrj-26,synthetic,2,7967.9
P44,A,new,93,05 segundos brrs-25-gt M-n-20db,brrs-25,natural,4,8050.3
P44,A,new,94,05 segundos brrs-28-gt M-n-20db,brrs-28,natural,4,9754.0
P44,A,new,95,05 segundos brrs-29-syntacc-295Ksteps F-n-20db,brrs-29,synthetic,3,8596.6
P44,A,new,96,05 segundos brsp-22-gt M-n-20db,brsp-22,natural,4,7882.5
P44,A,new,97,05 segundos brsp-24-gt M-n-20db,brsp-24,natural,3,9961.7
P44,A,new,98,05 segundos brsp-28-gt F-n-20db,brsp-28,natural,5,7630.7
P44,A,new,99,06 segundos bral-26-gt M-n-20db,bral-26,natural,3,15154.5
P44,A,new,100,06 segundos brba-22-syntacc-295Ksteps M-n-20db,brba-22,synthetic,2,9188.7
P44,A,new,101,06 segundos brba-24-gt M-n-20db,brba-24,natural,4,10191.2
P44,A,new,102,06 segundos brce-20-syntacc-295Ksteps M-n-20db,brce-20,synthetic,1,10482.8
P44,A,new,103,06 segundos brpe-28-gt M-n-20db,brpe-28,natural,5,10083.5
P44,A,new,104,06 segundos brpr-24-syntacc-295Ksteps F-n-20db,brpr-24,synthetic,2,11507.8
P44,A,new,105,06 segundos brrs-20-gt F-n-20db,brrs-20,natural,4,8526.8
P44,A,new,106,07 segundos brba-23-gt F-n-20db,brba-23,natural,5,9798.5
P44,A,new,107,07 segundos brce-29-syntacc-295Ksteps M-n-20db,brce-29,synthetic,1,10475.4
P44,A,new,108,07 segundos brgo-28-syntacc-295Ksteps M-n-20db,brgo-28,synthetic,3,21641.5
P44,A,new,109,07 segundos brpe-20-syntacc-295Ksteps M-n-20db,brpe-20,synthetic,2,10318.4
P44,A,new,110,07 segundos brpr-21-syntacc-295Ksteps F-n-20db,brpr-21,synthetic,2,12660.4
P44,A,new,111,07 segundos brpr-29-syntacc-295Ksteps F-n-20db,brpr-29,synthetic,4,9539.3
P44,A,new,112,07 segundos brrs-23-gt F-n-20db,brrs-23,natural,4,10452.0
P44,A,new,113,08 segundos brpr-22-gt F-n-20db,brpr-22,natural,5,10668.7
P44,A,new,114,08 segundos brpr-25-syntacc-295Ksteps F-n-20db,brpr-25,synthetic,3,12281.0
P44,A,new,115,08 segundos brrs-21-syntacc-295Ksteps F-n-20db,brrs-21,synthetic,3,21576.7
P44,A,new,116,08 segundos brsp-27-syntacc-295Ksteps M-n-20db,brsp-27,synthetic,3,11650.3
P44,A,new,117,08 segundos brsp-29-gt M-n-20db,brsp-29,natural,5,11328.0
P44,A,new,118,09 segundos brpb-20-syntacc-295Ksteps M-n-20db,brpb-20,synthetic,3,11445.6
P44,A,new,119,09 segundos brrs-26-gt F-n-20db,brrs-26,natural,5,11802.2
P44,A,new,120,10 segundos brpb-28-syntacc-295Ksteps M-n-20db,brpb-28,synthetic,3,12866.4
P45,B,new,1,02 segundos brce-26-syntacc-295Ksteps M-n-20db,brce-26,synthetic,5,199135.8
P45,B,new,2,02 segundos brrs-10-syntacc-295Ksteps F-n-20db,brrs-10,synthetic,4,12270.1
P45,B,new,3,02 segundos brsp-11-syntacc-295Ksteps M-n-20db,brsp-11,synthetic,3,18044.7
P45,B,new,4,02 segundos brsp-13-syntacc-295Ksteps F-n-20db,brsp-13,synthetic,4,8023.7
P45,B,new,5,02 segundos brsp-22-syntacc-295Ksteps M-n-20db,brsp-22,synthetic,5,4957.3
P45,B,new,6,02 segundos brsp-24-syntacc-295Ksteps M-n-20db,brsp-24,synthetic,2,8460.5
P45,B,new,7,03 segundos bral-20-syntacc-295Ksteps M-n-20db,bral-20,synthetic,5,4612.1
P45,B,new,8,03 segundos bral-23-syntacc-295Ksteps M-n-20db,bral-23,synthetic,2,47010.8
P45,B,new,9,03 segundos bral-26-syntacc-295Ksteps M-n-20db,bral-26,synthetic,2,13297.7
P45,B,new,10,03 segundos brba-21-syntacc-295Ksteps M-n-20db,brba-21,synthetic,5,8910.3
P45,B,new,11,03 segundos brba-24-syntacc-295Ksteps M-n-20db,brba-24,synthetic,4,7090.5
P45,B,new,12,03 segundos brpb-22-syntacc-295Ksteps M-n-20db,brpb-22,synthetic,5,6654.0
P45,B,new,13,03 segundos brpe-26-syntacc-295Ksteps M-n-20db,brpe-26,synthetic,4,15621.9
P45,B,new,14,03 segundos brpe-28-syntacc-295Ksteps M-n-20db,brpe-28,synthetic,5,19012.5
P45,B,new,15,03 segundos brpe-29-syntacc-295Ksteps M-n-20db,brpe-29,synthetic,2,14399.2
P45,B,new,16,03 segundos brpr-18-syntacc-295Ksteps F-n-20db,brpr-18,synthetic,5,5250.2
P45,B,new,17,03 segundos brrs-14-syntacc-295Ksteps F-n-20db,brrs-14,synthetic,4,10230.2
P45,B,new,18,03 segundos brrs-16-syntacc-295Ksteps F-n-20db,brrs-16,synthetic,4,9645.4
P45,B,new,19,03 segundos brrs-18-syntacc-295Ksteps F-n-20db,brrs-18,synthetic,5,9539.2
P45,B,new,20,03 segundos brrs-20-syntacc-295Ksteps F-n-20db,brrs-20,synthetic,4,9637.9
P45,B,new,21,03 segundos brrs-23-syntacc-295Ksteps F-n-20db,brrs-23,synthetic,3,20962.1
P45,B,new,22,03 segundos brrs-25-syntacc-295Ksteps M-n-20db,brrs-25,synthetic,5,6616.5
P45,B,new,23,03 segundos brrs-28-syntacc-295Ksteps M-n-20db,brrs-28,synthetic,4,9270.1
P45,B,new,24,03 segundos brsp-10-syntacc-295Ksteps M-n-20db,brsp-10,synthetic,5,8753.5
P45,B,new,25,03 segundos brsp-28-syntacc-295Ksteps F-n-20db,brsp-28,synthetic,4,8420.9
P45,B,new,26,04 segundos bral-22-syntacc-295Ksteps M-n-20db,bral-22,synthetic,1,7993.9
P45,B,new,27,04 segundos brba-23-syntacc-295Ksteps F-n-20db,brba-23,synthetic,3,6696.6
P45,B,new,28,04 segundos brsp-29-syntacc-295Ksteps M-n-20db,brsp-29,synthetic,4,14519.9
P45,B,new,29,05 segundos brpr-10-gt F-n-20db,brpr-10,natural,5,6666.6
P45,B,new,30,05 segundos brpr-14-gt F-n-20db,brpr-14,natural,5,94114.0
P45,B,new,31,05 segundos brpr-15-gt F-n-20db,brpr-15,natural,5,10514.5
P45,B,new,32,05 segundos brpr-22-syntacc-295Ksteps F-n-20db,brpr-22,synthetic,4,7000.8
P45,B,new,33,05 segundos brrs-26-syntacc-295Ksteps F-n-20db,brrs-26,synthetic,4,40148.1
P45,B,new,34,06 segundos bral-24-gt M-n-20db,bral-24,natural,5,16733.3
P45,B,new,35,06 segundos brmg-26-gt M-n-20db,brmg-26,natural,5,7913.7
P45,B,new,36,06 segundos brpr-13-gt F-n-20db,brpr-13,natural,5,10643.9
P45,B,new,37,06 segundos brpr-19-gt F-n-20db,brpr-19,natural,5,11715.2
P45,B,new,38,06 segundos brsp-25-gt M-n-20db,brsp-25,natural,5,8452.9
P45,B,new,39,07 segundos brce-22-gt M-n-20db,brce-22,natural,5,8355.4
P45,B,new,40,07 segundos brmg-22-gt F-n-20db,brmg-22,natural,5,8159.8
P45,B,new,41,07 segundos brpr-20-gt F-n-20db,brpr-20,natural,5,9021.5
P45,B,new,42,07 segundos brpr-27-gt F-n-20db,brpr-27,natural,5,8774.5
P45,B,new,43,08 segundos brce-20-gt M-n-20db,brce-20,natural,5,10775.2
P45,B,new,44,08 segundos brpr-28-gt F-n-20db,brpr-28,natural,5,13547.1
P45,B,new,45,08 segundos brrj-26-gt M-n-20db,brrj-26,natural,5,18787.5
P45,B,new,46,08 segundos brrs-29-gt F-n-20db,brrs-29,natural,5,10828.6
P45,B,new,47,09 segundos brba-22-gt M-n-20db,brba-22,natural,5,12015.7
P45,B,new,48,09 segundos brmg-29-gt M-n-20db,brmg-29,natural,5,10540.7
P45,B,new,49,09 segundos brpr-24-gt F-n-20db,brpr-24,natural,5,11241.4
P45,B,new,50,10 segundos brce-29-gt M-n-20db,brce-29,natural,5,15840.4
P45,B,new,51,10 segundos brgo-28-gt M-n-20db,brgo-28,natural,5,14151.9
P45,B,new,52,10 segundos brpe-22-gt M-n-20db,brpe-22,natural,5,12585.1
P45,B,new,53,10 segundos brpr-29-gt F-n-20db,brpr-29,natural,5,11651.7
P45,B,new,54,11 segundos brpe-20-gt M-n-20db,brpe-20,natural,5,39369.5
P45,B,new,55,11 segundos brpr-25-gt F-n-20db,brpr-25,natural,5,15125.5
P45,B,new,56,12 segundos brpb-28-gt M-n-20db,brpb-28,natural,5,14689.2
P45,B,new,57,12 segundos brpr-21-gt F-n-20db,brpr-21,natural,5,20205.1
P45,B,new,58,13 segundos brpb-20-gt M-n-20db,brpb-20,natural,5,14812.3
P45,B,new,59,14 segundos brrs-24-gt M-n-20db,brrs-24,natural,5,29847.3
P45,B,new,60,17 segundos brrs-21-gt F-n-20db,brrs-21,natural,5,33735.5
P46,B,new,1,02 segundos brce-26-syntacc-295Ksteps M-n-20db,brce-26,synthetic,4,18438.0
P46,B,new,2,02 segundos brrs-10-syntacc-295Ksteps F-n-20db,brrs-10,synthetic,4,13977.0
P46,B,new,3,02 segundos brsp-11-syntacc-295Ksteps M-n-20db,brsp-11,synthetic,3,11309.0
P46,B,new,4,02 segundos brsp-13-syntacc-295Ksteps F-n-20db,brsp-13,synthetic,3,11966.0
P46,B,new,5,02 segundos brsp-22-syntacc-295Ksteps M-n-20db,brsp-22,synthetic,2,45629.0
P46,B,new,6,02 segundos brsp-24-syntacc-295Ksteps M-n-20db,brsp-24,synthetic,2,13754.0
P46,B,new,7,03 segundos bral-20-syntacc-295Ksteps M-n-20db,bral-20,synthetic,5,5388.0
P46,B,new,8,03 segundos bral-23-syntacc-295Ksteps M-n-20db,bral-23,synthetic,3,6450.0
P46,B,new,9,03 segundos bral-26-syntacc-295Ksteps M-n-20db,bral-26,synthetic,4,12491.0
P46,B,new,10,03 segundos brba-21-syntacc-295Ksteps M-n-20db,brba-21,synthetic,3,17751.0
P46,B,new,11,03 segundos brba-24-syntacc-295Ksteps M-n-20db,brba-24,synthetic,2,34001.0
P46,B,new,12,03 segundos brpb-22-syntacc-295Ksteps M-n-20db,brpb-22,synthetic,2,27434.0
P46,B,new,13,03 segundos brpe-26-syntacc-295Ksteps M-n-20db,brpe-26,synthetic,4,6763.0
P46,B,new,14,03 segundos brpe-28-syntacc-295Ksteps M-n-20db,brpe-28,synthetic,1,6710.0
P46,B,new,15,03 segundos brpe-29-syntacc-295Ksteps M-n-20db,brpe-29,synthetic,1,19653.0
P46,B,new,16,03 segundos brpr-18-syntacc-295Ksteps F-n-20db,brpr-18,synthetic,3,21461.0
P46,B,new,17,03 segundos brrs-14-syntacc-295Ksteps F-n-20db,brrs-14,synthetic,3,8074.0
P46,B,new,18,03 segundos brrs-16-syntacc-295Ksteps F-n-20db,brrs-16,synthetic,4,13185.0
P46,B,new,19,03 segundos brrs-18-syntacc-295Ksteps F-n-20db,brrs-18,synthetic,4,19858.0
P46,B,new,20,03 segundos brrs-20-syntacc-295Ksteps F-n-20db,brrs-20,synthetic,3,10937.0
P46,B,new,21,03 segundos brrs-23-syntacc-295Ksteps F-n-20db,brrs-23,synthetic,3,10797.0
P46,B,new,22,03 segundos brrs-25-syntacc-295Ksteps M-n-20db,brrs-25,synthetic,3,26208.0
P46,B,new,23,03 segundos brrs-28-syntacc-295Ksteps M-n-20db,brrs-28,synthetic,3,14345.0
P46,B,new,24,03 segundos brsp-10-syntacc-295Ksteps M-n-20db,brsp-10,synthetic,3,69901.0
P46,B,new,25,03 segundos brsp-28-syntacc-295Ksteps F-n-20db,brsp-28,synthetic,3,6360.0
P46,B,new,26,04 segundos bral-22-syntacc-295Ksteps M-n-20db,bral-22,synthetic,4,13811.0
P46,B,new,27,04 segundos brba-23-syntacc-295Ksteps F-n-20db,brba-23,synthetic,3,15224.0
P46,B,new,28,04 segundos brsp-29-syntacc-295Ksteps M-n-20db,brsp-29,synthetic,3,31765.0
P46,B,new,29,05 segundos brpr-10-gt F-n-20db,brpr-10,natural,4,44455.0
P46,B,new,30,05 segundos brpr-14-gt F-n-20db,brpr-14,natural,5,9036.0
P46,B,new,31,05 segundos brpr-15-gt F-n-20db,brpr-15,natural,5,9625.0
P46,B,new,32,05 segundos brpr-22-syntacc-295Ksteps F-n-20db,brpr-22,synthetic,4,26713.0
P46,B,new,33,05 segundos brrs-26-syntacc-295Ksteps F-n-20db,brrs-26,synthetic,4,10887.0
P46,B,new,34,06 segundos bral-24-gt M-n-20db,bral-24,natural,5,11415.0
P46,B,new,35,06 segundos brmg-26-gt M-n-20db,brmg-26,natural,5,18641.0
P46,B,new,36,06 segundos brpr-13-gt F-n-20db,brpr-13,natural,5,11431.0
P46,B,new,37,06 segundos brpr-19-gt F-n-20db,brpr-19,natural,5,8991.0
P46,B,new,38,06 segundos brsp-25-gt M-n-20db,brsp-25,natural,5,11513.0
P46,B,new,39,07 segundos brce-22-gt M-n-20db,brce-22,natural,5,13339.0
P46,B,new,40,07 segundos brmg-22-gt F-n-20db,brmg-22,natural,5,20200.0
P46,B,new,41,07 segundos brpr-20-gt F-n-20db,brpr-20,natural,5,10614.0
P46,B,new,42,07 segundos brpr-27-gt F-n-20db,brpr-27,natural,5,9726.0
P46,B,new,43,08 segundos brce-20-gt M-n-20db,brce-20,natural,5,11037.0
P46,B,new,44,08 segundos brpr-28-gt F-n-20db,brpr-28,natural,5,14681.0
P46,B,new,45,08 segundos brrj-26-gt M-n-20db,brrj-26,natural,5,22664.0
P46,B,new,46,08 segundos brrs-29-gt F-n-20db,brrs-29,natural,5,147838.0
P46,B,new,47,09 segundos brba-22-gt M-n-20db,brba-22,natural,5,11907.0
P46,B,new,48,09 segundos brmg-29-gt M-n-20db,brmg-29,natural,5,12581.0
P46,B,new,49,09 segundos brpr-24-gt F-n-20db,brpr-24,natural,5,11762.0
P46,B,new,50,10 segundos brce-29-gt M-n-20db,brce-29,natural,5,14940.0
P46,B,new,51,10 segundos brgo-28-gt M-n-20db,brgo-28,natural,5,16732.0
P46,B,new,52,10 segundos brpe-22-gt M-n-20db,brpe-22,natural,5,13170.0
P46,B,new,53,10 segundos brpr-29-gt F-n-20db,brpr-29,natural,5,12116.0
P46,B,new,54,11 segundos brpe-20-gt M-n-20db,brpe-20,natural,5,15377.0
P46,B,new,55,11 segundos brpr-25-gt F-n-20db,brpr-25,natural,5,15929.0
P46,B,new,56,12 segundos brpb-28-gt M-n-20db,brpb-28,natural,5,56174.0
P46,B,new,57,12 segundos brpr-21-gt F-n-20db,brpr-21,natural,5,13991.0
P46,B,new,58,13 segundos brpb-20-gt M-n-20db,brpb-20,natural,5,18324.0
P46,B,new,59,14 segundos brrs-24-gt M-n-20db,brrs-24,natural,5,16789.0
P46,B,new,60,17 segundos brrs-21-gt F-n-20db,brrs-21,natural,5,19104.0
P47,A,new,61,04 segundos brmg-26-syntacc-295Ksteps M-n-20db,brmg-26,synthetic,3,10319.9
P47,A,new,62,04 segundos brpr-14-syntacc-295Ksteps F-n-20db,brpr-14,synthetic,5,6596.3
P47,A,new,63,04 segundos brpr-15-syntacc-295Ksteps F-n-20db,brpr-15,synthetic,5,5559.3
P47,A,new,64,04 segundos brpr-19-syntacc-295Ksteps F-n-20db,brpr-19,synthetic,1,5735.9
P47,A,new,65,04 segundos brpr-20-syntacc-295Ksteps F-n-20db,brpr-20,synthetic,4,5944.2
P47,A,new,66,04 segundos brpr-27-syntacc-295Ksteps F-n-20db,brpr-27,synthetic,3,7351.8
P47,A,new,67,04 segundos brrs-10-gt F-n-20db,brrs-10,natural,5,6936.3
P47,A,new,68,04 segundos brrs-14-gt F-n-20db,brrs-14,natural,5,5271.8
P47,A,new,69,04 segundos brrs-16-gt F-n-20db,brrs-16,natural,5,5896.1
P47,A,new,70,04 segundos brrs-18-gt F-n-20db,brrs-18,natural,5,5911.9
P47,A,new,71,04 segundos brsp-10-gt M-n-20db,brsp-10,natural,2,6608.0
P47,A,new,72,04 segundos brsp-11-gt M-n-20db,brsp-11,natural,5,6119.7
P47,A,new,73,04 segundos brsp-13-gt F-n-20db,brsp-13,natural,5,6224.7
P47,A,new,74,04 segundos brsp-25-syntacc-295Ksteps M-n-20db,brsp-25,synthetic,4,6911.4
P47,A,new,75,05 segundos bral-20-gt M-n-20db,bral-20,natural,2,11407.4
P47,A,new,76,05 segundos bral-22-gt M-n-20db,bral-22,natural,5,7359.2
P47,A,new,77,05 segundos bral-23-gt M-n-20db,bral-23,natural,5,7567.3
P47,A,new,78,05 segundos bral-24-syntacc-295Ksteps M-n-20db,bral-24,synthetic,5,6247.7
P47,A,new,79,05 segundos brba-21-gt M-n-20db,brba-21,natural,5,6719.7
P47,A,new,80,05 segundos brce-22-syntacc-295Ksteps M-n-20db,brce-22,synthetic,1,6175.8
P47,A,new,81,05 segundos brce-26-gt M-n-20db,brce-26,natural,5,41570.0
P47,A,new,82,05 segundos brmg-22-syntacc-295Ksteps F-n-20db,brmg-22,synthetic,3,6535.7
P47,A,new,83,05 segundos brmg-29-syntacc-295Ksteps M-n-20db,brmg-29,synthetic,4,8375.8
P47,A,new,84,05 segundos brpb-22-gt M-n-20db,brpb-22,natural,5,7287.4
P47,A,new,85,05 segundos brpe-22-syntacc-295Ksteps M-n-20db,brpe-22,synthetic,1,6663.5
P47,A,new,86,05 segundos brpe-26-gt M-n-20db,brpe-26,natural,5,9831.7
P47,A,new,87,05 segundos brpe-29-gt M-n-20db,brpe-29,natural,5,6200.3
P47,A,new,88,05 segundos brpr-10-syntacc-295Ksteps F-n-20db,brpr-10,synthetic,4,6447.8
P47,A,new,89,05 segundos brpr-13-syntacc-295Ksteps F-n-20db,brpr-13,synthetic,2,8052.9
P47,A,new,90,05 segundos brpr-18-gt F-n-20db,brpr-18,natural,5,6511.6
P47,A,new,91,05 segundos brpr-28-syntacc-295Ksteps F-n-20db,brpr-28,synthetic,4,8024.2
P47,A,new,92,05 segundos brrj-26-syntacc-295Ksteps M-n-20db,brrj-26,synthetic,2,6215.7
P47,A,new,93,05 segundos brrs-25-gt M-n-20db,brrs-25,natural,5,39831.4
P47,A,new,94,05 segundos brrs-28-gt M-n-20db,brrs-28,natural,5,6376.3
P47,A,new,95,05 segundos brrs-29-syntacc-295Ksteps F-n-20db,brrs-29,synthetic,4,7859.6
P47,A,new,96,05 segundos brsp-22-gt M-n-20db,brsp-22,natural,5,6380.3
P47,A,new,97,05 segundos brsp-24-gt M-n-20db,brsp-24,natural,5,6576.0
P47,A,new,98,05 segundos brsp-28-gt F-n-20db,brsp-28,natural,5,7133.3
P47,A,new,99,06 segundos bral-26-gt M-n-20db,bral-26,natural,5,7887.9
P47,A,new,100,06 segundos brba-22-syntacc-295Ksteps M-n-20db,brba-22,synthetic,5,17408.8
P47,A,new,101,06 segundos brba-24-gt M-n-20db,brba-24,natural,5,9191.0
P47,A,new,102,06 segundos brce-20-syntacc-295Ksteps M-n-20db,brce-20,synthetic,3,8735.8
P47,A,new,103,06 segundos brpe-28-gt M-n-20db,brpe-28,natural,5,7531.5
P47,A,new,104,06 segundos brpr-24-syntacc-295Ksteps F-n-20db,brpr-24,synthetic,3,20836.5
P47,A,new,105,06 segundos brrs-20-gt F-n-20db,brrs-20,natural,5,7391.7
P47,A,new,106,07 segundos brba-23-gt F-n-20db,brba-23,natural,5,8615.7
P47,A,new,107,07 segundos brce-29-syntacc-295Ksteps M-n-20db,brce-29,synthetic,1,9104.0
P47,A,new,108,07 segundos brgo-28-syntacc-295Ksteps M-n-20db,brgo-28,synthetic,5,8374.5
P47,A,new,109,07 segundos brpe-20-syntacc-295Ksteps M-n-20db,brpe-20,synthetic,3,8983.8
P47,A,new,110,07 segundos brpr-21-syntacc-295Ksteps F-n-20db,brpr-21,synthetic,2,8791.6
P47,A,new,111,07 segundos brpr-29-syntacc-295Ksteps F-n-20db,brpr-29,synthetic,4,9856.6
P47,A,new,112,07 segundos brrs-23-gt F-n-20db,brrs-23,natural,5,9586.0
P47,A,new,113,08 segundos brpr-22-gt F-n-20db,brpr-22,natural,5,9121.1
P47,A,new,114,08 segundos brpr-25-syntacc-295Ksteps F-n-20db,brpr-25,synthetic,5,11576.4
P47,A,new,115,08 segundos brrs-21-syntacc-295Ksteps F-n-20db,brrs-21,synthetic,4,27783.7
P47,A,new,116,08 segundos brsp-27-syntacc-295Ksteps M-n-20db,brsp-27,synthetic,2,9855.4
P47,A,new,117,08 segundos brsp-29-gt M-n-20db,brsp-29,natural,5,10175.8
P47,A,new,118,09 segundos brpb-20-syntacc-295Ksteps M-n-20db,brpb-20,synthetic,4,10530.6
P47,A,new,119,09 segundos brrs-26-gt F-n-20db,brrs-26,natural,4,12544.3
P47,A,new,120,10 segundos brpb-28-syntacc-295Ksteps M-n-20db,brpb-28,synthetic,5,11984.0
P48,B,new,1,02 segundos brce-26-syntacc-295Ksteps M-n-20db,brce-26,synthetic,2,6758.8
P48,B,new,2,02 segundos brrs-10-syntacc-295Ksteps F-n-20db,brrs-10,synthetic,4,6016.0
P48,B,new,3,02 segundos brsp-11-syntacc-295Ksteps M-n-20db,brsp-11,synthetic,3,10403.1
P48,B,new,4,02 segundos brsp-13-syntacc-295Ksteps F-n-20db,brsp-13,synthetic,2,7886.5
P48,B,new,5,02 segundos brsp-22-syntacc-295Ksteps M-n-20db,brsp-22,synthetic,2,9736.7
P48,B,new,6,02 segundos brsp-24-syntacc-295Ksteps M-n-20db,brsp-24,synthetic,3,41867.6
P48,B,new,7,03 segundos bral-20-syntacc-295Ksteps M-n-20db,bral-20,synthetic,1,12352.9
P48,B,new,8,03 segundos bral-23-syntacc-295Ksteps M-n-20db,bral-23,synthetic,3,11615.4
P48,B,new,9,03 segundos bral-26-syntacc-295Ksteps M-n-20db,bral-26,synthetic,2,20779.9
P48,B,new,10,03 segundos brba-21-syntacc-295Ksteps M-n-20db,brba-21,synthetic,2,17949.1
P48,B,new,11,03 segundos brba-24-syntacc-295Ksteps M-n-20db,brba-24,synthetic,2,12266.6
P48,B,new,12,03 segundos brpb-22-syntacc-295Ksteps M-n-20db,brpb-22,synthetic,2,11740.1
P48,B,new,13,03 segundos brpe-26-syntacc-295Ksteps M-n-20db,brpe-26,synthetic,2,10781.7
P48,B,new,14,03 segundos brpe-28-syntacc-295Ksteps M-n-20db,brpe-28,synthetic,1,9941.4
P48,B,new,15,03 segundos brpe-29-syntacc-295Ksteps M-n-20db,brpe-29,synthetic,1,11289.0
P48,B,new,16,03 segundos brpr-18-syntacc-295Ksteps F-n-20db,brpr-18,synthetic,2,8153.6
P48,B,new,17,03 segundos brrs-14-syntacc-295Ksteps F-n-20db,brrs-14,synthetic,2,12141.6
P48,B,new,18,03 segundos brrs-16-syntacc-295Ksteps F-n-20db,brrs-16,synthetic,1,9508.9
P48,B,new,19,03 segundos brrs-18-syntacc-295Ksteps F-n-20db,brrs-18,synthetic,2,10424.7
P48,B,new,20,03 segundos brrs-20-syntacc-295Ksteps F-n-20db,brrs-20,synthetic,1,11855.1
P48,B,new,21,03 segundos brrs-23-syntacc-295Ksteps F-n-20db,brrs-23,synthetic,1,5969.5
P48,B,new,22,03 segundos brrs-25-syntacc-295Ksteps M-n-20db,brrs-25,synthetic,2,7473.4
P48,B,new,23,03 segundos brrs-28-syntacc-295Ksteps M-n-20db,brrs-28,synthetic,2,10670.8
P48,B,new,24,03 segundos brsp-10-syntacc-295Ksteps M-n-20db,brsp-10,synthetic,2,17399.3
P48,B,new,25,03 segundos brsp-28-syntacc-295Ksteps F-n-20db,brsp-28,synthetic,1,9192.1
P48,B,new,26,04 segundos bral-22-syntacc-295Ksteps M-n-20db,bral-22,synthetic,3,20936.4
P48,B,new,27,04 segundos brba-23-syntacc-295Ksteps F-n-20db,brba-23,synthetic,2,12482.7
P48,B,new,28,04 segundos brsp-29-syntacc-295Ksteps M-n-20db,brsp-29,synthetic,2,13435.6
P48,B,new,29,05 segundos brpr-10-gt F-n-20db,brpr-10,natural,4,9678.9
P48,B,new,30,05 segundos brpr-14-gt F-n-20db,brpr-14,natural,3,10235.5
P48,B,new,31,05 segundos brpr-15-gt F-n-20db,brpr-15,natural,3,14424.7
P48,B,new,32,05 segundos brpr-22-syntacc-295Ksteps F-n-20db,brpr-22,synthetic,2,73234.9
P48,B,new,33,05 segundos brrs-26-syntacc-295Ksteps F-n-20db,brrs-26,synthetic,1,8975.7
P48,B,new,34,06 segundos bral-24-gt M-n-20db,bral-24,natural,5,10316.2
P48,B,new,35,06 segundos brmg-26-gt M-n-20db,brmg-26,natural,4,16025.3
P48,B,new,36,06 segundos brpr-13-gt F-n-20db,brpr-13,natural,2,10102.8
P48,B,new,37,06 segundos brpr-19-gt F-n-20db,brpr-19,natural,4,9992.5
P48,B,new,38,06 segundos brsp-25-gt M-n-20db,brsp-25,natural,2,11979.6
P48,B,new,39,07 segundos brce-22-gt M-n-20db,brce-22,natural,3,11353.1
P48,B,new,40,07 segundos brmg-22-gt F-n-20db,brmg-22,natural,2,19288.1
P48,B,new,41,07 segundos brpr-20-gt F-n-20db,brpr-20,natural,3,10463.0
P48,B,new,42,07 segundos brpr-27-gt F-n-20db,brpr-27,natural,1,21246.2
P48,B,new,43,08 segundos brce-20-gt M-n-20db,brce-20,natural,5,13732.4
P48,B,new,44,08 segundos brpr-28-gt F-n-20db,brpr-28,natural,4,12129.2
P48,B,new,45,08 segundos brrj-26-gt M-n-20db,brrj-26,natural,4,32043.2
P48,B,new,46,08 segundos brrs-29-gt F-n-20db,brrs-29,natural,4,20026.1
P48,B,new,47,09 segundos brba-22-gt M-n-20db,brba-22,natural,4,22077.7
P48,B,new,48,09 segundos brmg-29-gt M-n-20db,brmg-29,natural,3,15151.5
P48,B,new,49,09 segundos brpr-24-gt F-n-20db,brpr-24,natural,5,12510.7
P48,B,new,50,10 segundos brce-29-gt M-n-20db,brce-29,natural,4,14385.8
P48,B,new,51,10 segundos brgo-28-gt M-n-20db,brgo-28,natural,4,13308.7
P48,B,new,52,10 segundos brpe-22-gt M-n-20db,brpe-22,natural,4,39368.8
P48,B,new,53,10 segundos brpr-29-gt F-n-20db,brpr-29,natural,5,16865.6
P48,B,new,54,11 segundos brpe-20-gt M-n-20db,brpe-20,natural,3,15523.6
P48,B,new,55,11 segundos brpr-25-gt F-n-20db,brpr-25,natural,5,14196.0
P48,B,new,56,12 segundos brpb-28-gt M-n-20db,brpb-28,natural,5,15617.2
P48,B,new,57,12 segundos brpr-21-gt F-n-20db,brpr-21,natural,3,30086.4
P48,B,new,58,13 segundos brpb-20-gt M-n-20db,brpb-20,natural,4,17311.5
P48,B,new,59,14 segundos brrs-24-gt M-n-20db,brrs-24,natural,4,23085.2
P48,B,new,60,17 segundos brrs-21-gt F-n-20db,brrs-21,natural,5,24301.5
P49,A,new,61,04 segundos brmg-26-syntacc-295Ksteps M-n-20db,brmg-26,synthetic,4,12564.0
P49,A,new,62,04 segundos brpr-14-syntacc-295Ksteps F-n-20db,brpr-14,synthetic,4,19596.0
P49,A,new,63,04 segundos brpr-15-syntacc-295Ksteps F-n-20db,brpr-15,synthetic,3,6444.0
P49,A,new,64,04 segundos brpr-19-syntacc-295Ksteps F-n-20db,brpr-19,synthetic,3,12351.0
P49,A,new,65,04 segundos brpr-20-syntacc-295Ksteps F-n-20db,brpr-20,synthetic,3,18092.0
P49,A,new,66,04 segundos brpr-27-syntacc-295Ksteps F-n-20db,brpr-27,synthetic,3,14697.0
P49,A,new,67,04 segundos brrs-10-gt F-n-20db,brrs-10,natural,5,10815.0
P49,A,new,68,04 segundos brrs-14-gt F-n-20db,brrs-14,natural,5,5391.0
P49,A,new,69,04 segundos brrs-16-gt F-n-20db,brrs-16,natural,5,10662.0
P49,A,new,70,04 segundos brrs-18-gt F-n-20db,brrs-18,natural,5,6361.0
P49,A,new,71,04 segundos brsp-10-gt M-n-20db,brsp-10,natural,3,11113.0
P49,A,new,72,04 segundos brsp-11-gt M-n-20db,brsp-11,natural,5,7025.0
P49,A,new,73,04 segundos brsp-13-gt F-n-20db,brsp-13,natural,5,11559.0
P49,A,new,74,04 segundos brsp-25-syntacc-295Ksteps M-n-20db,brsp-25,synthetic,1,11794.0
P49,A,new,75,05 segundos bral-20-gt M-n-20db,bral-20,natural,5,15377.0
P49,A,new,76,05 segundos bral-22-gt M-n-20db,bral-22,natural,5,12972.0
P49,A,new,77,05 segundos bral-23-gt M-n-20db,bral-23,natural,5,12700.0
P49,A,new,78,05 segundos bral-24-syntacc-295Ksteps M-n-20db,bral-24,synthetic,2,12184.0
P49,A,new,79,05 segundos brba-21-gt M-n-20db,brba-21,natural,5,6542.0
P49,A,new,80,05 segundos brce-22-syntacc-295Ksteps M-n-20db,brce-22,synthetic,2,19042.0
P49,A,new,81,05 segundos brce-26-gt M-n-20db,brce-26,natural,5,7391.0
P49,A,new,82,05 segundos brmg-22-syntacc-295Ksteps F-n-20db,brmg-22,synthetic,1,11853.0
P49,A,new,83,05 segundos brmg-29-syntacc-295Ksteps M-n-20db,brmg-29,synthetic,2,6856.0
P49,A,new,84,05 segundos brpb-22-gt M-n-20db,brpb-22,natural,5,24028.0
P49,A,new,85,05 segundos brpe-22-syntacc-295Ksteps M-n-20db,brpe-22,synthetic,1,7014.0
P49,A,new,86,05 segundos brpe-26-gt M-n-20db,brpe-26,natural,5,13733.0
P49,A,new,87,05 segundos brpe-29-gt M-n-20db,brpe-29,natural,5,6279.0
P49,A,new,88,05 segundos brpr-10-syntacc-295Ksteps F-n-20db,brpr-10,synthetic,2,14218.0
P49,A,new,89,05 segundos brpr-13-syntacc-295Ksteps F-n-20db,brpr-13,synthetic,3,13060.0
P49,A,new,90,05 segundos brpr-18-gt F-n-20db,brpr-18,natural,5,13495.0
P49,A,new,91,05 segundos brpr-28-syntacc-295Ksteps F-n-20db,brpr-28,synthetic,2,16454.0
P49,A,new,92,05 segundos brrj-26-syntacc-295Ksteps M-n-20db,brrj-26,synthetic,2,27213.0
P49,A,new,93,05 segundos brrs-25-gt M-n-20db,brrs-25,natural,5,14978.0
P49,A,new,94,05 segundos brrs-28-gt M-n-20db,brrs-28,natural,5,12443.0
P49,A,new,95,05 segundos brrs-29-syntacc-295Ksteps F-n-20db,brrs-29,synthetic,3,13619.0
P49,A,new,96,05 segundos brsp-22-gt M-n-20db,brsp-22,natural,4,17669.0
P49,A,new,97,05 segundos brsp-24-gt M-n-20db,brsp-24,natural,5,18961.0
P49,A,new,98,05 segundos brsp-28-gt F-n-20db,brsp-28,natural,5,6868.0
P49,A,new,99,06 segundos bral-26-gt M-n-20db,bral-26,natural,5,7444.0
P49,A,new,100,06 segundos brba-22-syntacc-295Ksteps M-n-20db,brba-22,synthetic,3,15838.0
P49,A,new,101,06 segundos brba-24-gt M-n-20db,brba-24,natural,5,15268.0
P49,A,new,102,06 segundos brce-20-syntacc-295Ksteps M-n-20db,brce-20,synthetic,2,17271.0
P49,A,new,103,06 segundos brpe-28-gt M-n-20db,brpe-28,natural,5,9824.0
P49,A,new,104,06 segundos brpr-24-syntacc-295Ksteps F-n-20db,brpr-24,synthetic,4,8443.0
P49,A,new,105,06 segundos brrs-20-gt F-n-20db,brrs-20,natural,5,7426.0
P49,A,new,106,07 segundos brba-23-gt F-n-20db,brba-23,natural,5,16538.0
P49,A,new,107,07 segundos brce-29-syntacc-295Ksteps M-n-20db,brce-29,synthetic,1,9691.0
P49,A,new,108,07 segundos brgo-28-syntacc-295Ksteps M-n-20db,brgo-28,synthetic,3,18874.0
P49,A,new,109,07 segundos brpe-20-syntacc-295Ksteps M-n-20db,brpe-20,synthetic,4,25656.0
P49,A,new,110,07 segundos brpr-21-syntacc-295Ksteps F-n-20db,brpr-21,synthetic,3,10771.0
P49,A,new,111,07 segundos brpr-29-syntacc-295Ksteps F-n-20db,brpr-29,synthetic,2,16513.0
P49,A,new,112,07 segundos brrs-23-gt F-n-20db,brrs-23,natural,5,8743.0
P49,A,new,113,08 segundos brpr-22-gt F-n-20db,brpr-22,natural,4,16830.0
P49,A,new,114,08 segundos brpr-25-syntacc-295Ksteps F-n-20db,brpr-25,synthetic,2,10201.0
P49,A,new,115,08 segundos brrs-21-syntacc-295Ksteps F-n-20db,brrs-21,synthetic,2,23832.0
P49,A,new,116,08 segundos brsp-27-syntacc-295Ksteps M-n-20db,brsp-27,synthetic,1,17947.0
P49,A,new,117,08 segundos brsp-29-gt M-n-20db,brsp-29,natural,5,18084.0
P49,A,new,118,09 segundos brpb-20-syntacc-295Ksteps M-n-20db,brpb-20,synthetic,3,29025.0
P49,A,new,119,09 segundos brrs-26-gt F-n-20db,brrs-26,natural,5,10300.0
P49,A,new,120,10 segundos brpb-28-syntacc-295Ksteps M-n-20db,brpb-28,synthetic,4,33584.0
P50,A,new,61,04 segundos brmg-26-syntacc-295Ksteps M-n-20db,brmg-26,synthetic,4,10825.1
P50,A,new,62,04 segundos brpr-14-syntacc-295Ksteps F-n-20db,brpr-14,synthetic,5,5416.9
P50,A,new,63,04 segundos brpr-15-syntacc-295Ksteps F-n-20db,brpr-15,synthetic,3,6191.9
P50,A,new,64,04 segundos brpr-19-syntacc-295Ksteps F-n-20db,brpr-19,synthetic,4,14649.1
P50,A,new,65,04 segundos brpr-20-syntacc-295Ksteps F-n-20db,brpr-20,synthetic,3,12136.3
P50,A,new,66,04 segundos brpr-27-syntacc-295Ksteps F-n-20db,brpr-27,synthetic,3,6160.5
P50,A,new,67,04 segundos brrs-10-gt F-n-20db,brrs-10,natural,5,5936.7
P50,A,new,68,04 segundos brrs-14-gt F-n-20db,brrs-14,natural,5,5179.3
P50,A,new,69,04 segundos brrs-16-gt F-n-20db,brrs-16,natural,5,6232.3
P50,A,new,70,04 segundos brrs-18-gt F-n-20db,brrs-18,natural,5,47282.3
P50,A,new,71,04 segundos brsp-10-gt M-n-20db,brsp-10,natural,5,6440.3
P50,A,new,72,04 segundos brsp-11-gt M-n-20db,brsp-11,natural,5,6128.3
P50,A,new,73,04 segundos brsp-13-gt F-n-20db,brsp-13,natural,5,15057.0
P50,A,new,74,04 segundos brsp-25-syntacc-295Ksteps M-n-20db,brsp-25,synthetic,2,14881.5
P50,A,new,75,05 segundos bral-20-gt M-n-20db,bral-20,natural,5,11672.6
P50,A,new,76,05 segundos bral-22-gt M-n-20db,bral-22,natural,5,7007.1
P50,A,new,77,05 segundos bral-23-gt M-n-20db,bral-23,natural,5,8296.0
P50,A,new,78,05 segundos bral-24-syntacc-295Ksteps M-n-20db,bral-24,synthetic,4,12120.7
P50,A,new,79,05 segundos brba-21-gt M-n-20db,brba-21,natural,5,8200.8
P50,A,new,80,05 segundos brce-22-syntacc-295Ksteps M-n-20db,brce-22,synthetic,2,10824.7
P50,A,new,81,05 segundos brce-26-gt M-n-20db,brce-26,natural,5,11416.7
P50,A,new,82,05 segundos brmg-22-syntacc-295Ksteps F-n-20db,brmg-22,synthetic,1,11625.1
P50,A,new,83,05 segundos brmg-29-syntacc-295Ksteps M-n-20db,brmg-29,synthetic,4,13576.2
P50,A,new,84,05 segundos brpb-22-gt M-n-20db,brpb-22,natural,5,6215.4
P50,A,new,85,05 segundos brpe-22-syntacc-295Ksteps M-n-20db,brpe-22,synthetic,1,9200.4
P50,A,new,86,05 segundos brpe-26-gt M-n-20db,brpe-26,natural,5,6840.4
P50,A,new,87,05 segundos brpe-29-gt M-n-20db,brpe-29,natural,5,6976.6
P50,A,new,88,05 segundos brpr-10-syntacc-295Ksteps F-n-20db,brpr-10,synthetic,5,7607.5
P50,A,new,89,05 segundos brpr-13-syntacc-295Ksteps F-n-20db,brpr-13,synthetic,3,24505.0
P50,A,new,90,05 segundos brpr-18-gt F-n-20db,brpr-18,natural,5,12848.3
P50,A,new,91,05 segundos brpr-28-syntacc-295Ksteps F-n-20db,brpr-28,synthetic,4,12721.1
P50,A,new,92,05 segundos brrj-26-syntacc-295Ksteps M-n-20db,brrj-26,synthetic,1,8877.9
P50,A,new,93,05 segundos brrs-25-gt M-n-20db,brrs-25,natural,5,8639.8
P50,A,new,94,05 segundos brrs-28-gt M-n-20db,brrs-28,natural,5,7336.4
P50,A,new,95,05 segundos brrs-29-syntacc-295Ksteps F-n-20db,brrs-29,synthetic,3,12520.7
P50,A,new,96,05 segundos brsp-22-gt M-n-20db,brsp-22,natural,5,15160.8
P50,A,new,97,05 segundos brsp-24-gt M-n-20db,brsp-24,natural,5,13224.7
P50,A,new,98,05 segundos brsp-28-gt F-n-20db,brsp-28,natural,5,7312.3
P50,A,new,99,06 segundos bral-26-gt M-n-20db,bral-26,natural,5,8448.9
P50,A,new,100,06 segundos brba-22-syntacc-295Ksteps M-n-20db,brba-22,synthetic,2,14881.9
P50,A,new,101,06 segundos brba-24-gt M-n-20db,brba-24,natural,5,7231.9
P50,A,new,102,06 segundos brce-20-syntacc-295Ksteps M-n-20db,brce-20,synthetic,1,16145.3
P50,A,new,103,06 segundos brpe-28-gt M-n-20db,brpe-28,natural,5,7776.0
P50,A,new,104,06 segundos brpr-24-syntacc-295Ksteps F-n-20db,brpr-24,synthetic,3,27865.1
P50,A,new,105,06 segundos brrs-20-gt F-n-20db,brrs-20,natural,5,8888.2
P50,A,new,106,07 segundos brba-23-gt F-n-20db,brba-23,natural,5,19200.9
P50,A,new,107,07 segundos brce-29-syntacc-295Ksteps M-n-20db,brce-29,synthetic,2,24914.3
P50,A,new,108,07 segundos brgo-28-syntacc-295Ksteps M-n-20db,brgo-28,synthetic,4,18144.6
P50,A,new,109,07 segundos brpe-20-syntacc-295Ksteps M-n-20db,brpe-20,synthetic,5,19097.1
P50,A,new,110,07 segundos brpr-21-syntacc-295Ksteps F-n-20db,brpr-21,synthetic,3,8768.5
P50,A,new,111,07 segundos brpr-29-syntacc-295Ksteps F-n-20db,brpr-29,synthetic,3,23600.8
P50,A,new,112,07 segundos brrs-23-gt F-n-20db,brrs-23,natural,5,8617.5
P50,A,new,113,08 segundos brpr-22-gt F-n-20db,brpr-22,natural,5,11216.4
P50,A,new,114,08 segundos brpr-25-syntacc-295Ksteps F-n-20db,brpr-25,synthetic,3,9624.1
P50,A,new,115,08 segundos brrs-21-syntacc-295Ksteps F-n-20db,brrs-21,synthetic,3,10520.6
P50,A,new,116,08 segundos brsp-27-syntacc-295Ksteps M-n-20db,brsp-27,synthetic,3,19864.8
P50,A,new,117,08 segundos brsp-29-gt M-n-20db,brsp-29,natural,5,9560.5
P50,A,new,118,09 segundos brpb-20-syntacc-295Ksteps M-n-20db,brpb-20,synthetic,4,10384.8
P50,A,new,119,09 segundos brrs-26-gt F-n-20db,brrs-26,natural,5,11024.5
P50,A,new,120,10 segundos brpb-28-syntacc-295Ksteps M-n-20db,brpb-28,synthetic,3,13944.7
P51,A,old,5,09 segundos brpb-20-syntacc-295Ksteps M-n-20db,brpb-20,synthetic,2,118815.0
P51,A,old,6,04 segundos brsp-11-gt M-n-20db,brsp-11,natural,5,12763.0
P51,A,old,7,07 segundos brce-29-syntacc-295Ksteps M-n-20db,brce-29,synthetic,1,9196.0
P51,A,old,8,08 segundos brpr-22-gt F-n-20db,brpr-22,natural,5,11140.0
P51,A,old,9,08 segundos brsp-29-gt M-n-20db,brsp-29,natural,5,12787.0
P51,A,old,10,05 segundos brsp-28-gt F-n-20db,brsp-28,natural,5,8566.0
P51,A,old,11,05 segundos brmg-22-syntacc-295Ksteps F-n-20db,brmg-22,synthetic,3,15297.0
P51,A,old,12,07 segundos brba-23-gt F-n-20db,brba-23,natural,5,12620.0
P51,A,old,13,06 segundos brpe-28-gt M-n-20db,brpe-28,natural,4,9059.0
P51,A,old,14,05 segundos brpe-26-gt M-n-20db,brpe-26,natural,5,8067.0
P51,A,old,15,05 segundos brce-22-syntacc-295Ksteps M-n-20db,brce-22,synthetic,1,8644.0
P51,A,old,16,05 segundos brsp-24-gt M-n-20db,brsp-24,natural,5,9332.0
P51,A,old,17,04 segundos brpr-15-syntacc-295Ksteps F-n-20db,brpr-15,synthetic,5,8240.0
P51,A,old,18,05 segundos brpr-13-syntacc-295Ksteps F-n-20db,brpr-13,synthetic,3,15950.0
P51,A,old,19,04 segundos brrs-14-gt F-n-20db,brrs-14,natural,2,11708.0
P51,A,old,20,06 segundos brba-22-syntacc-295Ksteps M-n-20db,brba-22,synthetic,1,10510.0
P51,A,old,21,05 segundos brce-26-gt M-n-20db,brce-26,natural,4,11283.0
P51,A,old,22,05 segundos brpr-28-syntacc-295Ksteps F-n-20db,brpr-28,synthetic,5,14749.0
P51,A,old,23,05 segundos bral-24-syntacc-295Ksteps M-n-20db,bral-24,synthetic,2,20260.0
P51,A,old,24,04 segundos brpr-20-syntacc-295Ksteps F-n-20db,brpr-20,synthetic,2,15892.0
P51,A,old,25,04 segundos brsp-10-gt M-n-20db,brsp-10,natural,3,8308.0
P51,A,old,26,04 segundos brpr-14-syntacc-295Ksteps F-n-20db,brpr-14,synthetic,4,8848.0
P51,A,old,27,07 segundos brrs-23-gt F-n-20db,brrs-23,natural,5,8828.0
P51,A,old,28,06 segundos bral-26-gt M-n-20db,bral-26,natural,2,7557.0
P51,A,old,29,04 segundos brrs-16-gt F-n-20db,brrs-16,natural,5,8932.0
P51,A,old,30,07 segundos brgo-28-syntacc-295Ksteps M-n-20db,brgo-28,synthetic,1,18572.0
P51,A,old,31,04 segundos brpr-19-syntacc-295Ksteps F-n-20db,brpr-19,synthetic,2,649637.0
P51,A,old,32,07 segundos brpr-29-syntacc-295Ksteps F-n-20db,brpr-29,synthetic,3,10486.0
P51,A,old,33,05 segundos brpb-22-gt M-n-20db,brpb-22,natural,5,15823.0
P51,A,old,34,05 segundos bral-23-gt M-n-20db,bral-23,natural,2,7725.0
P51,A,old,35,08 segundos brrs-21-syntacc-295Ksteps F-n-20db,brrs-21,synthetic,2,10702.0
P51,A,old,36,07 segundos brpe-20-syntacc-295Ksteps M-n-20db,brpe-20,synthetic,3,10790.0
P51,A,old,37,05 segundos brpe-29-gt M-n-20db,brpe-29,natural,5,6358.0
P51,A,old,38,06 segundos brba-24-gt M-n-20db,brba-24,natural,4,18324.0
P51,A,old,39,10 segundos brpb-28-syntacc-295Ksteps M-n-20db,brpb-28,synthetic,3,17413.0
P51,A,old,40,05 segundos brba-21-gt M-n-20db,brba-21,natural,2,16124.0
P51,A,old,41,05 segundos brrs-28-gt M-n-20db,brrs-28,natural,5,11252.0
P51,A,old,42,04 segundos brmg-26-syntacc-295Ksteps M-n-20db,brmg-26,synthetic,3,24724.0
P51,A,old,43,05 segundos brpr-10-syntacc-295Ksteps F-n-20db,brpr-10,synthetic,3,8239.0
P51,A,old,44,05 segundos brrs-29-syntacc-295Ksteps F-n-20db,brrs-29,synthetic,4,6956.0
P51,A,old,45,08 segundos brsp-27-syntacc-295Ksteps M-n-20db,brsp-27,synthetic,2,12446.0
P51,A,old,46,04 segundos brpr-27-syntacc-295Ksteps F-n-20db,brpr-27,synthetic,2,13518.0
P51,A,old,47,05 segundos brpr-18-gt F-n-20db,brpr-18,natural,5,7205.0
P51,A,old,48,06 segundos brce-20-syntacc-295Ksteps M-n-20db,brce-20,synthetic,2,11911.0
P51,A,old,49,04 segundos brrs-18-gt F-n-20db,brrs-18,natural,4,110954.0
P51,A,old,50,04 segundos brsp-13-gt F-n-20db,brsp-13,natural,5,7492.0
P51,A,old,51,05 segundos brsp-22-gt M-n-20db,brsp-22,natural,4,7821.0
P51,A,old,52,05 segundos brmg-29-syntacc-295Ksteps M-n-20db,brmg-29,synthetic,2,8671.0
P51,A,old,53,05 segundos brrs-25-gt M-n-20db,brrs-25,natural,4,20181.0
P51,A,old,54,05 segundos bral-20-gt M-n-20db,bral-20,natural,5,6621.0
P51,A,old,55,04 segundos brsp-25-syntacc-295Ksteps M-n-20db,brsp-25,synthetic,1,6055.0
P51,A,old,56,06 segundos brpr-24-syntacc-295Ksteps F-n-20db,brpr-24,synthetic,2,9437.0
P51,A,old,57,05 segundos brpe-22-syntacc-295Ksteps M-n-20db,brpe-22,synthetic,1,7830.0
P51,A,old,58,05 segundos bral-22-gt M-n-20db,bral-22,natural,2,7181.0
P51,A,old,59,07 segundos brpr-21-syntacc-295Ksteps F-n-20db,brpr-21,synthetic,3,10197.0
P51,A,old,60,08 segundos brpr-25-syntacc-295Ksteps F-n-20db,brpr-25,synthetic,3,47307.0
P51,A,old,61,09 segundos brrs-26-gt F-n-20db,brrs-26,natural,3,33076.0
P51,A,old,62,05 segundos brrj-26-syntacc-295Ksteps M-n-20db,brrj-26,synthetic,2,9652.0
P51,A,old,63,04 segundos brrs-10-gt F-n-20db,brrs-10,natural,2,28885.0
P51,A,old,64,06 segundos brrs-20-gt F-n-20db,brrs-20,natural,5,9359.0
P52,A,old,5,05 segundos brmg-22-syntacc-295Ksteps F-n-20db,brmg-22,synthetic,4,12119.0
P52,A,old,6,05 segundos bral-22-gt M-n-20db,bral-22,natural,5,12200.0
P52,A,old,7,04 segundos brpr-27-syntacc-295Ksteps F-n-20db,brpr-27,synthetic,4,11762.0
P52,A,old,8,04 segundos brrs-14-gt F-n-20db,brrs-14,natural,5,13369.0
P52,A,old,9,07 segundos brpr-21-syntacc-295Ksteps F-n-20db,brpr-21,synthetic,5,19915.0
P52,A,old,10,05 segundos brrs-25-gt M-n-20db,brrs-25,natural,5,10615.0
P52,A,old,11,05 segundos brpb-22-gt M-n-20db,brpb-22,natural,5,15587.0
P52,A,old,12,07 segundos brpe-20-syntacc-295Ksteps M-n-20db,brpe-20,synthetic,4,12911.0
P52,A,old,13,07 segundos brpr-29-syntacc-295Ksteps F-n-20db,brpr-29,synthetic,4,13852.0
P52,A,old,14,04 segundos brpr-19-syntacc-295Ksteps F-n-20db,brpr-19,synthetic,4,8858.0
P52,A,old,15,05 segundos brpe-22-syntacc-295Ksteps M-n-20db,brpe-22,synthetic,3,10910.0
P52,A,old,16,05 segundos brpr-28-syntacc-295Ksteps F-n-20db,brpr-28,synthetic,5,10520.0
P52,A,old,17,05 segundos brpe-26-gt M-n-20db,brpe-26,natural,5,9876.0
P52,A,old,18,06 segundos bral-26-gt M-n-20db,bral-26,natural,5,9717.0
P52,A,old,19,07 segundos brba-23-gt F-n-20db,brba-23,natural,5,11418.0
P52,A,old,20,05 segundos bral-24-syntacc-295Ksteps M-n-20db,bral-24,synthetic,4,9741.0
P52,A,old,21,09 segundos brpb-20-syntacc-295Ksteps M-n-20db,brpb-20,synthetic,4,14021.0
P52,A,old,22,04 segundos brsp-25-syntacc-295Ksteps M-n-20db,brsp-25,synthetic,3,7476.0
P52,A,old,23,05 segundos brpe-29-gt M-n-20db,brpe-29,natural,5,9291.0
P52,A,old,24,05 segundos brrj-26-syntacc-295Ksteps M-n-20db,brrj-26,synthetic,3,8184.0
P52,A,old,25,06 segundos brrs-20-gt F-n-20db,brrs-20,natural,5,10079.0
P52,A,old,26,07 segundos brrs-23-gt F-n-20db,brrs-23,natural,5,11635.0
P52,A,old,27,10 segundos brpb-28-syntacc-295Ksteps M-n-20db,brpb-28,synthetic,3,14163.0
P52,A,old,28,05 segundos brpr-10-syntacc-295Ksteps F-n-20db,brpr-10,synthetic,5,9007.0
P52,A,old,29,08 segundos brrs-21-syntacc-295Ksteps F-n-20db,brrs-21,synthetic,4,11768.0
P52,A,old,30,05 segundos brsp-28-gt F-n-20db,brsp-28,natural,5,8485.0
P52,A,old,31,04 segundos brpr-15-syntacc-295Ksteps F-n-20db,brpr-15,synthetic,5,15748.0
P52,A,old,32,08 segundos brsp-29-gt M-n-20db,brsp-29,natural,5,12037.0
P52,A,old,33,04 segundos brmg-26-syntacc-295Ksteps M-n-20db,brmg-26,synthetic,4,9670.0
P52,A,old,34,07 segundos brgo-28-syntacc-295Ksteps M-n-20db,brgo-28,synthetic,3,10906.0
P52,A,old,35,05 segundos brpr-13-syntacc-295Ksteps F-n-20db,brpr-13,synthetic,4,11425.0
P52,A,old,36,05 segundos brpr-18-gt F-n-20db,brpr-18,natural,5,8419.0
P52,A,old,37,06 segundos brce-20-syntacc-295Ksteps M-n-20db,brce-20,synthetic,2,11337.0
P52,A,old,38,04 segundos brrs-10-gt F-n-20db,brrs-10,natural,5,9666.0
P52,A,old,39,08 segundos brsp-27-syntacc-295Ksteps M-n-20db,brsp-27,synthetic,4,12895.0
P52,A,old,40,04 segundos brpr-14-syntacc-295Ksteps F-n-20db,brpr-14,synthetic,5,9198.0
P52,A,old,41,05 segundos brsp-22-gt M-n-20db,brsp-22,natural,5,9136.0
P52,A,old,42,05 segundos brce-22-syntacc-295Ksteps M-n-20db,brce-22,synthetic,2,11122.0
P52,A,old,43,05 segundos bral-23-gt M-n-20db,bral-23,natural,4,11176.0
P52,A,old,44,06 segundos brpe-28-gt M-n-20db,brpe-28,natural,5,25796.0
P52,A,old,45,04 segundos brrs-18-gt F-n-20db,brrs-18,natural,5,8935.0
P52,A,old,46,05 segundos brsp-24-gt M-n-20db,brsp-24,natural,5,11271.0
P52,A,old,47,09 segundos brrs-26-gt F-n-20db,brrs-26,natural,5,12563.0
P52,A,old,48,08 segundos brpr-22-gt F-n-20db,brpr-22,natural,5,11532.0
P52,A,old,49,05 segundos brce-26-gt M-n-20db,brce-26,natural,5,16919.0
P52,A,old,50,08 segundos brpr-25-syntacc-295Ksteps F-n-20db,brpr-25,synthetic,5,12255.0
P52,A,old,51,05 segundos brrs-29-syntacc-295Ksteps F-n-20db,brrs-29,synthetic,3,8458.0
P52,A,old,52,05 segundos bral-20-gt M-n-20db,bral-20,natural,5,8802.0
P52,A,old,53,04 segundos brsp-10-gt M-n-20db,brsp-10,natural,4,9371.0
P52,A,old,54,04 segundos brpr-20-syntacc-295Ksteps F-n-20db,brpr-20,synthetic,5,7535.0
P52,A,old,55,06 segundos brba-24-gt M-n-20db,brba-24,natural,5,9968.0
P52,A,old,56,05 segundos brba-21-gt M-n-20db,brba-21,natural,5,8390.0
P52,A,old,57,04 segundos brrs-16-gt F-n-20db,brrs-16,natural,5,9936.0
P52,A,old,58,06 segundos brpr-24-syntacc-295Ksteps F-n-20db,brpr-24,synthetic,4,13151.0
P52,A,old,59,06 segundos brba-22-syntacc-295Ksteps M-n-20db,brba-22,synthetic,4,15863.0
P52,A,old,60,07 segundos brce-29-syntacc-295Ksteps M-n-20db,brce-29,synthetic,2,10996.0
P52,A,old,61,05 segundos brrs-28-gt M-n-20db,brrs-28,natural,5,9196.0
P52,A,old,62,04 segundos brsp-11-gt M-n-20db,brsp-11,natural,5,7734.0
P52,A,old,63,04 segundos brsp-13-gt F-n-20db,brsp-13,natural,5,7528.0
P52,A,old,64,05 segundos brmg-29-syntacc-295Ksteps M-n-20db,brmg-29,synthetic,2,9285.0
P53,A,old,5,06 segundos brrs-20-gt F-n-20db,brrs-20,natural,5,9166.0
P53,A,old,6,04 segundos brpr-27-syntacc-295Ksteps F-n-20db,brpr-27,synthetic,3,11699.0
P53,A,old,7,04 segundos brrs-14-gt F-n-20db,brrs-14,natural,5,9428.0
P53,A,old,8,05 segundos brsp-24-gt M-n-20db,brsp-24,natural,5,8663.0
P53,A,old,9,04 segundos brsp-25-syntacc-295Ksteps M-n-20db,brsp-25,synthetic,2,8519.0
P53,A,old,10,05 segundos brpr-10-syntacc-295Ksteps F-n-20db,brpr-10,synthetic,4,9352.0
P53,A,old,11,04 segundos brrs-16-gt F-n-20db,brrs-16,natural,5,7763.0
P53,A,old,12,06 segundos brpr-24-syntacc-295Ksteps F-n-20db,brpr-24,synthetic,4,13561.0
P53,A,old,13,07 segundos brgo-28-syntacc-295Ksteps M-n-20db,brgo-28,synthetic,3,13507.0
P53,A,old,14,08 segundos brpr-22-gt F-n-20db,brpr-22,natural,5,10950.0
P53,A,old,15,08 segundos brsp-29-gt M-n-20db,brsp-29,natural,5,12495.0
P53,A,old,16,04 segundos brsp-10-gt M-n-20db,brsp-10,natural,5,7350.0
P53,A,old,17,07 segundos brce-29-syntacc-295Ksteps M-n-20db,brce-29,synthetic,1,11714.0
P53,A,old,18,04 segundos brpr-14-syntacc-295Ksteps F-n-20db,brpr-14,synthetic,5,8985.0
P53,A,old,19,04 segundos brrs-18-gt F-n-20db,brrs-18,natural,5,9458.0
P53,A,old,20,05 segundos bral-22-gt M-n-20db,bral-22,natural,4,13634.0
P53,A,old,21,04 segundos brmg-26-syntacc-295Ksteps M-n-20db,brmg-26,synthetic,3,22170.0
P53,A,old,22,05 segundos brpe-22-syntacc-295Ksteps M-n-20db,brpe-22,synthetic,2,11430.0
P53,A,old,23,05 segundos brrs-29-syntacc-295Ksteps F-n-20db,brrs-29,synthetic,4,15923.0
P53,A,old,24,05 segundos bral-23-gt M-n-20db,bral-23,natural,5,7417.0
P53,A,old,25,07 segundos brpe-20-syntacc-295Ksteps M-n-20db,brpe-20,synthetic,5,11160.0
P53,A,old,26,04 segundos brpr-19-syntacc-295Ksteps F-n-20db,brpr-19,synthetic,4,9952.0
P53,A,old,27,08 segundos brrs-21-syntacc-295Ksteps F-n-20db,brrs-21,synthetic,5,11302.0
P53,A,old,28,04 segundos brpr-20-syntacc-295Ksteps F-n-20db,brpr-20,synthetic,4,8971.0
P53,A,old,29,05 segundos brce-26-gt M-n-20db,brce-26,natural,5,7050.0
P53,A,old,30,05 segundos brsp-28-gt F-n-20db,brsp-28,natural,5,7574.0
P53,A,old,31,07 segundos brrs-23-gt F-n-20db,brrs-23,natural,5,9075.0
P53,A,old,32,05 segundos brpr-13-syntacc-295Ksteps F-n-20db,brpr-13,synthetic,3,7770.0
P53,A,old,33,05 segundos brpe-26-gt M-n-20db,brpe-26,natural,5,7140.0
P53,A,old,34,05 segundos brpb-22-gt M-n-20db,brpb-22,natural,5,6810.0
P53,A,old,35,05 segundos brpr-28-syntacc-295Ksteps F-n-20db,brpr-28,synthetic,5,8535.0
P53,A,old,36,05 segundos brpr-18-gt F-n-20db,brpr-18,natural,5,7425.0
P53,A,old,37,05 segundos brce-22-syntacc-295Ksteps M-n-20db,brce-22,synthetic,2,13890.0
P53,A,old,38,07 segundos brpr-21-syntacc-295Ksteps F-n-20db,brpr-21,synthetic,4,10372.0
P53,A,old,39,05 segundos brsp-22-gt M-n-20db,brsp-22,natural,5,8296.0
P53,A,old,40,04 segundos brsp-13-gt F-n-20db,brsp-13,natural,5,7890.0
P53,A,old,41,06 segundos brpe-28-gt M-n-20db,brpe-28,natural,5,8220.0
P53,A,old,42,08 segundos brsp-27-syntacc-295Ksteps M-n-20db,brsp-27,synthetic,3,11311.0
P53,A,old,43,04 segundos brsp-11-gt M-n-20db,brsp-11,natural,5,10094.0
P53,A,old,44,06 segundos brba-22-syntacc-295Ksteps M-n-20db,brba-22,synthetic,3,17978.0
P53,A,old,45,05 segundos brmg-22-syntacc-295Ksteps F-n-20db,brmg-22,synthetic,4,7155.0
P53,A,old,46,06 segundos brce-20-syntacc-295Ksteps M-n-20db,brce-20,synthetic,3,11671.0
P53,A,old,47,05 segundos bral-24-syntacc-295Ksteps M-n-20db,bral-24,synthetic,5,7221.0
P53,A,old,48,05 segundos brpe-29-gt M-n-20db,brpe-29,natural,5,7411.0
P53,A,old,49,09 segundos brrs-26-gt F-n-20db,brrs-26,natural,5,11114.0
P53,A,old,50,04 segundos brpr-15-syntacc-295Ksteps F-n-20db,brpr-15,synthetic,5,6938.0
P53,A,old,51,05 segundos brrj-26-syntacc-295Ksteps M-n-20db,brrj-26,synthetic,3,9532.0
P53,A,old,52,07 segundos brpr-29-syntacc-295Ksteps F-n-20db,brpr-29,synthetic,4,10215.0
P53,A,old,53,09 segundos brpb-20-syntacc-295Ksteps M-n-20db,brpb-20,synthetic,4,10927.0
P53,A,old,54,06 segundos bral-26-gt M-n-20db,bral-26,natural,5,9638.0
P53,A,old,55,04 segundos brrs-10-gt F-n-20db,brrs-10,natural,5,6396.0
P53,A,old,56,05 segundos brrs-28-gt M-n-20db,brrs-28,natural,5,7373.0
P53,A,old,57,10 segundos brpb-28-syntacc-295Ksteps M-n-20db,brpb-28,synthetic,4,12195.0
P53,A,old,58,05 segundos bral-20-gt M-n-20db,bral-20,natural,5,11662.0
P53,A,old,59,08 segundos brpr-25-syntacc-295Ksteps F-n-20db,brpr-25,synthetic,5,13845.0
P53,A,old,60,06 segundos brba-24-gt M-n-20db,brba-24,natural,5,8655.0
P53,A,old,61,07 segundos brba-23-gt F-n-20db,brba-23,natural,5,10650.0
P53,A,old,62,05 segundos brrs-25-gt M-n-20db,brrs-25,natural,5,9983.0
P53,A,old,63,05 segundos brba-21-gt M-n-20db,brba-21,natural,5,7666.0
P53,A,old,64,05 segundos brmg-29-syntacc-295Ksteps M-n-20db,brmg-29,synthetic,4,8047.0
P54,B,old,5,03 segundos brrs-28-syntacc-295Ksteps M-n-20db,brrs-28,synthetic,2,43567.0
P54,B,old,6,02 segundos brsp-22-syntacc-295Ksteps M-n-20db,brsp-22,synthetic,1,9264.0
P54,B,old,7,02 segundos brrs-10-syntacc-295Ksteps F-n-20db,brrs-10,synthetic,2,23234.0
P54,B,old,8,02 segundos brce-26-syntacc-295Ksteps M-n-20db,brce-26,synthetic,1,20110.0
P54,B,old,9,06 segundos brpr-19-gt F-n-20db,brpr-19,natural,5,8468.0
P54,B,old,10,03 segundos brsp-10-syntacc-295Ksteps M-n-20db,brsp-10,synthetic,2,17282.0
P54,B,old,11,08 segundos brrs-29-gt F-n-20db,brrs-29,natural,5,12660.0
P54,B,old,12,02 segundos brsp-24-syntacc-295Ksteps M-n-20db,brsp-24,synthetic,1,15236.0
P54,B,old,13,03 segundos brpe-29-syntacc-295Ksteps M-n-20db,brpe-29,synthetic,1,7965.0
P54,B,old,14,09 segundos brmg-29-gt M-n-20db,brmg-29,natural,5,11398.0
P54,B,old,15,03 segundos bral-23-syntacc-295Ksteps M-n-20db,bral-23,synthetic,1,11109.0
P54,B,old,16,12 segundos brpb-28-gt M-n-20db,brpb-28,natural,2,20772.0
P54,B,old,17,10 segundos brpr-29-gt F-n-20db,brpr-29,natural,5,13253.0
P54,B,old,18,04 segundos brsp-29-syntacc-295Ksteps M-n-20db,brsp-29,synthetic,1,14669.0
P54,B,old,19,06 segundos brsp-25-gt M-n-20db,brsp-25,natural,5,13037.0
P54,B,old,20,04 segundos brba-23-syntacc-295Ksteps F-n-20db,brba-23,synthetic,1,13094.0
P54,B,old,21,03 segundos bral-26-syntacc-295Ksteps M-n-20db,bral-26,synthetic,1,13974.0
P54,B,old,22,14 segundos brrs-24-gt M-n-20db,brrs-24,natural,5,16693.0
P54,B,old,23,17 segundos brrs-21-gt F-n-20db,brrs-21,natural,5,22809.0
P54,B,old,24,03 segundos brrs-14-syntacc-295Ksteps F-n-20db,brrs-14,synthetic,5,9534.0
P54,B,old,25,10 segundos brgo-28-gt M-n-20db,brgo-28,natural,5,25381.0
P54,B,old,26,06 segundos bral-24-gt M-n-20db,bral-24,natural,3,11561.0
P54,B,old,27,05 segundos brrs-26-syntacc-295Ksteps F-n-20db,brrs-26,synthetic,2,27795.0
P54,B,old,28,04 segundos bral-22-syntacc-295Ksteps M-n-20db,bral-22,synthetic,1,11478.0
P54,B,old,29,05 segundos brpr-10-gt F-n-20db,brpr-10,natural,5,8524.0
P54,B,old,30,03 segundos brrs-25-syntacc-295Ksteps M-n-20db,brrs-25,synthetic,2,27062.0
P54,B,old,31,07 segundos brpr-20-gt F-n-20db,brpr-20,natural,5,19706.0
P54,B,old,32,02 segundos brsp-13-syntacc-295Ksteps F-n-20db,brsp-13,synthetic,3,25530.0
P54,B,old,33,07 segundos brce-22-gt M-n-20db,brce-22,natural,3,19970.0
P54,B,old,34,03 segundos brpe-26-syntacc-295Ksteps M-n-20db,brpe-26,synthetic,2,12828.0
P54,B,old,35,08 segundos brpr-28-gt F-n-20db,brpr-28,natural,5,22738.0
P54,B,old,36,03 segundos brpb-22-syntacc-295Ksteps M-n-20db,brpb-22,synthetic,3,16044.0
P54,B,old,37,03 segundos brrs-16-syntacc-295Ksteps F-n-20db,brrs-16,synthetic,2,22714.0
P54,B,old,38,03 segundos brsp-28-syntacc-295Ksteps F-n-20db,brsp-28,synthetic,3,25237.0
P54,B,old,39,08 segundos brrj-26-gt M-n-20db,brrj-26,natural,5,11761.0
P54,B,old,40,13 segundos brpb-20-gt M-n-20db,brpb-20,natural,5,33284.0
P54,B,old,41,11 segundos brpe-20-gt M-n-20db,brpe-20,natural,5,13790.0
P54,B,old,42,03 segundos brrs-20-syntacc-295Ksteps F-n-20db,brrs-20,synthetic,2,17070.0
P54,B,old,43,05 segundos brpr-15-gt F-n-20db,brpr-15,natural,5,9002.0
P54,B,old,44,07 segundos brpr-27-gt F-n-20db,brpr-27,natural,5,9769.0
P54,B,old,45,05 segundos brpr-14-gt F-n-20db,brpr-14,natural,5,9922.0
P54,B,old,46,03 segundos brrs-23-syntacc-295Ksteps F-n-20db,brrs-23,synthetic,2,16515.0
P54,B,old,47,08 segundos brce-20-gt M-n-20db,brce-20,natural,4,24170.0
P54,B,old,48,03 segundos brpe-28-syntacc-295Ksteps M-n-20db,brpe-28,synthetic,4,18602.0
P54,B,old,49,10 segundos brpe-22-gt M-n-20db,brpe-22,natural,5,13545.0
P54,B,old,50,12 segundos brpr-21-gt F-n-20db,brpr-21,natural,5,14760.0
P54,B,old,51,03 segundos brpr-18-syntacc-295Ksteps F-n-20db,brpr-18,synthetic,4,13192.0
P54,B,old,52,03 segundos brrs-18-syntacc-295Ksteps F-n-20db,brrs-18,synthetic,5,12689.0
P54,B,old,53,06 segundos brmg-26-gt M-n-20db,brmg-26,natural,5,15482.0
P54,B,old,54,03 segundos brba-21-syntacc-295Ksteps M-n-20db,brba-21,synthetic,1,9456.0
P54,B,old,55,03 segundos brba-24-syntacc-295Ksteps M-n-20db,brba-24,synthetic,1,11857.0
P54,B,old,56,06 segundos brpr-13-gt F-n-20db,brpr-13,natural,5,23059.0
P54,B,old,57,03 segundos bral-20-syntacc-295Ksteps M-n-20db,bral-20,synthetic,5,24171.0
P54,B,old,58,10 segundos brce-29-gt M-n-20db,brce-29,natural,4,24482.0
P54,B,old,59,07 segundos brmg-22-gt F-n-20db,brmg-22,natural,5,10248.0
P54,B,old,60,09 segundos brba-22-gt M-n-20db,brba-22,natural,5,14369.0
P54,B,old,61,02 segundos brsp-11-syntacc-295Ksteps M-n-20db,brsp-11,synthetic,1,10832.0
P54,B,old,62,11 segundos brpr-25-gt F-n-20db,brpr-25,natural,5,28331.0
P54,B,old,63,05 segundos brpr-22-syntacc-295Ksteps F-n-20db,brpr-22,synthetic,4,20889.0
P54,B,old,64,09 segundos brpr-24-gt F-n-20db,brpr-24,natural,5,17528.0
P55,B,new,1,02 segundos brce-26-syntacc-295Ksteps M-n-20db,brce-26,synthetic,1,8128.3
P55,B,new,2,02 segundos brrs-10-syntacc-295Ksteps F-n-20db,brrs-10,synthetic,4,14455.8
P55,B,new,3,02 segundos brsp-11-syntacc-295Ksteps M-n-20db,brsp-11,synthetic,2,6122.5
P55,B,new,4,02 segundos brsp-13-syntacc-295Ksteps F-n-20db,brsp-13,synthetic,2,10809.1
P55,B,new,5,02 segundos brsp-22-syntacc-295Ksteps M-n-20db,brsp-22,synthetic,1,5149.0
P55,B,new,6,02 segundos brsp-24-syntacc-295Ksteps M-n-20db,brsp-24,synthetic,1,7740.3
P55,B,new,7,03 segundos bral-20-syntacc-295Ksteps M-n-20db,bral-20,synthetic,5,5775.2
P55,B,new,8,03 segundos bral-23-syntacc-295Ksteps M-n-20db,bral-23,synthetic,1,5544.5
P55,B,new,9,03 segundos bral-26-syntacc-295Ksteps M-n-20db,bral-26,synthetic,2,8348.0
P55,B,new,10,03 segundos brba-21-syntacc-295Ksteps M-n-20db,brba-21,synthetic,2,6995.6
P55,B,new,11,03 segundos brba-24-syntacc-295Ksteps M-n-20db,brba-24,synthetic,2,5823.7
P55,B,new,12,03 segundos brpb-22-syntacc-295Ksteps M-n-20db,brpb-22,synthetic,2,7355.7
P55,B,new,13,03 segundos brpe-26-syntacc-295Ksteps M-n-20db,brpe-26,synthetic,3,7226.2
P55,B,new,14,03 segundos brpe-28-syntacc-295Ksteps M-n-20db,brpe-28,synthetic,3,6067.4
P55,B,new,15,03 segundos brpe-29-syntacc-295Ksteps M-n-20db,brpe-29,synthetic,1,8746.1
P55,B,new,16,03 segundos brpr-18-syntacc-295Ksteps F-n-20db,brpr-18,synthetic,3,13307.0
P55,B,new,17,03 segundos brrs-14-syntacc-295Ksteps F-n-20db,brrs-14,synthetic,3,11461.8
P55,B,new,18,03 segundos brrs-16-syntacc-295Ksteps F-n-20db,brrs-16,synthetic,5,5949.5
P55,B,new,19,03 segundos brrs-18-syntacc-295Ksteps F-n-20db,brrs-18,synthetic,5,13921.0
P55,B,new,20,03 segundos brrs-20-syntacc-295Ksteps F-n-20db,brrs-20,synthetic,3,6147.0
P55,B,new,21,03 segundos brrs-23-syntacc-295Ksteps F-n-20db,brrs-23,synthetic,4,7079.4
P55,B,new,22,03 segundos brrs-25-syntacc-295Ksteps M-n-20db,brrs-25,synthetic,3,10216.0
P55,B,new,23,03 segundos brrs-28-syntacc-295Ksteps M-n-20db,brrs-28,synthetic,2,11345.7
P55,B,new,24,03 segundos brsp-10-syntacc-295Ksteps M-n-20db,brsp-10,synthetic,3,5730.5
P55,B,new,25,03 segundos brsp-28-syntacc-295Ksteps F-n-20db,brsp-28,synthetic,2,6202.6
P55,B,new,26,04 segundos bral-22-syntacc-295Ksteps M-n-20db,bral-22,synthetic,1,7823.7
P55,B,new,27,04 segundos brba-23-syntacc-295Ksteps F-n-20db,brba-23,synthetic,2,8778.8
P55,B,new,28,04 segundos brsp-29-syntacc-295Ksteps M-n-20db,brsp-29,synthetic,2,8663.5
P55,B,new,29,05 segundos brpr-10-gt F-n-20db,brpr-10,natural,5,8168.6
P55,B,new,30,05 segundos brpr-14-gt F-n-20db,brpr-14,natural,5,6939.6
P55,B,new,31,05 segundos brpr-15-gt F-n-20db,brpr-15,natural,5,16200.4
P55,B,new,32,05 segundos brpr-22-syntacc-295Ksteps F-n-20db,brpr-22,synthetic,3,16557.5
P55,B,new,33,05 segundos brrs-26-syntacc-295Ksteps F-n-20db,brrs-26,synthetic,2,12312.2
P55,B,new,34,06 segundos bral-24-gt M-n-20db,bral-24,natural,4,15706.8
P55,B,new,35,06 segundos brmg-26-gt M-n-20db,brmg-26,natural,4,8623.4
P55,B,new,36,06 segundos brpr-13-gt F-n-20db,brpr-13,natural,5,10307.3
P55,B,new,37,06 segundos brpr-19-gt F-n-20db,brpr-19,natural,5,11794.4
P55,B,new,38,06 segundos brsp-25-gt M-n-20db,brsp-25,natural,5,10039.5
P55,B,new,39,07 segundos brce-22-gt M-n-20db,brce-22,natural,5,8778.2
P55,B,new,40,07 segundos brmg-22-gt F-n-20db,brmg-22,natural,5,9435.8
P55,B,new,41,07 segundos brpr-20-gt F-n-20db,brpr-20,natural,5,11692.9
P55,B,new,42,07 segundos brpr-27-gt F-n-20db,brpr-27,natural,5,16282.5
P55,B,new,43,08 segundos brce-20-gt M-n-20db,brce-20,natural,5,10914.4
P55,B,new,44,08 segundos brpr-28-gt F-n-20db,brpr-28,natural,5,13950.9
P55,B,new,45,08 segundos brrj-26-gt M-n-20db,brrj-26,natural,4,24135.5
P55,B,new,46,08 segundos brrs-29-gt F-n-20db,brrs-29,natural,5,14659.0
P55,B,new,47,09 segundos brba-22-gt M-n-20db,brba-22,natural,4,13303.0
P55,B,new,48,09 segundos brmg-29-gt M-n-20db,brmg-29,natural,4,11586.2
P55,B,new,49,09 segundos brpr-24-gt F-n-20db,brpr-24,natural,5,11374.3
P55,B,new,50,10 segundos brce-29-gt M-n-20db,brce-29,natural,5,12324.1
P55,B,new,51,10 segundos brgo-28-gt M-n-20db,brgo-28,natural,4,33952.0
P55,B,new,52,10 segundos brpe-22-gt M-n-20db,brpe-22,natural,5,12149.2
P55,B,new,53,10 segundos brpr-29-gt F-n-20db,brpr-29,natural,5,11868.2
P55,B,new,54,11 segundos brpe-20-gt M-n-20db,brpe-20,natural,5,13227.4
P55,B,new,55,11 segundos brpr-25-gt F-n-20db,brpr-25,natural,5,24063.4
P55,B,new,56,12 segundos brpb-28-gt M-n-20db,brpb-28,natural,5,14312.9
P55,B,new,57,12 segundos brpr-21-gt F-n-20db,brpr-21,natural,5,16783.1
P55,B,new,58,13 segundos brpb-20-gt M-n-20db,brpb-20,natural,5,18735.4
P55,B,new,59,14 segundos brrs-24-gt M-n-20db,brrs-24,natural,5,15947.6
P55,B,new,60,17 segundos brrs-21-gt F-n-20db,brrs-21,natural,5,19788.5
P56,A,new,61,04 segundos brmg-26-syntacc-295Ksteps M-n-20db,brmg-26,synthetic,4,6480.0
P56,A,new,62,04 segundos brpr-14-syntacc-295Ksteps F-n-20db,brpr-14,synthetic,4,7911.0
P56,A,new,63,04 segundos brpr-15-syntacc-295Ksteps F-n-20db,brpr-15,synthetic,3,6396.0
P56,A,new,64,04 segundos brpr-19-syntacc-295Ksteps F-n-20db,brpr-19,synthetic,2,7591.0
P56,A,new,65,04 segundos brpr-20-syntacc-295Ksteps F-n-20db,brpr-20,synthetic,4,6704.0
P56,A,new,66,04 segundos brpr-27-syntacc-295Ksteps F-n-20db,brpr-27,synthetic,4,6792.0
P56,A,new,67,04 segundos brrs-10-gt F-n-20db,brrs-10,natural,5,5805.0
P56,A,new,68,04 segundos brrs-14-gt F-n-20db,brrs-14,natural,5,6252.0
P56,A,new,69,04 segundos brrs-16-gt F-n-20db,brrs-16,natural,5,7312.0
P56,A,new,70,04 segundos brrs-18-gt F-n-20db,brrs-18,natural,5,8203.0
P56,A,new,71,04 segundos brsp-10-gt M-n-20db,brsp-10,natural,5,6839.0
P56,A,new,72,04 segundos brsp-11-gt M-n-20db,brsp-11,natural,5,6720.0
P56,A,new,73,04 segundos brsp-13-gt F-n-20db,brsp-13,natural,5,5847.0
P56,A,new,74,04 segundos brsp-25-syntacc-295Ksteps M-n-20db,brsp-25,synthetic,2,6263.0
P56,A,new,75,05 segundos bral-20-gt M-n-20db,bral-20,natural,5,6748.0
P56,A,new,76,05 segundos bral-22-gt M-n-20db,bral-22,natural,5,11370.0
P56,A,new,77,05 segundos bral-23-gt M-n-20db,bral-23,natural,5,9930.0
P56,A,new,78,05 segundos bral-24-syntacc-295Ksteps M-n-20db,bral-24,synthetic,5,18405.0
P56,A,new,79,05 segundos brba-21-gt M-n-20db,brba-21,natural,5,6996.0
P56,A,new,80,05 segundos brce-22-syntacc-295Ksteps M-n-20db,brce-22,synthetic,1,9892.0
P56,A,new,81,05 segundos brce-26-gt M-n-20db,brce-26,natural,5,7014.0
P56,A,new,82,05 segundos brmg-22-syntacc-295Ksteps F-n-20db,brmg-22,synthetic,3,6569.0
P56,A,new,83,05 segundos brmg-29-syntacc-295Ksteps M-n-20db,brmg-29,synthetic,2,8827.0
P56,A,new,84,05 segundos brpb-22-gt M-n-20db,brpb-22,natural,5,6464.0
P56,A,new,85,05 segundos brpe-22-syntacc-295Ksteps M-n-20db,brpe-22,synthetic,3,9973.0
P56,A,new,86,05 segundos brpe-26-gt M-n-20db,brpe-26,natural,5,9542.0
P56,A,new,87,05 segundos brpe-29-gt M-n-20db,brpe-29,natural,5,6811.0
P56,A,new,88,05 segundos brpr-10-syntacc-295Ksteps F-n-20db,brpr-10,synthetic,2,8115.0
P56,A,new,89,05 segundos brpr-13-syntacc-295Ksteps F-n-20db,brpr-13,synthetic,3,7798.0
P56,A,new,90,05 segundos brpr-18-gt F-n-20db,brpr-18,natural,5,8167.0
P56,A,new,91,05 segundos brpr-28-syntacc-295Ksteps F-n-20db,brpr-28,synthetic,4,9963.0
P56,A,new,92,05 segundos brrj-26-syntacc-295Ksteps M-n-20db,brrj-26,synthetic,4,6866.0
P56,A,new,93,05 segundos brrs-25-gt M-n-20db,brrs-25,natural,5,7390.0
P56,A,new,94,05 segundos brrs-28-gt M-n-20db,brrs-28,natural,5,8145.0
P56,A,new,95,05 segundos brrs-29-syntacc-295Ksteps F-n-20db,brrs-29,synthetic,3,12356.0
P56,A,new,96,05 segundos brsp-22-gt M-n-20db,brsp-22,natural,4,8967.0
P56,A,new,97,05 segundos brsp-24-gt M-n-20db,brsp-24,natural,5,7199.0
P56,A,new,98,05 segundos brsp-28-gt F-n-20db,brsp-28,natural,5,7317.0
P56,A,new,99,06 segundos bral-26-gt M-n-20db,bral-26,natural,4,8838.0
P56,A,new,100,06 segundos brba-22-syntacc-295Ksteps M-n-20db,brba-22,synthetic,3,11228.0
P56,A,new,101,06 segundos brba-24-gt M-n-20db,brba-24,natural,5,8989.0
P56,A,new,102,06 segundos brce-20-syntacc-295Ksteps M-n-20db,brce-20,synthetic,1,10343.0
P56,A,new,103,06 segundos brpe-28-gt M-n-20db,brpe-28,natural,4,8529.0
P56,A,new,104,06 segundos brpr-24-syntacc-295Ksteps F-n-20db,brpr-24,synthetic,3,11094.0
P56,A,new,105,06 segundos brrs-20-gt F-n-20db,brrs-20,natural,4,9136.0
P56,A,new,106,07 segundos brba-23-gt F-n-20db,brba-23,natural,5,9971.0
P56,A,new,107,07 segundos brce-29-syntacc-295Ksteps M-n-20db,brce-29,synthetic,1,23947.0
P56,A,new,108,07 segundos brgo-28-syntacc-295Ksteps M-n-20db,brgo-28,synthetic,3,9620.0
P56,A,new,109,07 segundos brpe-20-syntacc-295Ksteps M-n-20db,brpe-20,synthetic,3,9321.0
P56,A,new,110,07 segundos brpr-21-syntacc-295Ksteps F-n-20db,brpr-21,synthetic,2,10391.0
P56,A,new,111,07 segundos brpr-29-syntacc-295Ksteps F-n-20db,brpr-29,synthetic,3,8825.0
P56,A,new,112,07 segundos brrs-23-gt F-n-20db,brrs-23,natural,5,8771.0
P56,A,new,113,08 segundos brpr-22-gt F-n-20db,brpr-22,natural,5,9603.0
P56,A,new,114,08 segundos brpr-25-syntacc-295Ksteps F-n-20db,brpr-25,synthetic,2,10426.0
P56,A,new,115,08 segundos brrs-21-syntacc-295Ksteps F-n-20db,brrs-21,synthetic,3,21102.0
P56,A,new,116,08 segundos brsp-27-syntacc-295Ksteps M-n-20db,brsp-27,synthetic,3,10457.0
P56,A,new,117,08 segundos brsp-29-gt M-n-20db,brsp-29,natural,5,10105.0
P56,A,new,118,09 segundos brpb-20-syntacc-295Ksteps M-n-20db,brpb-20,synthetic,1,11940.0
P56,A,new,119,09 segundos brrs-26-gt F-n-20db,brrs-26,natural,5,11524.0
P56,A,new,120,10 segundos brpb-28-syntacc-295Ksteps M-n-20db,brpb-28,synthetic,4,12462.0
P57,A,new,61,04 segundos brmg-26-syntacc-295Ksteps M-n-20db,brmg-26,synthetic,2,19701.8
P57,A,new,62,04 segundos brpr-14-syntacc-295Ksteps F-n-20db,brpr-14,synthetic,5,10396.2
P57,A,new,63,04 segundos brpr-15-syntacc-295Ksteps F-n-20db,brpr-15,synthetic,5,11277.5
P57,A,new,64,04 segundos brpr-19-syntacc-295Ksteps F-n-20db,brpr-19,synthetic,3,35872.8
P57,A,new,65,04 segundos brpr-20-syntacc-295Ksteps F-n-20db,brpr-20,synthetic,5,11618.0
P57,A,new,66,04 segundos brpr-27-syntacc-295Ksteps F-n-20db,brpr-27,synthetic,4,16680.3
P57,A,new,67,04 segundos brrs-10-gt F-n-20db,brrs-10,natural,5,10692.8
P57,A,new,68,04 segundos brrs-14-gt F-n-20db,brrs-14,natural,5,9376.2
P57,A,new,69,04 segundos brrs-16-gt F-n-20db,brrs-16,natural,5,6323.8
P57,A,new,70,04 segundos brrs-18-gt F-n-20db,brrs-18,natural,5,9626.5
P57,A,new,71,04 segundos brsp-10-gt M-n-20db,brsp-10,natural,5,9466.2
P57,A,new,72,04 segundos brsp-11-gt M-n-20db,brsp-11,natural,5,10686.8
P57,A,new,73,04 segundos brsp-13-gt F-n-20db,brsp-13,natural,5,5182.7
P57,A,new,74,04 segundos brsp-25-syntacc-295Ksteps M-n-20db,brsp-25,synthetic,2,9799.2
P57,A,new,75,05 segundos bral-20-gt M-n-20db,bral-20,natural,5,26259.6
P57,A,new,76,05 segundos bral-22-gt M-n-20db,bral-22,natural,3,18947.7
P57,A,new,77,05 segundos bral-23-gt M-n-20db,bral-23,natural,4,30012.1
P57,A,new,78,05 segundos bral-24-syntacc-295Ksteps M-n-20db,bral-24,synthetic,1,24232.7
P57,A,new,79,05 segundos brba-21-gt M-n-20db,brba-21,natural,5,24641.0
P57,A,new,80,05 segundos brce-22-syntacc-295Ksteps M-n-20db,brce-22,synthetic,1,17200.2
P57,A,new,81,05 segundos brce-26-gt M-n-20db,brce-26,natural,5,12315.5
P57,A,new,82,05 segundos brmg-22-syntacc-295Ksteps F-n-20db,brmg-22,synthetic,3,23779.7
P57,A,new,83,05 segundos brmg-29-syntacc-295Ksteps M-n-20db,brmg-29,synthetic,3,12915.9
P57,A,new,84,05 segundos brpb-22-gt M-n-20db,brpb-22,natural,5,8649.6
P57,A,new,85,05 segundos brpe-22-syntacc-295Ksteps M-n-20db,brpe-22,synthetic,3,13248.6
P57,A,new,86,05 segundos brpe-26-gt M-n-20db,brpe-26,natural,5,16867.9
P57,A,new,87,05 segundos brpe-29-gt M-n-20db,brpe-29,natural,4,17417.6
P57,A,new,88,05 segundos brpr-10-syntacc-295Ksteps F-n-20db,brpr-10,synthetic,5,11995.8
P57,A,new,89,05 segundos brpr-13-syntacc-295Ksteps F-n-20db,brpr-13,synthetic,3,18230.4
P57,A,new,90,05 segundos brpr-18-gt F-n-20db,brpr-18,natural,5,6953.9
P57,A,new,91,05 segundos brpr-28-syntacc-295Ksteps F-n-20db,brpr-28,synthetic,4,18039.0
P57,A,new,92,05 segundos brrj-26-syntacc-295Ksteps M-n-20db,brrj-26,synthetic,1,17377.3
P57,A,new,93,05 segundos brrs-25-gt M-n-20db,brrs-25,natural,5,7673.8
P57,A,new,94,05 segundos brrs-28-gt M-n-20db,brrs-28,natural,5,14215.2
P57,A,new,95,05 segundos brrs-29-syntacc-295Ksteps F-n-20db,brrs-29,synthetic,2,12939.8
P57,A,new,96,05 segundos brsp-22-gt M-n-20db,brsp-22,natural,5,6473.2
P57,A,new,97,05 segundos brsp-24-gt M-n-20db,brsp-24,natural,5,6323.9
P57,A,new,98,05 segundos brsp-28-gt F-n-20db,brsp-28,natural,5,13017.9
P57,A,new,99,06 segundos bral-26-gt M-n-20db,bral-26,natural,1,29400.0
P57,A,new,100,06 segundos brba-22-syntacc-295Ksteps M-n-20db,brba-22,synthetic,2,15425.9
P57,A,new,101,06 segundos brba-24-gt M-n-20db,brba-24,natural,5,14348.1
P57,A,new,102,06 segundos brce-20-syntacc-295Ksteps M-n-20db,brce-20,synthetic,1,7783.2
P57,A,new,103,06 segundos brpe-28-gt M-n-20db,brpe-28,natural,5,14735.8
P57,A,new,104,06 segundos brpr-24-syntacc-295Ksteps F-n-20db,brpr-24,synthetic,4,16295.9
P57,A,new,105,06 segundos brrs-20-gt F-n-20db,brrs-20,natural,5,16138.2
P57,A,new,106,07 segundos brba-23-gt F-n-20db,brba-23,natural,5,9393.8
P57,A,new,107,07 segundos brce-29-syntacc-295Ksteps M-n-20db,brce-29,synthetic,1,9174.0
P57,A,new,108,07 segundos brgo-28-syntacc-295Ksteps M-n-20db,brgo-28,synthetic,1,16855.4
P57,A,new,109,07 segundos brpe-20-syntacc-295Ksteps M-n-20db,brpe-20,synthetic,5,16433.0
P57,A,new,110,07 segundos brpr-21-syntacc-295Ksteps F-n-20db,brpr-21,synthetic,4,25727.2
P57,A,new,111,07 segundos brpr-29-syntacc-295Ksteps F-n-20db,brpr-29,synthetic,4,17339.9
P57,A,new,112,07 segundos brrs-23-gt F-n-20db,brrs-23,natural,5,11083.2
P57,A,new,113,08 segundos brpr-22-gt F-n-20db,brpr-22,natural,5,9174.1
P57,A,new,114,08 segundos brpr-25-syntacc-295Ksteps F-n-20db,brpr-25,synthetic,4,18677.7
P57,A,new,115,08 segundos brrs-21-syntacc-295Ksteps F-n-20db,brrs-21,synthetic,4,40247.8
P57,A,new,116,08 segundos brsp-27-syntacc-295Ksteps M-n-20db,brsp-27,synthetic,3,28099.5
P57,A,new,117,08 segundos brsp-29-gt M-n-20db,brsp-29,natural,5,17265.3
P57,A,new,118,09 segundos brpb-20-syntacc-295Ksteps M-n-20db,brpb-20,synthetic,3,32794.0
P57,A,new,119,09 segundos brrs-26-gt F-n-20db,brrs-26,natural,5,14299.7
P57,A,new,120,10 segundos brpb-28-syntacc-295Ksteps M-n-20db,brpb-28,synthetic,5,22236.1
P58,B,new,1,02 segundos brce-26-syntacc-295Ksteps M-n-20db,brce-26,synthetic,3,5683.1
P58,B,new,2,02 segundos brrs-10-syntacc-295Ksteps F-n-20db,brrs-10,synthetic,3,3916.4
P58,B,new,3,02 segundos brsp-11-syntacc-295Ksteps M-n-20db,brsp-11,synthetic,2,4754.6
P58,B,new,4,02 segundos brsp-13-syntacc-295Ksteps F-n-20db,brsp-13,synthetic,3,6126.8
P58,B,new,5,02 segundos brsp-22-syntacc-295Ksteps M-n-20db,brsp-22,synthetic,2,4997.9
P58,B,new,6,02 segundos brsp-24-syntacc-295Ksteps M-n-20db,brsp-24,synthetic,2,4518.9
P58,B,new,7,03 segundos bral-20-syntacc-295Ksteps M-n-20db,bral-20,synthetic,3,5359.1
P58,B,new,8,03 segundos bral-23-syntacc-295Ksteps M-n-20db,bral-23,synthetic,2,6185.4
P58,B,new,9,03 segundos bral-26-syntacc-295Ksteps M-n-20db,bral-26,synthetic,3,5102.4
P58,B,new,10,03 segundos brba-21-syntacc-295Ksteps M-n-20db,brba-21,synthetic,1,6080.9
P58,B,new,11,03 segundos brba-24-syntacc-295Ksteps M-n-20db,brba-24,synthetic,3,7132.3
P58,B,new,12,03 segundos brpb-22-syntacc-295Ksteps M-n-20db,brpb-22,synthetic,4,6095.6
P58,B,new,13,03 segundos brpe-26-syntacc-295Ksteps M-n-20db,brpe-26,synthetic,3,5652.3
P58,B,new,14,03 segundos brpe-28-syntacc-295Ksteps M-n-20db,brpe-28,synthetic,2,5859.7
P58,B,new,15,03 segundos brpe-29-syntacc-295Ksteps M-n-20db,brpe-29,synthetic,1,4710.3
P58,B,new,16,03 segundos brpr-18-syntacc-295Ksteps F-n-20db,brpr-18,synthetic,2,6159.3
P58,B,new,17,03 segundos brrs-14-syntacc-295Ksteps F-n-20db,brrs-14,synthetic,2,13369.9
P58,B,new,18,03 segundos brrs-16-syntacc-295Ksteps F-n-20db,brrs-16,synthetic,2,4511.1
P58,B,new,19,03 segundos brrs-18-syntacc-295Ksteps F-n-20db,brrs-18,synthetic,3,5143.2
P58,B,new,20,03 segundos brrs-20-syntacc-295Ksteps F-n-20db,brrs-20,synthetic,3,4962.8
P58,B,new,21,03 segundos brrs-23-syntacc-295Ksteps F-n-20db,brrs-23,synthetic,2,5417.6
P58,B,new,22,03 segundos brrs-25-syntacc-295Ksteps M-n-20db,brrs-25,synthetic,3,5615.9
P58,B,new,23,03 segundos brrs-28-syntacc-295Ksteps M-n-20db,brrs-28,synthetic,3,4534.1
P58,B,new,24,03 segundos brsp-10-syntacc-295Ksteps M-n-20db,brsp-10,synthetic,2,5955.4
P58,B,new,25,03 segundos brsp-28-syntacc-295Ksteps F-n-20db,brsp-28,synthetic,2,5417.0
P58,B,new,26,04 segundos bral-22-syntacc-295Ksteps M-n-20db,bral-22,synthetic,1,6199.3
P58,B,new,27,04 segundos brba-23-syntacc-295Ksteps F-n-20db,brba-23,synthetic,1,7812.7
P58,B,new,28,04 segundos brsp-29-syntacc-295Ksteps M-n-20db,brsp-29,synthetic,2,6262.0
P58,B,new,29,05 segundos brpr-10-gt F-n-20db,brpr-10,natural,4,11218.1
P58,B,new,30,05 segundos brpr-14-gt F-n-20db,brpr-14,natural,5,7640.7
P58,B,new,31,05 segundos brpr-15-gt F-n-20db,brpr-15,natural,5,7404.3
P58,B,new,32,05 segundos brpr-22-syntacc-295Ksteps F-n-20db,brpr-22,synthetic,2,6993.2
P58,B,new,33,05 segundos brrs-26-syntacc-295Ksteps F-n-20db,brrs-26,synthetic,2,7324.2
P58,B,new,34,06 segundos bral-24-gt M-n-20db,bral-24,natural,4,8795.9
P58,B,new,35,06 segundos brmg-26-gt M-n-20db,brmg-26,natural,5,8431.9
P58,B,new,36,06 segundos brpr-13-gt F-n-20db,brpr-13,natural,4,8441.8
P58,B,new,37,06 segundos brpr-19-gt F-n-20db,brpr-19,natural,5,8334.1
P58,B,new,38,06 segundos brsp-25-gt M-n-20db,brsp-25,natural,4,8768.7
P58,B,new,39,07 segundos brce-22-gt M-n-20db,brce-22,natural,5,8571.3
P58,B,new,40,07 segundos brmg-22-gt F-n-20db,brmg-22,natural,5,8700.3
P58,B,new,41,07 segundos brpr-20-gt F-n-20db,brpr-20,natural,5,8598.4
P58,B,new,42,07 segundos brpr-27-gt F-n-20db,brpr-27,natural,5,8623.0
P58,B,new,43,08 segundos brce-20-gt M-n-20db,brce-20,natural,5,10537.2
P58,B,new,44,08 segundos brpr-28-gt F-n-20db,brpr-28,natural,5,11034.5
P58,B,new,45,08 segundos brrj-26-gt M-n-20db,brrj-26,natural,4,10585.0
P58,B,new,46,08 segundos brrs-29-gt F-n-20db,brrs-29,natural,5,11263.6
P58,B,new,47,09 segundos brba-22-gt M-n-20db,brba-22,natural,5,11073.0
P58,B,new,48,09 segundos brmg-29-gt M-n-20db,brmg-29,natural,4,11050.5
P58,B,new,49,09 segundos brpr-24-gt F-n-20db,brpr-24,natural,5,11777.7
P58,B,new,50,10 segundos brce-29-gt M-n-20db,brce-29,natural,4,11829.9
P58,B,new,51,10 segundos brgo-28-gt M-n-20db,brgo-28,natural,5,11929.3
P58,B,new,52,10 segundos brpe-22-gt M-n-20db,brpe-22,natural,5,12138.0
P58,B,new,53,10 segundos brpr-29-gt F-n-20db,brpr-29,natural,5,12662.3
P58,B,new,54,11 segundos brpe-20-gt M-n-20db,brpe-20,natural,5,12554.6
P58,B,new,55,11 segundos brpr-25-gt F-n-20db,brpr-25,natural,5,14019.8
P58,B,new,56,12 segundos brpb-28-gt M-n-20db,brpb-28,natural,5,14601.1
P58,B,new,57,12 segundos brpr-21-gt F-n-20db,brpr-21,natural,5,13783.5
P58,B,new,58,13 segundos brpb-20-gt M-n-20db,brpb-20,natural,5,16520.4
P58,B,new,59,14 segundos brrs-24-gt M-n-20db,brrs-24,natural,5,15923.0
P58,B,new,60,17 segundos brrs-21-gt F-n-20db,brrs-21,natural,4,18824.1
P59,B,new,1,02 segundos brce-26-syntacc-295Ksteps M-n-20db,brce-26,synthetic,5,8003.4
P59,B,new,2,02 segundos brrs-10-syntacc-295Ksteps F-n-20db,brrs-10,synthetic,4,10052.0
P59,B,new,3,02 segundos brsp-11-syntacc-295Ksteps M-n-20db,brsp-11,synthetic,2,4304.0
P59,B,new,4,02 segundos brsp-13-syntacc-295Ksteps F-n-20db,brsp-13,synthetic,2,6467.7
P59,B,new,5,02 segundos brsp-22-syntacc-295Ksteps M-n-20db,brsp-22,synthetic,3,5988.2
P59,B,new,6,02 segundos brsp-24-syntacc-295Ksteps M-n-20db,brsp-24,synthetic,2,69423.4
P59,B,new,7,03 segundos bral-20-syntacc-295Ksteps M-n-20db,bral-20,synthetic,4,9820.4
P59,B,new,8,03 segundos bral-23-syntacc-295Ksteps M-n-20db,bral-23,synthetic,1,4731.6
P59,B,new,9,03 segundos bral-26-syntacc-295Ksteps M-n-20db,bral-26,synthetic,2,7423.4
P59,B,new,10,03 segundos brba-21-syntacc-295Ksteps M-n-20db,brba-21,synthetic,1,6560.5
P59,B,new,11,03 segundos brba-24-syntacc-295Ksteps M-n-20db,brba-24,synthetic,4,5129.4
P59,B,new,12,03 segundos brpb-22-syntacc-295Ksteps M-n-20db,brpb-22,synthetic,4,5770.7
P59,B,new,13,03 segundos brpe-26-syntacc-295Ksteps M-n-20db,brpe-26,synthetic,3,13897.1
P59,B,new,14,03 segundos brpe-28-syntacc-295Ksteps M-n-20db,brpe-28,synthetic,1,5728.1
P59,B,new,15,03 segundos brpe-29-syntacc-295Ksteps M-n-20db,brpe-29,synthetic,1,4072.0
P59,B,new,16,03 segundos brpr-18-syntacc-295Ksteps F-n-20db,brpr-18,synthetic,3,7983.2
P59,B,new,17,03 segundos brrs-14-syntacc-295Ksteps F-n-20db,brrs-14,synthetic,2,4907.5
P59,B,new,18,03 segundos brrs-16-syntacc-295Ksteps F-n-20db,brrs-16,synthetic,4,8051.5
P59,B,new,19,03 segundos brrs-18-syntacc-295Ksteps F-n-20db,brrs-18,synthetic,3,9225.6
P59,B,new,20,03 segundos brrs-20-syntacc-295Ksteps F-n-20db,brrs-20,synthetic,3,5072.3
P59,B,new,21,03 segundos brrs-23-syntacc-295Ksteps F-n-20db,brrs-23,synthetic,4,5139.8
P59,B,new,22,03 segundos brrs-25-syntacc-295Ksteps M-n-20db,brrs-25,synthetic,1,7523.1
P59,B,new,23,03 segundos brrs-28-syntacc-295Ksteps M-n-20db,brrs-28,synthetic,2,7221.9
P59,B,new,24,03 segundos brsp-10-syntacc-295Ksteps M-n-20db,brsp-10,synthetic,2,9771.6
P59,B,new,25,03 segundos brsp-28-syntacc-295Ksteps F-n-20db,brsp-28,synthetic,4,7389.2
P59,B,new,26,04 segundos bral-22-syntacc-295Ksteps M-n-20db,bral-22,synthetic,1,10121.0
P59,B,new,27,04 segundos brba-23-syntacc-295Ksteps F-n-20db,brba-23,synthetic,1,8600.3
P59,B,new,28,04 segundos brsp-29-syntacc-295Ksteps M-n-20db,brsp-29,synthetic,1,6296.2
P59,B,new,29,05 segundos brpr-10-gt F-n-20db,brpr-10,natural,5,6045.9
P59,B,new,30,05 segundos brpr-14-gt F-n-20db,brpr-14,natural,5,66633.2
P59,B,new,31,05 segundos brpr-15-gt F-n-20db,brpr-15,natural,5,7391.0
P59,B,new,32,05 segundos brpr-22-syntacc-295Ksteps F-n-20db,brpr-22,synthetic,3,10340.7
P59,B,new,33,05 segundos brrs-26-syntacc-295Ksteps F-n-20db,brrs-26,synthetic,2,8500.0
P59,B,new,34,06 segundos bral-24-gt M-n-20db,bral-24,natural,5,7488.7
P59,B,new,35,06 segundos brmg-26-gt M-n-20db,brmg-26,natural,5,41325.7
P59,B,new,36,06 segundos brpr-13-gt F-n-20db,brpr-13,natural,5,7001.9
P59,B,new,37,06 segundos brpr-19-gt F-n-20db,brpr-19,natural,5,7325.5
P59,B,new,38,06 segundos brsp-25-gt M-n-20db,brsp-25,natural,5,7557.3
P59,B,new,39,07 segundos brce-22-gt M-n-20db,brce-22,natural,5,8760.1
P59,B,new,40,07 segundos brmg-22-gt F-n-20db,brmg-22,natural,5,8723.8
P59,B,new,41,07 segundos brpr-20-gt F-n-20db,brpr-20,natural,5,8749.5
P59,B,new,42,07 segundos brpr-27-gt F-n-20db,brpr-27,natural,5,29291.1
P59,B,new,43,08 segundos brce-20-gt M-n-20db,brce-20,natural,5,9741.9
P59,B,new,44,08 segundos brpr-28-gt F-n-20db,brpr-28,natural,5,10127.1
P59,B,new,45,08 segundos brrj-26-gt M-n-20db,brrj-26,natural,5,9453.5
P59,B,new,46,08 segundos brrs-29-gt F-n-20db,brrs-29,natural,5,9524.9
P59,B,new,47,09 segundos brba-22-gt M-n-20db,brba-22,natural,5,10297.1
P59,B,new,48,09 segundos brmg-29-gt M-n-20db,brmg-29,natural,5,10410.7
P59,B,new,49,09 segundos brpr-24-gt F-n-20db,brpr-24,natural,5,11581.2
P59,B,new,50,10 segundos brce-29-gt M-n-20db,brce-29,natural,5,10608.5
P59,B,new,51,10 segundos brgo-28-gt M-n-20db,brgo-28,natural,5,10981.1
P59,B,new,52,10 segundos brpe-22-gt M-n-20db,brpe-22,natural,5,11117.7
P59,B,new,53,10 segundos brpr-29-gt F-n-20db,brpr-29,natural,5,10997.2
P59,B,new,54,11 segundos brpe-20-gt M-n-20db,brpe-20,natural,5,11708.2
P59,B,new,55,11 segundos brpr-25-gt F-n-20db,brpr-25,natural,5,12629.5
P59,B,new,56,12 segundos brpb-28-gt M-n-20db,brpb-28,natural,5,14164.7
P59,B,new,57,12 segundos brpr-21-gt F-n-20db,brpr-21,natural,5,12757.3
P59,B,new,58,13 segundos brpb-20-gt M-n-20db,brpb-20,natural,5,15806.0
P59,B,new,59,14 segundos brrs-24-gt M-n-20db,brrs-24,natural,5,14688.0
P59,B,new,60,17 segundos brrs-21-gt F-n-20db,brrs-21,natural,5,27924.2
P60,A,new,61,04 segundos brmg-26-syntacc-295Ksteps M-n-20db,brmg-26,synthetic,4,38376.0
P60,A,new,62,04 segundos brpr-14-syntacc-295Ksteps F-n-20db,brpr-14,synthetic,4,18711.0
P60,A,new,63,04 segundos brpr-15-syntacc-295Ksteps F-n-20db,brpr-15,synthetic,4,14968.0
P60,A,new,64,04 segundos brpr-19-syntacc-295Ksteps F-n-20db,brpr-19,synthetic,3,16185.0
P60,A,new,65,04 segundos brpr-20-syntacc-295Ksteps F-n-20db,brpr-20,synthetic,4,24240.0
P60,A,new,66,04 segundos brpr-27-syntacc-295Ksteps F-n-20db,brpr-27,synthetic,3,16880.0
P60,A,new,67,04 segundos brrs-10-gt F-n-20db,brrs-10,natural,3,22415.0
P60,A,new,68,04 segundos brrs-14-gt F-n-20db,brrs-14,natural,5,21384.0
P60,A,new,69,04 segundos brrs-16-gt F-n-20db,brrs-16,natural,5,12295.0
P60,A,new,70,04 segundos brrs-18-gt F-n-20db,brrs-18,natural,5,7071.0
P60,A,new,71,04 segundos brsp-10-gt M-n-20db,brsp-10,natural,5,10040.0
P60,A,new,72,04 segundos brsp-11-gt M-n-20db,brsp-11,natural,4,15184.0
P60,A,new,73,04 segundos brsp-13-gt F-n-20db,brsp-13,natural,3,27391.0
P60,A,new,74,04 segundos brsp-25-syntacc-295Ksteps M-n-20db,brsp-25,synthetic,2,15408.0
P60,A,new,75,05 segundos bral-20-gt M-n-20db,bral-20,natural,5,12521.0
P60,A,new,76,05 segundos bral-22-gt M-n-20db,bral-22,natural,5,7527.0
P60,A,new,77,05 segundos bral-23-gt M-n-20db,bral-23,natural,5,7224.0
P60,A,new,78,05 segundos bral-24-syntacc-295Ksteps M-n-20db,bral-24,synthetic,3,9088.0
P60,A,new,79,05 segundos brba-21-gt M-n-20db,brba-21,natural,5,13311.0
P60,A,new,80,05 segundos brce-22-syntacc-295Ksteps M-n-20db,brce-22,synthetic,1,7640.0
P60,A,new,81,05 segundos brce-26-gt M-n-20db,brce-26,natural,5,18855.0
P60,A,new,82,05 segundos brmg-22-syntacc-295Ksteps F-n-20db,brmg-22,synthetic,4,12999.0
P60,A,new,83,05 segundos brmg-29-syntacc-295Ksteps M-n-20db,brmg-29,synthetic,5,20497.0
P60,A,new,84,05 segundos brpb-22-gt M-n-20db,brpb-22,natural,5,7097.0
P60,A,new,85,05 segundos brpe-22-syntacc-295Ksteps M-n-20db,brpe-22,synthetic,4,39448.0
P60,A,new,86,05 segundos brpe-26-gt M-n-20db,brpe-26,natural,5,10070.0
P60,A,new,87,05 segundos brpe-29-gt M-n-20db,brpe-29,natural,5,7711.0
P60,A,new,88,05 segundos brpr-10-syntacc-295Ksteps F-n-20db,brpr-10,synthetic,3,11800.0
P60,A,new,89,05 segundos brpr-13-syntacc-295Ksteps F-n-20db,brpr-13,synthetic,2,26120.0
P60,A,new,90,05 segundos brpr-18-gt F-n-20db,brpr-18,natural,4,15798.0
P60,A,new,91,05 segundos brpr-28-syntacc-295Ksteps F-n-20db,brpr-28,synthetic,3,13761.0
P60,A,new,92,05 segundos brrj-26-syntacc-295Ksteps M-n-20db,brrj-26,synthetic,3,37951.0
P60,A,new,93,05 segundos brrs-25-gt M-n-20db,brrs-25,natural,5,7488.0
P60,A,new,94,05 segundos brrs-28-gt M-n-20db,brrs-28,natural,5,7215.0
P60,A,new,95,05 segundos brrs-29-syntacc-295Ksteps F-n-20db,brrs-29,synthetic,4,17833.0
P60,A,new,96,05 segundos brsp-22-gt M-n-20db,brsp-22,natural,5,15097.0
P60,A,new,97,05 segundos brsp-24-gt M-n-20db,brsp-24,natural,5,8022.0
P60,A,new,98,05 segundos brsp-28-gt F-n-20db,brsp-28,natural,5,9040.0
P60,A,new,99,06 segundos bral-26-gt M-n-20db,bral-26,natural,4,31819.0
P60,A,new,100,06 segundos brba-22-syntacc-295Ksteps M-n-20db,brba-22,synthetic,2,22880.0
P60,A,new,101,06 segundos brba-24-gt M-n-20db,brba-24,natural,4,21640.0
P60,A,new,102,06 segundos brce-20-syntacc-295Ksteps M-n-20db,brce-20,synthetic,1,8630.0
P60,A,new,103,06 segundos brpe-28-gt M-n-20db,brpe-28,natural,5,9193.0
P60,A,new,104,06 segundos brpr-24-syntacc-295Ksteps F-n-20db,brpr-24,synthetic,2,13649.0
P60,A,new,105,06 segundos brrs-20-gt F-n-20db,brrs-20,natural,5,15494.0
P60,A,new,106,07 segundos brba-23-gt F-n-20db,brba-23,natural,5,10807.0
P60,A,new,107,07 segundos brce-29-syntacc-295Ksteps M-n-20db,brce-29,synthetic,1,31167.0
P60,A,new,108,07 segundos brgo-28-syntacc-295Ksteps M-n-20db,brgo-28,synthetic,4,28113.0
P60,A,new,109,07 segundos brpe-20-syntacc-295Ksteps M-n-20db,brpe-20,synthetic,5,20262.0
P60,A,new,110,07 segundos brpr-21-syntacc-295Ksteps F-n-20db,brpr-21,synthetic,3,34168.0
P60,A,new,111,07 segundos brpr-29-syntacc-295Ksteps F-n-20db,brpr-29,synthetic,4,18329.0
P60,A,new,112,07 segundos brrs-23-gt F-n-20db,brrs-23,natural,4,38961.0
P60,A,new,113,08 segundos brpr-22-gt F-n-20db,brpr-22,natural,5,11743.0
P60,A,new,114,08 segundos brpr-25-syntacc-295Ksteps F-n-20db,brpr-25,synthetic,4,32952.0
P60,A,new,115,08 segundos brrs-21-syntacc-295Ksteps F-n-20db,brrs-21,synthetic,4,32688.0
P60,A,new,116,08 segundos brsp-27-syntacc-295Ksteps M-n-20db,brsp-27,synthetic,3,21504.0
P60,A,new,117,08 segundos brsp-29-gt M-n-20db,brsp-29,natural,5,11767.0
P60,A,new,118,09 segundos brpb-20-syntacc-295Ksteps M-n-20db,brpb-20,synthetic,3,22831.0
P60,A,new,119,09 segundos brrs-26-gt F-n-20db,brrs-26,natural,5,21417.0
P60,A,new,120,10 segundos brpb-28-syntacc-295Ksteps M-n-20db,brpb-28,synthetic,4,26897.0
P61,B,new,1,02 segundos brce-26-syntacc-295Ksteps M-n-20db,brce-26,synthetic,2,5591.2
P61,B,new,2,02 segundos brrs-10-syntacc-295Ksteps F-n-20db,brrs-10,synthetic,2,4170.3
P61,B,new,3,02 segundos brsp-11-syntacc-295Ksteps M-n-20db,brsp-11,synthetic,2,6432.1
P61,B,new,4,02 segundos brsp-13-syntacc-295Ksteps F-n-20db,brsp-13,synthetic,1,5542.4
P61,B,new,5,02 segundos brsp-22-syntacc-295Ksteps M-n-20db,brsp-22,synthetic,2,9632.9
P61,B,new,6,02 segundos brsp-24-syntacc-295Ksteps M-n-20db,brsp-24,synthetic,3,10684.0
P61,B,new,7,03 segundos bral-20-syntacc-295Ksteps M-n-20db,bral-20,synthetic,2,5027.9
P61,B,new,8,03 segundos bral-23-syntacc-295Ksteps M-n-20db,bral-23,synthetic,1,6456.7
P61,B,new,9,03 segundos bral-26-syntacc-295Ksteps M-n-20db,bral-26,synthetic,1,6141.7
P61,B,new,10,03 segundos brba-21-syntacc-295Ksteps M-n-20db,brba-21,synthetic,1,5159.1
P61,B,new,11,03 segundos brba-24-syntacc-295Ksteps M-n-20db,brba-24,synthetic,1,5606.4
P61,B,new,12,03 segundos brpb-22-syntacc-295Ksteps M-n-20db,brpb-22,synthetic,1,6372.8
P61,B,new,13,03 segundos brpe-26-syntacc-295Ksteps M-n-20db,brpe-26,synthetic,3,6441.2
P61,B,new,14,03 segundos brpe-28-syntacc-295Ksteps M-n-20db,brpe-28,synthetic,1,6349.0
P61,B,new,15,03 segundos brpe-29-syntacc-295Ksteps M-n-20db,brpe-29,synthetic,1,4654.4
P61,B,new,16,03 segundos brpr-18-syntacc-295Ksteps F-n-20db,brpr-18,synthetic,2,7460.8
P61,B,new,17,03 segundos brrs-14-syntacc-295Ksteps F-n-20db,brrs-14,synthetic,2,9028.6
P61,B,new,18,03 segundos brrs-16-syntacc-295Ksteps F-n-20db,brrs-16,synthetic,2,8243.4
P61,B,new,19,03 segundos brrs-18-syntacc-295Ksteps F-n-20db,brrs-18,synthetic,2,6766.5
P61,B,new,20,03 segundos brrs-20-syntacc-295Ksteps F-n-20db,brrs-20,synthetic,2,4859.3
P61,B,new,21,03 segundos brrs-23-syntacc-295Ksteps F-n-20db,brrs-23,synthetic,1,9462.2
P61,B,new,22,03 segundos brrs-25-syntacc-295Ksteps M-n-20db,brrs-25,synthetic,2,5791.3
P61,B,new,23,03 segundos brrs-28-syntacc-295Ksteps M-n-20db,brrs-28,synthetic,2,6618.4
P61,B,new,24,03 segundos brsp-10-syntacc-295Ksteps M-n-20db,brsp-10,synthetic,1,6356.5
P61,B,new,25,03 segundos brsp-28-syntacc-295Ksteps F-n-20db,brsp-28,synthetic,1,6084.7
P61,B,new,26,04 segundos bral-22-syntacc-295Ksteps M-n-20db,bral-22,synthetic,2,8951.2
P61,B,new,27,04 segundos brba-23-syntacc-295Ksteps F-n-20db,brba-23,synthetic,1,5916.4
P61,B,new,28,04 segundos brsp-29-syntacc-295Ksteps M-n-20db,brsp-29,synthetic,2,8029.2
P61,B,new,29,05 segundos brpr-10-gt F-n-20db,brpr-10,natural,5,9670.1
P61,B,new,30,05 segundos brpr-14-gt F-n-20db,brpr-14,natural,4,8098.4
P61,B,new,31,05 segundos brpr-15-gt F-n-20db,brpr-15,natural,4,8677.1
P61,B,new,32,05 segundos brpr-22-syntacc-295Ksteps F-n-20db,brpr-22,synthetic,2,7611.2
P61,B,new,33,05 segundos brrs-26-syntacc-295Ksteps F-n-20db,brrs-26,synthetic,1,8309.5
P61,B,new,34,06 segundos bral-24-gt M-n-20db,bral-24,natural,4,9678.9
P61,B,new,35,06 segundos brmg-26-gt M-n-20db,brmg-26,natural,3,8618.9
P61,B,new,36,06 segundos brpr-13-gt F-n-20db,brpr-13,natural,2,8218.5
P61,B,new,37,06 segundos brpr-19-gt F-n-20db,brpr-19,natural,4,9249.4
P61,B,new,38,06 segundos brsp-25-gt M-n-20db,brsp-25,natural,4,8516.9
P61,B,new,39,07 segundos brce-22-gt M-n-20db,brce-22,natural,4,10135.7
P61,B,new,40,07 segundos brmg-22-gt F-n-20db,brmg-22,natural,3,9319.8
P61,B,new,41,07 segundos brpr-20-gt F-n-20db,brpr-20,natural,4,8790.0
P61,B,new,42,07 segundos brpr-27-gt F-n-20db,brpr-27,natural,4,8509.4
P61,B,new,43,08 segundos brce-20-gt M-n-20db,brce-20,natural,4,10723.4
P61,B,new,44,08 segundos brpr-28-gt F-n-20db,brpr-28,natural,4,10873.6
P61,B,new,45,08 segundos brrj-26-gt M-n-20db,brrj-26,natural,3,10502.4
P61,B,new,46,08 segundos brrs-29-gt F-n-20db,brrs-29,natural,3,12834.4
P61,B,new,47,09 segundos brba-22-gt M-n-20db,brba-22,natural,4,11350.2
P61,B,new,48,09 segundos brmg-29-gt M-n-20db,brmg-29,natural,3,10829.9
P61,B,new,49,09 segundos brpr-24-gt F-n-20db,brpr-24,natural,4,11297.1
P61,B,new,50,10 segundos brce-29-gt M-n-20db,brce-29,natural,2,12723.8
P61,B,new,51,10 segundos brgo-28-gt M-n-20db,brgo-28,natural,3,12319.8
P61,B,new,52,10 segundos brpe-22-gt M-n-20db,brpe-22,natural,3,12160.4
P61,B,new,53,10 segundos brpr-29-gt F-n-20db,brpr-29,natural,4,14286.3
P61,B,new,54,11 segundos brpe-20-gt M-n-20db,brpe-20,natural,4,14167.0
P61,B,new,55,11 segundos brpr-25-gt F-n-20db,brpr-25,natural,4,13618.0
P61,B,new,56,12 segundos brpb-28-gt M-n-20db,brpb-28,natural,4,15670.6
P61,B,new,57,12 segundos brpr-21-gt F-n-20db,brpr-21,natural,5,13748.7
P61,B,new,58,13 segundos brpb-20-gt M-n-20db,brpb-20,natural,2,15711.9
P61,B,new,59,14 segundos brrs-24-gt M-n-20db,brrs-24,natural,5,16043.0
P61,B,new,60,17 segundos brrs-21-gt F-n-20db,brrs-21,natural,3,19779.7
